carat,cut,color,clarity,depth,table,price,x,y,z
0.41,Premium,G,VVS1,59.7,60.0,1074,4.83,4.85,2.89
1.04,Premium,F,VVS2,62.1,56.0,8610,6.54,6.48,4.04
1.04,Premium,G,VS2,60.1,59.0,6589,6.56,6.59,3.95
0.74,Fair,H,VS2,66.1,61.0,2553,5.6,5.57,3.69
0.45,Premium,F,VS2,61.4,60.0,945,4.93,4.87,3.01
1.5,Ideal,I,VVS2,60.3,57.0,10907,7.43,7.47,4.49
1.13,Very Good,E,SI2,63.4,59.0,5147,6.53,6.59,4.16
0.34,Very Good,D,SI1,62.0,59.0,626,4.42,4.48,2.76
1.35,Very Good,I,VS2,62.1,62.0,6961,6.97,7.05,4.35
1.02,Premium,G,VS2,59.8,58.0,6169,6.58,6.54,3.92
0.37,Premium,G,IF,59.8,58.0,1064,4.71,4.69,2.81
1.05,Ideal,H,SI2,61.8,58.0,4604,6.52,6.55,4.04
0.41,Ideal,F,VS1,61.9,57.0,1076,4.77,4.73,2.94
0.54,Good,H,VS1,63.2,58.0,1361,5.12,5.16,3.25
1.51,Ideal,J,VS2,61.1,57.0,8033,7.36,7.3,4.48
1.04,Ideal,G,SI2,63.1,55.0,4414,6.45,6.52,4.09
0.42,Ideal,G,VS1,61.2,54.0,984,4.86,4.82,2.96
0.36,Premium,D,SI2,61.2,59.0,537,4.56,4.59,2.8
0.74,Ideal,F,VVS2,61.5,55.0,3879,5.85,5.82,3.59
0.88,Premium,D,SI2,60.9,61.0,3390,6.16,6.13,3.74
0.52,Ideal,G,VVS2,61.0,56.0,2012,5.24,5.18,3.18
2.21,Ideal,D,SI2,62.0,57.0,16558,8.36,8.31,5.18
1.58,Ideal,I,VS2,61.1,55.0,10338,7.48,7.53,4.59
1.2,Ideal,I,VS1,59.3,57.0,5765,6.95,7.04,4.15
0.3,Premium,D,SI1,62.2,58.0,709,4.31,4.28,2.67
0.37,Premium,F,VS2,60.6,58.0,746,4.63,4.67,2.82
0.76,Very Good,I,SI1,57.5,62.0,2316,6.03,6.08,3.48
0.52,Ideal,D,SI2,62.5,56.0,1289,5.08,5.12,3.19
1.7,Premium,E,VS2,62.9,58.0,17323,7.57,7.54,4.75
0.71,Good,F,VS2,57.8,60.0,2801,5.9,5.87,3.4
1.04,Ideal,H,VS1,62.7,57.0,5577,6.42,6.46,4.04
0.7,Ideal,E,SI2,61.2,55.0,2239,5.76,5.68,3.5
0.5,Ideal,D,VS2,62.0,56.0,1628,5.1,5.13,3.17
0.7,Ideal,F,SI1,62.0,55.0,2415,5.72,5.7,3.54
0.31,Ideal,F,IF,62.3,54.0,921,4.33,4.34,2.7
0.35,Ideal,E,VS2,61.5,55.0,767,4.52,4.56,2.79
1.2,Premium,H,SI1,62.9,55.0,5975,6.77,6.74,4.25
1.4,Premium,F,VS2,61.5,60.0,10625,7.25,7.18,4.44
0.91,Good,F,SI2,56.9,62.0,2461,6.51,6.45,3.69
0.3,Ideal,F,VVS1,62.1,55.0,1114,4.32,4.31,2.68
0.34,Ideal,F,VVS1,62.0,56.0,967,4.45,4.49,2.77
1.18,Premium,G,VVS2,58.2,62.0,9188,6.92,6.89,4.02
1.25,Premium,I,VS1,60.4,59.0,6545,6.94,7.01,4.21
0.73,Ideal,E,SI1,62.8,57.0,2728,5.73,5.74,3.6
0.76,Ideal,I,VS2,61.8,56.0,3577,5.85,5.89,3.63
0.5,Good,D,SI2,58.5,64.0,1015,5.2,5.12,3.02
0.71,Very Good,E,VS2,62.9,55.0,2590,5.72,5.76,3.61
0.73,Ideal,J,VS1,62.0,53.0,2121,5.78,5.82,3.6
0.91,Very Good,E,VS2,61.6,58.0,4823,6.18,6.2,3.81
2.01,Premium,I,VS2,61.1,60.0,17592,8.12,8.06,4.94
0.73,Very Good,F,SI1,59.7,60.0,2473,5.83,5.9,3.5
2.48,Very Good,H,SI2,63.3,56.0,15746,8.6,8.55,5.43
1.02,Very Good,E,SI2,62.8,55.0,4398,6.4,6.43,4.03
0.54,Ideal,E,VS2,62.4,56.0,1765,5.23,5.19,3.25
0.55,Ideal,F,SI2,61.2,56.0,1175,5.23,5.29,3.22
1.01,Fair,E,SI2,67.4,60.0,2797,6.19,6.05,4.13
0.25,Ideal,F,VS1,61.8,56.0,595,4.07,4.09,2.52
0.5,Good,E,SI1,63.7,56.0,1316,5.02,5.06,3.21
0.54,Very Good,D,VS1,62.1,59.0,2004,5.18,5.19,3.22
0.32,Ideal,E,VS2,62.0,54.0,900,4.41,4.37,2.72
0.4,Ideal,G,SI1,61.3,56.0,701,4.73,4.76,2.91
0.75,Very Good,H,SI2,60.4,60.0,2106,5.89,5.93,3.57
1.0,Premium,E,SI1,61.9,60.0,5544,6.46,6.37,3.97
0.91,Premium,H,SI1,62.2,60.0,3669,6.22,6.16,3.85
1.23,Premium,G,SI2,62.1,58.0,4918,6.85,6.8,4.24
1.02,Premium,F,SI1,62.6,58.0,4455,6.42,6.36,4.0
1.07,Very Good,E,SI2,61.7,58.0,5304,6.54,6.56,4.04
1.01,Premium,E,VS2,62.0,59.0,6666,6.44,6.46,4.0
0.31,Premium,H,VVS1,61.9,58.0,907,4.34,4.32,2.68
0.32,Very Good,G,IF,62.1,53.0,918,4.4,4.45,2.75
0.83,Ideal,G,SI1,62.1,57.0,3044,6.03,5.95,3.72
2.3,Ideal,H,SI2,62.6,57.0,14215,8.4,8.35,5.25
0.31,Very Good,G,SI1,62.8,55.0,462,4.32,4.38,2.73
1.51,Very Good,H,SI1,60.6,59.0,10331,7.41,7.45,4.5
1.5,Very Good,F,VS2,63.9,57.0,13037,7.16,7.23,4.6
1.36,Good,F,SI1,57.5,60.0,7197,7.36,7.31,4.22
0.3,Premium,F,VS2,62.8,58.0,776,4.28,4.25,2.68
1.01,Very Good,D,SI2,59.7,58.0,4564,6.55,6.61,3.93
0.74,Premium,E,VS1,61.1,58.0,3401,5.84,5.81,3.56
0.32,Ideal,H,VS1,61.1,56.0,561,4.44,4.46,2.72
1.23,Very Good,H,SI1,62.3,58.0,6542,6.79,6.83,4.24
0.57,Ideal,F,VS2,62.1,55.0,1760,5.35,5.31,3.31
1.19,Premium,H,VS2,62.6,56.0,6198,6.81,6.76,4.25
1.02,Good,D,SI2,64.1,58.0,4459,6.25,6.32,4.03
0.52,Ideal,G,VVS2,62.3,56.0,1906,5.15,5.18,3.22
0.76,Very Good,G,SI2,62.0,57.0,2422,5.82,5.86,3.62
0.41,Ideal,E,SI1,62.6,57.0,755,4.72,4.73,2.96
0.71,Good,I,VS1,64.2,56.0,2161,5.62,5.66,3.62
1.0,Premium,F,SI1,62.6,60.0,5197,6.3,6.32,3.95
0.7,Very Good,E,VS2,61.8,59.0,2952,5.63,5.67,3.49
0.7,Ideal,H,SI1,61.9,57.0,2107,5.66,5.69,3.51
0.71,Very Good,F,SI2,63.6,56.0,2098,5.58,5.67,3.58
1.37,Premium,G,VS2,61.6,59.0,7951,7.11,7.04,4.36
0.39,Premium,F,VVS1,59.7,58.0,1232,4.73,4.75,2.83
0.47,Ideal,I,VVS1,61.0,56.0,1050,5.02,5.04,3.07
0.77,Ideal,I,SI2,61.6,57.0,2425,5.87,5.92,3.63
1.05,Very Good,G,VVS2,59.8,60.0,7667,6.54,6.61,3.93
0.32,Ideal,G,VVS2,62.1,57.0,936,4.42,4.4,2.74
1.0,Fair,D,SI2,64.5,54.0,4312,6.34,6.28,4.07
0.41,Premium,E,SI2,62.9,58.0,876,4.77,4.74,2.99
1.69,Ideal,H,I1,62.0,56.0,6636,7.61,7.66,4.73
1.44,Very Good,D,VS2,63.1,56.0,10967,7.15,7.12,4.5
1.07,Ideal,E,VS2,61.8,58.0,7240,6.53,6.61,4.06
0.49,Fair,D,VS2,57.5,68.0,1249,5.18,5.11,2.96
0.27,Ideal,E,VVS2,61.9,56.0,760,4.16,4.19,2.58
0.5,Very Good,D,SI1,63.4,56.0,1354,5.01,5.06,3.19
1.01,Premium,F,SI1,59.1,59.0,4989,6.56,6.5,3.86
1.96,Premium,H,SI2,60.4,62.0,9769,7.96,7.9,4.79
0.43,Premium,G,VS2,61.2,58.0,867,4.84,4.9,2.98
1.52,Ideal,G,VS2,61.5,56.0,13153,7.38,7.45,4.56
0.45,Ideal,G,SI1,61.6,54.0,831,4.96,4.98,3.06
0.58,Ideal,D,VS1,61.4,57.0,2067,5.41,5.34,3.3
1.21,Ideal,E,VS2,60.3,60.0,9449,6.92,6.88,4.16
0.24,Very Good,F,VVS2,62.2,58.0,552,3.97,4.01,2.48
1.14,Ideal,F,VS1,61.1,55.0,8953,6.74,6.78,4.13
0.4,Premium,F,VS1,60.3,60.0,1050,4.81,4.77,2.89
2.01,Fair,G,SI2,65.0,60.0,13721,7.8,7.73,5.05
1.22,Ideal,H,VVS2,61.7,56.0,9366,6.83,6.87,4.23
0.44,Ideal,E,VS2,61.5,56.0,1003,4.9,4.92,3.02
0.54,Ideal,G,VVS2,60.6,56.0,1985,5.26,5.27,3.19
0.55,Ideal,E,VS1,62.2,55.0,2079,5.26,5.22,3.26
0.55,Very Good,H,VS2,60.2,59.0,1327,5.36,5.24,3.19
1.05,Very Good,E,I1,62.2,61.0,3234,6.48,6.51,4.04
0.51,Very Good,H,VS2,60.1,59.8,1328,5.14,5.19,3.1
0.7,Very Good,F,VS2,62.3,58.0,2812,5.64,5.72,3.54
0.32,Ideal,F,VS1,62.0,54.0,876,4.44,4.43,2.75
1.51,Premium,D,SI1,62.5,60.0,11760,7.27,7.23,4.54
0.63,Ideal,E,VVS2,61.6,57.0,2697,5.52,5.49,3.39
1.11,Premium,H,SI1,62.8,61.0,5315,6.63,6.56,4.14
1.5,Premium,H,VS1,61.1,58.0,11007,7.46,7.37,4.53
0.58,Premium,I,VVS1,62.6,59.0,1758,5.31,5.27,3.31
2.08,Premium,H,I1,61.7,57.0,6150,8.23,8.18,5.06
0.41,Premium,E,VS2,59.8,60.0,999,4.87,4.83,2.9
0.32,Very Good,E,SI1,63.1,56.0,672,4.37,4.34,2.75
0.81,Ideal,D,SI1,62.0,56.0,3852,5.97,6.0,3.71
0.73,Very Good,D,VS2,60.5,59.0,3411,5.76,5.84,3.51
0.42,Very Good,F,VS1,59.8,57.0,921,4.85,4.89,2.91
0.4,Ideal,G,VVS1,61.2,56.0,1059,4.74,4.8,2.92
1.0,Ideal,E,VS2,62.5,57.0,7177,6.38,6.45,4.01
0.39,Very Good,G,VS1,60.3,59.0,790,4.71,4.77,2.86
0.5,Very Good,E,SI1,59.4,60.0,1293,5.14,5.16,3.06
0.35,Ideal,D,VVS2,61.6,54.0,945,4.55,4.57,2.81
0.32,Premium,H,VS2,62.7,58.0,605,4.35,4.33,2.72
1.0,Ideal,F,SI2,62.7,57.0,4155,6.34,6.29,3.96
1.01,Very Good,H,SI1,60.2,60.0,4617,6.5,6.48,3.91
0.54,Ideal,E,SI2,60.7,56.0,1340,5.3,5.25,3.2
1.04,Premium,H,SI1,62.1,56.0,4316,6.48,6.41,4.01
1.01,Very Good,I,SI1,63.2,55.0,3676,6.4,6.32,4.02
0.71,Premium,F,SI1,62.3,60.0,2458,5.68,5.65,3.53
0.31,Ideal,H,VS2,62.2,53.0,628,4.43,4.38,2.74
0.4,Very Good,H,VVS2,63.2,55.0,1125,4.73,4.7,2.98
1.53,Ideal,G,VVS1,61.8,55.0,15992,7.43,7.45,4.59
1.0,Premium,F,SI1,59.0,59.0,4144,6.55,6.5,3.85
0.41,Premium,E,VVS1,60.7,58.0,1367,4.8,4.86,2.93
0.73,Very Good,E,SI2,63.3,57.0,2409,5.72,5.69,3.61
0.72,Ideal,G,SI2,62.1,54.0,2079,5.77,5.82,3.6
0.4,Premium,E,VS1,61.2,59.0,1125,4.76,4.72,2.9
1.0,Fair,G,VS1,64.4,56.0,5908,6.31,6.26,4.05
1.02,Ideal,H,I1,62.1,56.0,3987,6.45,6.4,3.99
0.3,Ideal,F,VS2,62.1,53.6,601,4.28,4.31,2.67
0.92,Very Good,I,SI1,63.3,58.0,3323,6.18,6.14,3.9
0.45,Fair,F,VS2,64.2,58.0,1037,4.9,4.75,3.1
0.6,Very Good,H,VS2,64.2,57.0,1597,5.27,5.32,3.4
0.9,Good,G,VS2,63.9,61.0,3792,6.01,5.97,3.83
0.9,Premium,J,SI2,62.7,57.0,2717,6.09,6.06,3.8
1.0,Very Good,I,SI1,63.1,58.0,4149,6.3,6.35,3.99
2.07,Premium,E,SI2,58.9,61.0,13786,8.45,8.35,4.95
0.4,Ideal,E,VS1,61.3,56.0,1252,4.76,4.8,2.93
0.59,Very Good,D,VVS2,60.6,59.0,2933,5.44,5.49,3.31
1.02,Premium,E,SI1,61.5,58.0,5278,6.51,6.46,3.99
1.16,Premium,H,SI1,62.8,57.0,5702,6.73,6.67,4.21
0.33,Ideal,H,IF,61.6,55.0,820,4.44,4.47,2.74
0.71,Ideal,I,VS1,62.1,56.0,2327,5.72,5.68,3.54
0.33,Premium,I,VS2,61.1,59.0,463,4.4,4.44,2.7
1.01,Premium,F,SI2,60.9,60.0,3297,6.45,6.42,3.91
0.31,Premium,E,VS2,61.6,59.0,872,4.35,4.32,2.67
0.56,Ideal,H,VS1,61.6,56.0,1949,5.31,5.34,3.28
0.41,Good,E,SI1,63.6,58.0,904,4.74,4.72,3.01
0.81,Very Good,G,SI2,62.7,56.0,2649,5.91,5.96,3.72
0.31,Ideal,I,IF,60.9,57.0,635,4.39,4.44,2.69
0.9,Premium,G,SI1,60.1,59.0,3326,6.25,6.2,3.74
2.03,Premium,G,VS2,59.6,60.0,18680,8.27,8.21,4.91
0.91,Very Good,G,VS2,62.3,59.0,5484,6.13,6.17,3.83
0.75,Very Good,E,SI1,62.4,57.0,2517,5.79,5.85,3.63
0.7,Good,I,VS1,64.3,58.0,2271,5.56,5.61,3.59
1.0,Very Good,G,SI1,61.0,56.7,5522,6.44,6.47,3.94
0.58,Ideal,E,VS2,61.8,57.0,1903,5.32,5.36,3.3
1.21,Premium,H,VS2,60.8,62.0,5461,6.82,6.78,4.13
0.7,Ideal,D,VS1,62.5,57.0,3361,5.65,5.68,3.54
0.41,Premium,D,SI2,62.3,58.0,683,4.73,4.77,2.96
0.33,Ideal,F,VS2,61.2,54.0,666,4.47,4.49,2.74
0.29,Very Good,F,VVS1,62.3,58.0,664,4.22,4.25,2.64
0.32,Ideal,E,VS1,61.6,57.0,972,4.39,4.35,2.69
0.7,Fair,F,I1,70.8,56.0,992,5.38,5.33,3.79
0.41,Good,J,IF,63.5,54.0,827,4.7,4.75,3.0
0.34,Ideal,E,VVS2,60.8,58.0,838,4.51,4.53,2.75
1.0,Very Good,F,VS1,61.9,58.0,7450,6.34,6.37,3.94
0.31,Ideal,F,VS2,61.8,56.0,802,4.37,4.33,2.69
1.25,Ideal,I,SI1,61.0,56.0,6352,6.97,7.02,4.27
1.01,Good,E,SI1,58.1,59.0,5627,6.57,6.65,3.84
0.32,Ideal,E,IF,61.2,57.0,1300,4.4,4.43,2.7
0.42,Premium,G,VS2,60.6,58.0,847,4.83,4.88,2.94
0.6,Ideal,I,SI1,62.1,55.0,1390,5.39,5.42,3.35
0.71,Premium,I,SI1,61.7,56.0,1774,5.73,5.71,3.53
0.52,Ideal,G,VVS2,61.2,55.0,1878,5.22,5.2,3.19
0.32,Ideal,F,VS2,61.1,57.0,645,4.4,4.44,2.7
0.31,Ideal,D,VVS2,61.9,56.0,779,4.32,4.37,2.69
0.4,Very Good,F,SI1,62.3,57.0,737,4.67,4.74,2.93
0.31,Ideal,E,VS2,60.5,56.0,680,4.38,4.41,2.66
1.24,Ideal,G,VVS1,62.3,56.0,10724,6.86,6.89,4.28
0.91,Premium,G,SI2,60.1,62.0,3047,6.24,6.2,3.73
1.51,Premium,G,SI1,62.4,62.0,10688,7.25,7.12,4.48
0.42,Premium,E,VS1,59.5,59.0,1105,4.86,4.88,2.9
0.5,Premium,G,VS1,59.9,59.0,1624,5.12,5.16,3.08
2.0,Good,E,SI2,57.7,61.0,17760,8.31,8.19,4.76
1.01,Good,G,SI1,63.2,59.0,5021,6.32,6.36,4.01
0.33,Ideal,F,IF,61.8,55.0,1028,4.47,4.49,2.77
0.28,Ideal,D,VVS2,61.1,55.0,827,4.23,4.28,2.6
0.32,Very Good,G,VS2,60.1,61.0,524,4.41,4.44,2.66
0.3,Ideal,G,VVS2,62.9,55.0,878,4.32,4.3,2.71
0.95,Premium,F,SI2,58.4,57.0,2867,6.49,6.41,3.77
1.7,Ideal,H,SI2,61.2,56.0,9444,7.71,7.64,4.7
0.31,Premium,H,IF,61.0,58.0,1046,4.38,4.34,2.66
0.51,Ideal,G,VS1,62.2,55.0,1781,5.14,5.11,3.19
0.4,Ideal,H,SI1,62.0,56.0,855,4.74,4.68,2.92
2.05,Premium,I,VS1,60.3,59.0,12766,8.25,8.21,4.96
0.33,Very Good,G,VVS1,61.2,57.0,795,4.47,4.5,2.74
1.01,Premium,D,SI1,61.8,60.0,5543,6.37,6.35,3.93
0.43,Ideal,I,VS2,61.8,55.0,716,4.85,4.89,3.01
1.23,Ideal,G,VVS2,60.3,57.0,10304,6.98,6.97,4.21
0.4,Ideal,I,VS2,62.3,54.0,667,4.74,4.77,2.96
0.34,Good,H,SI1,63.7,57.0,628,4.45,4.44,2.83
1.24,Ideal,F,VS1,62.2,55.0,9333,6.89,6.87,4.28
0.73,Ideal,D,VVS2,62.2,56.0,4252,5.79,5.73,3.58
0.9,Ideal,G,VS2,61.7,56.0,4773,6.19,6.26,3.84
0.41,Premium,F,VS2,61.6,59.0,863,4.74,4.77,2.93
1.21,Very Good,I,VS1,61.2,58.0,5866,6.85,6.91,4.21
0.38,Ideal,E,VS1,61.6,56.0,1069,4.66,4.62,2.86
0.35,Good,E,SI2,64.0,55.0,588,4.49,4.45,2.86
0.42,Premium,I,SI2,61.5,59.0,552,4.78,4.84,2.96
1.01,Premium,E,SI2,61.8,61.0,3801,6.35,6.29,3.9
0.79,Very Good,I,SI1,62.5,57.0,2425,5.89,5.91,3.69
1.5,Fair,H,SI2,64.6,59.0,6250,7.2,7.11,4.62
2.21,Ideal,G,SI2,60.2,60.0,18128,8.38,8.47,5.07
0.4,Very Good,I,VS1,61.7,57.0,741,4.71,4.73,2.91
0.54,Ideal,E,VS2,61.9,57.0,1847,5.23,5.2,3.23
0.26,Very Good,E,SI1,62.0,54.0,384,4.08,4.11,2.54
1.21,Premium,I,VS1,61.9,58.0,5739,6.76,6.81,4.2
0.27,Very Good,G,VVS2,62.1,56.0,504,4.14,4.18,2.58
0.35,Premium,F,VS2,62.0,59.0,906,4.55,4.51,2.81
0.3,Ideal,F,VVS1,61.6,57.0,1041,4.33,4.34,2.67
2.1,Premium,I,VS2,60.7,61.0,14394,8.28,8.27,5.02
2.28,Very Good,H,SI2,63.3,54.0,12907,8.36,8.29,5.27
0.52,Very Good,G,VS1,60.2,57.0,1618,5.22,5.26,3.15
1.01,Very Good,E,SI1,63.1,57.0,5973,6.4,6.37,4.03
1.04,Very Good,D,VS2,63.1,54.0,7679,6.44,6.53,4.09
1.11,Fair,H,SI1,65.7,61.0,5178,6.42,6.39,4.21
1.01,Fair,H,SI1,64.5,59.0,3869,6.27,6.23,4.03
0.52,Very Good,I,SI1,60.3,61.0,1041,5.14,5.2,3.12
0.77,Ideal,F,SI1,61.9,57.0,2642,5.88,5.91,3.65
0.31,Premium,G,VS1,61.8,59.0,802,4.35,4.32,2.68
0.31,Premium,E,VVS1,58.9,59.0,969,4.48,4.41,2.62
0.3,Very Good,I,VS1,60.8,59.0,473,4.3,4.32,2.62
0.48,Very Good,E,VS1,59.1,62.0,1616,5.14,5.18,3.05
1.53,Good,H,I1,62.3,55.6,6361,7.34,7.38,4.59
1.02,Ideal,J,SI1,62.8,54.0,3856,6.46,6.43,4.05
0.48,Premium,F,SI1,60.6,62.0,1110,5.06,5.0,3.05
1.43,Very Good,D,SI1,63.5,56.0,9450,7.24,7.09,4.55
1.04,Ideal,H,SI2,62.0,57.0,3669,6.53,6.43,4.02
0.72,Fair,G,VS2,64.6,55.0,2306,5.66,5.71,3.67
0.9,Very Good,D,VS1,63.0,56.0,5757,6.13,6.18,3.88
0.32,Ideal,H,VS2,62.5,55.0,648,4.42,4.38,2.75
0.32,Ideal,D,VS2,61.3,57.0,713,4.44,4.46,2.73
1.03,Ideal,I,VS1,60.9,56.0,5206,6.52,6.59,3.99
0.41,Ideal,D,SI1,61.0,57.0,791,4.78,4.8,2.92
1.07,Ideal,D,VS2,62.5,57.0,8202,6.48,6.51,4.06
0.31,Ideal,D,VS2,62.2,56.0,734,4.32,4.36,2.7
0.31,Ideal,G,VS2,61.6,55.0,544,4.37,4.39,2.7
1.01,Good,E,SI1,62.6,61.0,4743,6.38,6.43,4.01
1.57,Premium,E,VS1,61.4,58.0,17175,7.44,7.48,4.58
0.91,Good,H,SI1,58.2,59.0,3855,6.36,6.4,3.71
1.27,Very Good,I,VS2,62.6,59.0,6007,6.86,6.95,4.32
0.7,Ideal,G,VS1,60.6,57.0,2535,5.75,5.7,3.47
1.5,Very Good,E,SI1,59.3,60.0,12247,7.4,7.5,4.42
0.71,Premium,F,VS1,61.8,59.0,2790,5.73,5.69,3.53
1.2,Very Good,F,VS2,62.9,57.0,9331,6.78,6.71,4.24
0.28,Very Good,F,VS1,62.1,59.0,487,4.16,4.21,2.6
1.54,Premium,I,SI2,62.4,59.0,6640,7.33,7.35,4.58
0.4,Good,D,VS2,61.2,62.0,827,4.7,4.75,2.89
1.12,Ideal,F,VVS2,61.4,57.0,9634,6.69,6.66,4.1
0.4,Ideal,H,VVS2,61.4,55.7,905,4.72,4.77,2.92
0.91,Premium,D,SI2,61.1,60.0,4123,6.24,6.29,3.83
0.3,Very Good,I,SI1,62.5,57.0,382,4.27,4.3,2.68
0.5,Ideal,F,VVS2,62.2,54.0,2052,5.09,5.11,3.17
0.56,Ideal,F,VS1,61.7,54.0,1915,5.28,5.32,3.27
1.43,Very Good,H,SI1,61.7,59.0,8654,7.23,7.29,4.48
0.51,Ideal,G,VVS2,61.5,57.0,1974,5.18,5.13,3.17
2.13,Ideal,H,SI1,62.2,55.0,18275,8.2,8.27,5.12
0.31,Good,G,VS1,63.2,57.0,625,4.28,4.33,2.72
0.9,Premium,G,SI1,62.6,62.0,3669,6.08,6.06,3.8
1.0,Very Good,E,SI2,63.3,55.0,4390,6.29,6.25,3.97
1.52,Ideal,H,SI1,61.5,58.0,10589,7.4,7.36,4.54
1.01,Very Good,E,SI1,62.6,57.0,4912,6.36,6.41,4.0
1.01,Premium,E,VS2,59.2,59.0,7287,6.67,6.6,3.93
1.22,Premium,H,VS2,61.4,62.0,5944,6.92,6.76,4.22
0.7,Very Good,E,SI1,59.4,63.0,2481,5.79,5.73,3.42
2.01,Ideal,H,SI1,62.1,56.0,14725,8.11,8.08,5.03
0.3,Ideal,E,VS2,62.2,56.0,658,4.28,4.3,2.67
0.58,Ideal,F,SI1,59.9,56.0,1442,5.41,5.47,3.26
1.01,Good,G,SI1,64.2,56.0,4138,6.38,6.26,4.05
1.01,Good,F,SI1,63.7,57.0,4989,6.4,6.35,4.06
0.78,Ideal,E,VS2,61.1,55.0,3713,5.99,5.96,3.65
0.72,Good,J,SI1,60.1,64.0,1663,5.83,5.75,3.48
1.52,Premium,D,SI1,59.5,61.0,12823,7.5,7.43,4.44
0.9,Good,I,IF,63.7,64.0,3669,6.07,6.02,3.85
0.29,Ideal,F,VS1,61.6,56.0,555,4.26,4.31,2.64
1.59,Ideal,G,VVS2,62.6,55.0,15823,7.47,7.44,4.67
1.01,Ideal,G,SI2,61.5,57.0,4299,6.5,6.42,3.97
0.32,Premium,G,IF,61.0,59.0,952,4.41,4.38,2.68
0.41,Very Good,G,SI1,63.4,57.0,861,4.73,4.7,2.99
1.52,Premium,H,SI2,62.6,60.0,6086,7.34,7.3,4.58
0.54,Ideal,G,VS1,62.2,56.0,1637,5.19,5.23,3.24
1.0,Very Good,E,SI1,63.3,57.0,5051,6.3,6.36,4.01
0.9,Good,F,VS2,60.0,58.0,4655,6.21,6.26,3.74
1.5,Very Good,I,VS1,62.7,59.0,9519,7.19,7.26,4.53
0.5,Premium,F,VS2,61.9,56.0,1654,5.13,5.08,3.16
0.9,Fair,G,SI1,65.4,57.0,3145,6.04,5.95,3.92
0.81,Ideal,E,VS1,61.6,55.0,4764,5.96,6.02,3.69
0.3,Very Good,G,VS1,62.4,58.0,605,4.22,4.24,2.64
1.34,Ideal,I,SI2,61.3,55.0,5778,7.16,7.12,4.38
0.71,Ideal,F,VVS2,61.6,56.0,4497,5.73,5.75,3.53
1.52,Fair,H,SI1,61.2,60.0,8818,7.39,7.29,4.49
1.1,Ideal,E,SI2,61.6,56.0,5174,6.64,6.61,4.08
1.51,Very Good,F,VS2,61.1,59.0,14165,7.32,7.37,4.49
0.91,Very Good,I,VS2,61.5,58.0,3994,6.2,6.23,3.82
1.01,Very Good,E,SI1,62.8,59.0,5416,6.41,6.45,4.04
1.09,Ideal,H,SI1,62.2,56.0,4871,6.59,6.56,4.09
0.7,Very Good,G,SI1,62.7,55.0,2281,5.63,5.66,3.54
0.85,Ideal,E,SI1,61.8,54.0,3167,6.1,6.14,3.78
0.58,Ideal,E,VS2,61.9,56.0,1670,5.34,5.38,3.32
2.0,Ideal,H,SI1,61.8,57.0,12654,8.05,8.01,4.96
0.59,Very Good,I,VVS1,62.8,58.0,1709,5.3,5.34,3.34
0.3,Ideal,G,VS2,61.0,57.0,484,4.33,4.36,2.65
1.26,Premium,G,VVS2,62.7,58.0,10302,6.95,6.86,4.33
0.73,Ideal,H,SI2,61.6,57.0,2260,5.79,5.81,3.57
1.2,Very Good,F,VS1,58.7,59.0,9574,6.89,7.07,4.1
1.75,Good,H,SI2,64.1,56.0,8385,7.59,7.55,4.85
0.81,Premium,H,VS1,61.7,58.0,3107,5.98,5.95,3.68
0.51,Very Good,F,VS1,63.3,59.0,1722,5.09,5.12,3.23
0.31,Premium,E,SI1,62.0,58.0,698,4.35,4.3,2.68
0.36,Ideal,D,SI1,60.6,56.0,794,4.63,4.58,2.79
0.72,Ideal,E,SI1,60.8,57.0,3409,5.77,5.8,3.52
1.51,Ideal,G,SI1,62.9,57.0,11255,7.3,7.27,4.58
0.59,Ideal,D,SI1,61.7,56.0,1671,5.39,5.43,3.34
0.9,Very Good,H,VVS2,63.5,55.0,4963,6.14,6.08,3.88
0.91,Very Good,F,VVS2,62.6,59.0,5733,6.1,6.16,3.84
1.22,Ideal,G,VS2,61.4,56.0,8213,6.88,6.9,4.23
0.42,Premium,F,VVS2,59.6,59.0,1221,4.86,4.83,2.89
0.9,Good,H,SI1,66.1,57.0,3282,5.94,5.99,3.94
1.52,Ideal,F,SI1,61.5,55.0,12477,7.44,7.41,4.57
0.3,Ideal,F,VS2,63.0,55.0,673,4.29,4.28,2.7
0.61,Ideal,D,VVS2,62.4,58.0,3036,5.38,5.42,3.37
0.71,Ideal,F,SI1,60.7,56.0,2770,5.77,5.8,3.51
0.55,Premium,F,VS2,59.0,58.0,1931,5.38,5.33,3.16
0.9,Very Good,H,VS1,63.0,59.0,4136,6.1,6.13,3.85
0.7,Very Good,G,SI1,61.8,56.0,2106,5.7,5.76,3.54
0.52,Ideal,D,VS2,61.8,56.0,1919,5.17,5.15,3.19
1.22,Very Good,I,VS2,59.6,58.0,6419,6.95,6.98,4.15
0.62,Ideal,F,VS1,61.9,55.0,2344,5.46,5.19,3.39
0.26,Ideal,G,SI1,62.0,54.0,394,4.08,4.11,2.54
0.41,Ideal,E,VVS2,61.9,56.0,1243,4.78,4.75,2.95
0.33,Premium,E,VS2,61.0,60.0,723,4.43,4.46,2.71
0.3,Ideal,G,VVS1,61.8,56.0,720,4.34,4.37,2.69
0.53,Ideal,D,VS2,61.2,56.0,1956,5.23,5.2,3.19
1.3,Ideal,H,VS2,62.9,56.0,5387,7.0,6.96,4.39
1.22,Ideal,G,VVS2,62.3,56.0,10038,6.81,6.84,4.25
1.0,Premium,G,VS2,63.0,59.0,5806,6.4,6.36,4.02
0.92,Ideal,E,VS1,62.6,57.0,5023,6.18,6.13,3.85
2.24,Ideal,F,SI2,60.3,59.0,17989,8.47,8.5,5.12
1.03,Ideal,E,SI1,62.0,55.0,5411,6.46,6.5,4.02
1.07,Ideal,E,SI2,61.7,57.0,4374,6.59,6.56,4.06
1.2,Premium,E,SI1,60.9,57.0,7274,6.86,6.8,4.16
0.32,Very Good,E,SI1,62.2,57.0,561,4.38,4.43,2.74
0.35,Very Good,H,VVS1,61.1,56.0,733,4.54,4.57,2.78
0.42,Ideal,H,VVS1,61.9,54.2,1094,4.8,4.82,2.98
0.54,Ideal,D,VS2,61.1,56.0,1993,5.29,5.25,3.22
0.55,Good,F,VS2,58.2,58.0,1624,5.42,5.46,3.16
0.72,Very Good,F,VS1,63.4,57.0,3264,5.68,5.7,3.61
0.9,Very Good,F,SI2,61.1,54.0,3519,6.27,6.29,3.84
1.11,Ideal,G,VS2,61.6,56.0,8400,6.62,6.65,4.09
0.29,Very Good,G,VVS1,62.0,55.0,607,4.27,4.29,2.65
0.9,Good,F,SI1,58.0,58.0,3699,6.24,6.28,3.63
1.06,Ideal,I,VS1,61.2,57.0,5651,6.59,6.56,4.03
0.55,Ideal,E,SI1,62.5,56.0,1609,5.21,5.25,3.27
2.32,Premium,J,VS2,62.4,57.0,17053,8.48,8.4,5.27
0.71,Ideal,E,VS2,62.2,57.0,3073,5.69,5.73,3.55
1.04,Very Good,H,SI1,62.2,57.0,4791,6.42,6.48,4.01
0.91,Very Good,D,SI1,62.8,58.0,5033,6.16,6.19,3.88
0.8,Very Good,E,SI1,63.1,56.0,3050,5.93,5.83,3.71
1.13,Premium,H,SI2,61.1,59.0,4619,6.73,6.65,4.09
0.33,Ideal,E,SI1,61.9,57.0,743,4.46,4.43,2.75
1.76,Ideal,I,SI2,61.2,55.0,9540,7.76,7.79,4.76
0.38,Premium,I,SI1,60.5,58.0,581,4.67,4.72,2.84
1.51,Good,J,SI2,58.1,64.0,6104,7.53,7.57,4.39
0.34,Ideal,D,VS2,62.0,54.0,805,4.48,4.52,2.79
1.0,Very Good,E,SI2,60.7,59.0,4311,6.38,6.44,3.89
1.7,Fair,H,SI2,64.5,55.0,9682,7.58,7.52,4.87
0.5,Very Good,F,IF,61.4,60.0,2238,5.07,5.1,3.12
0.75,Very Good,E,VVS1,62.3,57.0,4889,5.73,5.83,3.6
1.13,Premium,G,I1,61.2,58.0,3746,6.77,6.66,4.11
0.7,Fair,G,VS2,65.3,57.0,2338,5.58,5.47,3.61
0.42,Ideal,F,VVS2,61.1,57.0,1221,4.84,4.82,2.95
0.55,Ideal,D,SI2,61.3,57.0,1272,5.23,5.28,3.22
1.14,Very Good,F,I1,61.3,55.8,4050,6.74,6.76,4.13
0.25,Very Good,E,VVS1,62.9,59.0,576,3.99,4.02,2.52
1.71,Very Good,H,VS2,62.6,59.0,13445,7.54,7.58,4.73
0.71,Ideal,H,SI2,62.6,56.0,2376,5.65,5.75,3.57
0.31,Ideal,I,VS1,61.6,55.0,489,4.34,4.36,2.68
0.9,Very Good,D,SI1,63.4,53.0,4187,6.1,6.17,3.89
0.3,Premium,E,VS2,60.4,58.0,658,4.3,4.34,2.61
0.4,Very Good,F,SI1,63.3,57.0,798,4.68,4.73,2.98
0.31,Ideal,G,VVS2,62.4,54.0,687,4.37,4.38,2.73
0.27,Ideal,G,VS2,61.5,55.0,490,4.18,4.21,2.58
0.3,Ideal,G,VS1,61.1,56.0,673,4.36,4.35,2.66
0.91,Premium,F,SI2,58.2,61.0,3746,6.58,6.41,3.77
0.36,Ideal,G,VVS2,61.7,54.0,794,4.59,4.62,2.84
1.01,Fair,F,SI1,65.0,61.0,5131,6.29,6.23,4.07
0.5,Premium,D,SI1,62.2,59.0,1654,5.13,5.1,3.18
1.04,Very Good,D,VS1,60.8,58.0,6915,6.5,6.53,3.96
0.7,Ideal,E,VS2,62.0,57.0,3093,5.68,5.71,3.53
1.05,Fair,F,SI1,64.6,57.0,5186,6.39,6.33,4.11
0.53,Ideal,G,SI1,61.0,56.0,1284,5.23,5.26,3.2
0.3,Very Good,I,VVS1,63.1,57.0,709,4.29,4.27,2.7
0.71,Very Good,D,VS2,61.8,55.0,3084,5.72,5.74,3.54
0.45,Very Good,D,SI1,61.0,59.0,927,4.94,5.0,3.03
1.02,Ideal,H,SI2,60.7,57.0,4398,6.54,6.51,3.96
0.58,Ideal,G,SI2,61.5,55.0,1276,5.38,5.42,3.32
0.32,Very Good,J,SI1,63.2,56.0,480,4.36,4.31,2.74
0.72,Very Good,H,SI1,63.7,57.0,2168,5.66,5.7,3.62
0.73,Very Good,I,VS1,62.4,56.0,2288,5.72,5.76,3.58
1.03,Ideal,E,SI2,62.5,56.0,4522,6.48,6.45,4.04
0.4,Very Good,D,VS2,63.6,55.0,850,4.68,4.72,2.99
0.7,Fair,G,I1,67.3,59.0,956,5.51,5.45,3.69
0.63,Ideal,E,VS2,61.5,56.0,2513,5.48,5.54,3.39
0.43,Premium,G,VVS1,62.2,58.0,1207,4.78,4.83,2.99
0.7,Very Good,E,VS2,60.2,62.0,2843,5.71,5.75,3.45
1.07,Very Good,G,VS2,60.9,58.0,6355,6.56,6.6,4.01
0.54,Ideal,F,SI1,59.8,57.0,1369,5.31,5.29,3.17
0.3,Ideal,H,IF,62.1,55.0,789,4.27,4.3,2.66
0.36,Very Good,G,SI1,63.3,56.0,689,4.53,4.5,2.86
0.71,Ideal,D,VS2,59.9,57.0,3540,5.8,5.83,3.48
0.3,Ideal,E,VS2,61.6,55.0,658,4.31,4.33,2.66
1.25,Premium,J,VS1,62.2,58.0,5740,6.92,6.88,4.29
0.3,Ideal,G,VVS2,62.2,57.0,655,4.25,4.3,2.66
0.3,Premium,G,VS1,61.8,60.0,605,4.29,4.32,2.66
0.33,Ideal,D,VS2,62.5,55.0,1002,4.45,4.41,2.77
0.3,Ideal,J,VS1,59.7,57.0,506,4.4,4.37,2.62
1.01,Ideal,E,VS2,60.4,58.0,7900,6.49,6.52,3.93
2.1,Premium,G,SI2,62.6,56.0,15175,8.2,8.16,5.12
0.5,Ideal,D,VS1,61.9,55.0,1937,5.09,5.12,3.16
1.16,Premium,H,SI1,60.2,59.0,5480,6.84,6.77,4.1
0.72,Ideal,F,VVS1,61.0,56.0,4362,5.78,5.8,3.53
1.2,Good,E,SI1,64.0,61.0,7096,6.67,6.61,4.25
0.43,Very Good,G,VS1,58.4,60.0,817,4.95,4.98,2.9
0.56,Premium,E,VS2,58.8,59.0,1882,5.45,5.36,3.18
1.23,Ideal,I,SI1,62.1,57.0,6449,6.83,6.88,4.26
1.31,Premium,H,VS2,59.8,58.0,7732,7.19,7.09,4.27
0.31,Very Good,D,SI2,62.5,55.0,462,4.3,4.34,2.7
0.5,Good,H,VVS2,66.1,58.0,1214,4.87,4.9,3.23
0.52,Ideal,D,SI1,61.5,55.0,1720,5.22,5.19,3.2
1.17,Premium,H,SI2,62.7,56.0,4914,6.74,6.68,4.21
0.59,Premium,F,VS2,61.5,58.0,1769,5.45,5.41,3.34
0.33,Ideal,G,IF,61.3,57.0,1052,4.46,4.42,2.72
0.31,Ideal,G,VVS1,61.9,55.0,816,4.3,4.36,2.68
0.31,Very Good,G,VS1,60.4,59.0,542,4.37,4.41,2.65
0.53,Very Good,F,VVS2,61.4,57.0,2175,5.2,5.22,3.2
1.01,Very Good,F,VS2,62.3,59.0,6073,6.37,6.44,3.99
0.71,Ideal,H,VVS1,60.8,56.0,2741,5.75,5.83,3.52
1.29,Ideal,F,SI2,61.9,55.0,7126,6.95,7.01,4.32
1.16,Premium,H,VS2,62.3,56.0,6202,6.77,6.68,4.19
1.19,Premium,I,SI2,61.6,56.0,4438,6.87,6.83,4.22
1.56,Ideal,G,VS2,62.2,54.0,12800,0.0,0.0,0.0
2.01,Ideal,I,SI1,62.2,56.0,15116,8.12,8.06,5.03
0.31,Premium,E,VS2,58.6,58.0,639,4.46,4.42,2.6
1.02,Premium,J,SI2,62.3,58.0,3119,6.42,6.37,3.98
0.32,Ideal,G,VS2,62.0,57.0,672,4.41,4.37,2.72
1.59,Very Good,J,VS1,60.7,59.0,8515,7.49,7.54,4.56
0.71,Ideal,F,VS1,62.1,57.0,3066,5.73,5.76,3.57
0.31,Premium,E,IF,61.0,59.0,1133,4.39,4.36,2.67
0.52,Very Good,F,VVS1,62.0,57.0,2314,5.11,5.15,3.18
1.01,Premium,H,SI2,60.3,60.0,4638,6.49,6.47,3.91
0.43,Ideal,F,SI1,62.5,56.0,760,4.82,4.84,3.02
1.53,Premium,D,SI2,59.9,58.0,8739,7.54,7.41,4.48
1.2,Very Good,H,SI2,60.7,60.0,4831,6.81,6.89,4.16
0.54,Ideal,H,VS1,61.5,56.0,1381,5.22,5.25,3.22
0.55,Ideal,I,VVS1,62.7,57.0,1593,5.17,5.23,3.26
0.23,Very Good,H,VVS1,61.6,56.0,434,3.94,3.97,2.43
0.23,Very Good,D,VVS1,61.3,61.0,492,3.94,3.99,2.43
0.55,Ideal,F,SI1,61.7,56.4,1598,5.26,5.3,3.25
1.11,Ideal,H,SI1,61.6,56.0,5358,6.65,6.69,4.11
0.4,Premium,E,VS1,62.8,59.0,1125,4.67,4.63,2.92
0.41,Premium,D,VVS1,61.6,58.0,1582,4.78,4.74,2.93
0.9,Good,G,SI1,63.7,60.0,3734,6.07,6.11,3.88
1.06,Ideal,J,VS2,62.4,54.0,4643,6.51,6.57,4.08
0.56,Ideal,G,SI1,61.2,59.0,1322,5.26,5.32,3.24
0.32,Ideal,D,VS2,62.4,57.0,758,4.34,4.38,2.72
1.56,Ideal,G,VS1,61.3,56.0,14957,7.46,7.51,4.59
0.23,Very Good,F,VVS1,59.3,58.0,530,4.02,4.04,2.39
1.09,Ideal,H,VS1,61.3,54.0,6643,6.66,6.68,4.09
1.51,Ideal,D,VS2,62.1,58.0,15821,7.32,7.34,4.55
0.3,Fair,E,VVS2,51.0,67.0,945,4.67,4.62,2.37
0.64,Premium,H,SI1,60.0,59.0,1274,5.63,5.57,3.36
0.6,Very Good,F,VS2,62.1,57.0,1772,5.37,5.39,3.34
1.24,Ideal,I,SI2,61.8,58.0,5866,6.85,6.9,4.25
0.52,Premium,G,VS2,62.0,58.0,1577,5.2,5.16,3.21
1.62,Very Good,J,SI2,61.6,60.0,7072,7.52,7.64,4.67
0.33,Very Good,I,SI1,63.2,58.0,572,4.38,4.36,2.76
0.39,Very Good,F,VS1,63.7,57.0,895,4.63,4.67,2.96
1.2,Ideal,G,VVS1,61.2,56.0,9744,6.89,6.86,4.21
0.35,Premium,H,VVS1,61.2,60.0,1024,4.55,4.5,2.77
0.7,Very Good,I,VVS1,61.6,58.0,2390,5.69,5.71,3.51
0.57,Very Good,J,VS2,63.3,56.0,1207,5.28,5.24,3.33
0.45,Good,E,SI1,63.9,57.0,829,4.81,4.86,3.09
0.32,Good,E,SI1,63.3,55.0,524,4.33,4.36,2.75
0.51,Ideal,D,SI1,60.6,57.0,1403,5.15,5.18,3.13
0.23,Premium,D,VS2,58.5,61.0,411,4.06,3.98,2.35
0.41,Premium,G,VS1,62.1,60.0,961,4.78,4.72,2.95
1.4,Very Good,F,SI2,59.9,60.0,7345,7.29,7.38,4.44
1.31,Premium,G,VS1,61.5,59.0,10071,7.06,7.0,4.32
0.31,Ideal,G,VVS1,60.9,55.0,789,4.4,4.43,2.69
1.1,Very Good,D,SI2,61.6,57.0,5226,6.61,6.67,4.09
1.03,Ideal,D,SI1,62.4,57.0,5653,6.47,6.44,4.03
1.2,Very Good,H,SI1,62.5,59.0,6019,6.66,6.72,4.18
0.38,Very Good,I,VS2,61.7,56.0,680,4.65,4.68,2.88
1.01,Premium,F,SI2,63.0,60.0,3897,6.35,6.28,3.98
1.01,Ideal,I,VS2,62.5,56.0,5855,6.38,6.41,4.0
0.3,Good,G,VS2,63.9,55.0,675,4.28,4.27,2.73
0.31,Premium,D,SI1,61.4,58.0,571,4.34,4.39,2.68
0.7,Ideal,I,VS2,61.9,53.2,2240,5.68,5.71,3.56
0.72,Ideal,D,SI1,61.5,54.0,2804,5.77,5.8,3.56
1.12,Very Good,I,SI2,61.2,59.0,4533,6.69,6.74,4.11
0.31,Very Good,H,VS2,63.1,57.0,628,4.32,4.27,2.71
0.73,Very Good,F,SI2,61.7,60.0,2624,5.71,5.8,3.55
0.39,Ideal,H,VS1,61.9,57.0,740,4.71,4.76,2.93
1.0,Ideal,G,VVS1,61.9,57.0,8366,6.43,6.39,3.97
0.52,Ideal,G,VVS1,61.6,55.0,2063,5.14,5.18,3.18
0.56,Ideal,E,VS1,61.3,55.0,2032,5.32,5.29,3.25
0.26,Very Good,G,VVS2,62.6,56.0,486,4.1,4.13,2.57
0.36,Very Good,E,VS2,60.4,58.0,677,4.58,4.62,2.78
0.36,Ideal,I,IF,60.8,57.0,852,4.6,4.64,2.81
1.0,Fair,G,SI1,64.4,57.0,4295,6.32,6.28,4.06
1.05,Ideal,G,SI1,59.7,56.0,5204,6.67,6.64,3.97
0.54,Ideal,D,VS2,61.8,56.0,1993,5.24,5.21,3.23
0.43,Ideal,E,VVS2,60.8,57.0,1135,4.9,4.87,2.97
0.51,Very Good,D,SI1,61.7,58.0,1403,5.09,5.12,3.15
0.9,Good,E,SI1,62.6,62.0,3945,6.15,6.18,3.86
1.04,Premium,G,I1,62.2,58.0,2801,6.46,6.41,4.0
1.5,Premium,H,SI2,62.1,58.0,6458,7.31,7.21,4.51
0.31,Ideal,E,VS2,60.8,54.0,872,4.4,4.39,2.67
2.01,Ideal,G,SI1,62.1,57.0,18736,8.07,8.09,5.02
0.79,Premium,E,VS2,60.6,53.0,2876,6.04,5.98,3.64
0.25,Very Good,F,VVS2,59.3,59.0,548,4.15,4.18,2.47
0.5,Ideal,F,VVS2,62.0,55.0,2160,5.12,5.1,3.17
1.34,Very Good,I,SI1,61.1,59.0,6763,7.05,7.12,4.33
0.38,Ideal,I,SI1,62.3,56.0,746,4.63,4.58,2.87
0.31,Ideal,F,SI1,62.0,55.2,515,4.32,4.35,2.69
0.31,Very Good,F,IF,61.4,55.0,914,4.39,4.41,2.7
0.73,Ideal,E,VS1,61.4,55.0,3471,5.8,5.82,3.57
0.26,Very Good,E,VVS2,58.9,61.0,564,4.16,4.19,2.46
0.86,Good,F,SI2,64.3,60.0,2819,5.97,5.95,3.83
1.06,Ideal,G,SI2,62.5,55.0,4238,6.55,6.51,4.08
0.54,Very Good,F,VVS2,63.2,54.0,2115,5.2,5.18,3.28
0.54,Ideal,G,SI2,60.4,59.0,1153,5.24,5.29,3.18
1.01,Premium,G,SI1,62.5,60.0,4672,6.39,6.34,3.98
0.4,Very Good,G,VVS2,61.6,58.0,925,4.73,4.78,2.93
1.24,Very Good,H,SI2,63.2,55.0,5486,6.88,6.83,4.33
1.01,Ideal,E,VS2,62.1,56.0,7355,6.41,6.45,3.99
1.51,Ideal,G,VS1,61.6,56.0,14542,7.34,7.37,4.53
0.91,Premium,J,SI1,62.8,59.0,2905,6.19,6.14,3.87
0.7,Very Good,E,SI2,63.2,56.0,2298,5.6,5.64,3.55
0.31,Very Good,D,SI1,63.1,57.0,732,4.32,4.3,2.72
1.02,Ideal,G,IF,62.3,57.0,8955,6.43,6.5,4.03
0.45,Ideal,G,VS1,59.0,60.0,1055,4.98,5.05,2.96
0.31,Good,D,SI1,63.7,54.0,571,4.31,4.35,2.76
1.09,Premium,H,SI2,62.5,58.0,4639,6.61,6.55,4.11
1.01,Ideal,D,VS2,62.6,55.0,8279,6.42,6.46,4.03
0.36,Premium,F,VS2,58.5,58.0,869,4.69,4.65,2.73
0.33,Ideal,I,IF,61.5,56.0,719,4.43,4.47,2.74
1.18,Ideal,G,VVS1,61.1,57.0,9095,6.78,6.84,4.16
0.42,Ideal,E,SI1,61.3,57.0,773,4.79,4.81,2.94
1.2,Very Good,H,SI1,60.8,58.0,6077,6.8,6.85,4.15
0.71,Ideal,E,VS2,62.2,57.0,2776,5.79,5.62,3.55
0.32,Premium,G,SI1,62.6,58.0,612,4.37,4.35,2.73
0.39,Very Good,I,VS2,60.1,57.0,679,4.74,4.77,2.86
0.31,Premium,E,VVS2,62.2,56.0,1116,4.31,4.28,2.67
1.71,Ideal,J,VVS2,61.6,59.0,10945,7.65,7.68,4.72
1.01,Good,H,SI2,63.0,61.0,4865,6.32,6.29,3.97
0.26,Ideal,F,VS1,62.1,54.0,618,4.12,4.13,2.56
0.3,Premium,F,VS2,62.5,58.0,605,4.26,4.28,2.67
0.43,Premium,F,VS1,61.0,57.0,1129,4.89,4.84,2.97
2.36,Ideal,H,SI2,62.2,55.0,17569,8.51,8.56,5.3
0.73,Ideal,E,SI1,61.8,56.0,2728,5.77,5.81,3.58
1.02,Premium,I,SI2,61.2,59.0,3856,6.51,6.46,3.97
0.39,Ideal,H,VS2,62.3,55.0,707,4.67,4.7,2.92
0.54,Ideal,E,SI2,60.6,57.0,1340,5.28,5.25,3.19
0.71,Ideal,G,VVS1,62.8,56.0,3254,5.71,5.76,3.6
0.72,Ideal,F,VS1,61.4,56.0,3759,5.75,5.79,3.54
0.71,Ideal,D,SI2,61.9,56.0,2452,5.78,5.73,3.56
0.32,Ideal,G,VS2,61.8,57.0,561,4.38,4.42,2.72
0.71,Ideal,E,VS2,60.3,56.0,3217,5.8,5.84,3.51
0.3,Good,G,VVS1,63.4,56.0,789,4.27,4.31,2.72
0.38,Very Good,H,SI2,63.4,57.0,702,4.63,4.58,2.92
1.01,Very Good,G,VS2,63.2,55.0,5701,6.39,6.34,4.02
0.36,Premium,D,SI2,61.5,60.0,537,4.54,4.6,2.81
0.3,Ideal,I,VVS2,62.2,55.0,515,4.3,4.32,2.68
2.05,Premium,H,VS2,60.7,61.0,16235,8.25,8.13,4.97
1.0,Very Good,I,VS1,63.3,55.0,4641,6.39,6.34,4.03
0.35,Ideal,E,VVS1,62.1,57.0,1195,4.52,4.55,2.81
0.9,Good,D,SI1,58.5,63.0,4469,6.21,6.3,3.66
1.7,Ideal,G,VS2,61.3,57.0,15941,7.67,7.6,4.68
0.33,Ideal,E,VVS2,61.8,56.0,953,4.46,4.44,2.75
0.9,Ideal,G,VS1,61.6,56.3,4531,6.22,6.3,3.86
0.38,Ideal,G,VS2,61.2,55.0,778,4.69,4.72,2.88
1.01,Very Good,H,VS1,63.0,55.0,5055,6.35,6.41,4.02
0.34,Ideal,F,VS1,62.2,56.0,745,4.44,4.47,2.77
1.47,Very Good,G,VS2,62.7,56.0,11060,7.15,7.18,4.49
0.41,Good,F,SI1,63.2,59.0,755,4.68,4.72,2.97
0.75,Ideal,D,VS2,61.1,55.0,3679,5.87,5.89,3.6
0.42,Ideal,G,VVS1,60.6,56.0,1179,4.86,4.88,2.95
0.83,Ideal,F,SI1,61.8,55.0,4009,6.01,6.06,3.73
0.34,Ideal,G,VVS1,61.9,54.0,863,4.49,4.52,2.79
0.77,Good,J,SI1,63.3,57.0,1909,5.79,5.84,3.68
0.3,Very Good,D,VS2,62.5,59.0,710,4.23,4.28,2.66
0.25,Very Good,F,VVS2,60.4,59.0,575,4.09,4.12,2.48
0.37,Premium,H,VS1,60.9,60.0,833,4.63,4.6,2.81
0.52,Ideal,G,SI1,62.4,55.0,1325,5.15,5.17,3.22
0.8,Ideal,F,VS1,61.6,54.0,3953,5.95,5.99,3.68
0.71,Ideal,E,VS1,62.2,55.0,2866,5.74,5.7,3.56
0.27,Very Good,F,VVS1,61.8,55.0,604,4.13,4.16,2.56
0.32,Very Good,H,VS1,60.5,59.0,561,4.41,4.42,2.67
2.04,Very Good,I,I1,59.3,61.0,8257,8.25,8.3,4.91
0.7,Ideal,G,VS2,62.1,57.0,2536,5.66,5.7,3.53
0.76,Very Good,H,SI1,60.9,55.0,2838,5.92,5.94,3.61
1.63,Very Good,G,SI2,62.5,57.0,9556,7.54,7.57,4.72
2.01,Very Good,D,SI2,58.3,63.0,12639,8.28,8.25,4.82
0.9,Very Good,J,SI1,63.4,54.0,2834,6.17,6.14,3.9
1.09,Ideal,H,SI1,61.9,56.0,4784,6.61,6.64,4.1
1.01,Very Good,F,VVS1,62.8,59.0,9474,6.37,6.43,4.02
1.5,Ideal,G,SI2,61.4,56.0,8580,7.34,7.38,4.52
0.9,Very Good,H,VS1,62.3,59.0,4592,6.12,6.17,3.83
1.0,Very Good,G,VS2,61.2,56.0,5939,6.47,6.38,3.93
0.91,Ideal,G,SI2,62.2,57.0,3425,6.18,6.24,3.86
1.5,Ideal,I,SI1,62.3,55.0,8736,7.35,7.31,4.57
0.39,Very Good,I,VVS1,61.3,58.0,805,4.74,4.78,2.92
1.01,Premium,G,SI1,63.0,60.0,4118,6.34,6.3,3.98
0.56,Ideal,D,VVS1,61.8,56.0,3270,5.28,5.31,3.27
0.51,Ideal,F,SI2,62.7,57.0,1046,5.08,5.1,3.19
1.04,Ideal,I,VS1,62.4,57.0,5199,6.44,6.48,4.03
0.57,Ideal,G,SI1,62.1,56.0,1384,5.28,5.32,3.29
0.32,Ideal,H,IF,61.6,54.0,814,4.41,4.49,2.74
0.33,Very Good,E,SI1,59.1,58.0,579,4.51,4.56,2.68
0.7,Premium,G,VS1,62.2,57.0,2648,5.69,5.66,3.53
0.5,Ideal,F,VS2,62.9,55.0,1736,5.12,5.08,3.21
1.26,Fair,D,SI2,64.5,59.0,4746,6.75,6.71,4.34
0.9,Very Good,D,SI1,60.6,59.0,5040,6.23,6.28,3.79
0.26,Very Good,F,VS1,60.5,59.0,453,4.12,4.18,2.51
0.42,Ideal,G,VVS1,60.9,55.0,1023,4.83,4.89,2.96
0.9,Premium,E,VS1,59.4,59.0,5535,6.28,6.31,3.74
1.52,Ideal,H,VVS2,62.8,56.0,12764,7.32,7.3,4.59
1.31,Premium,G,VS2,61.3,58.0,9085,7.05,7.01,4.31
0.4,Ideal,D,VVS2,61.4,56.0,1078,4.75,4.8,2.93
1.24,Ideal,H,SI1,62.5,56.0,6095,6.92,6.88,4.31
0.46,Good,D,VS2,63.2,56.0,1205,4.89,4.92,3.1
0.77,Ideal,E,SI2,62.3,57.0,2689,5.88,5.91,3.67
0.38,Very Good,I,VS1,60.1,60.0,606,4.66,4.72,2.82
0.23,Very Good,E,VVS2,61.8,59.0,465,3.92,3.95,2.43
0.58,Good,E,SI1,61.0,62.0,1844,5.36,5.33,3.26
1.59,Ideal,H,VVS2,62.6,54.0,12971,7.43,7.47,4.67
1.51,Premium,H,SI2,62.3,62.0,7018,7.32,7.21,4.51
1.01,Premium,E,VS2,62.3,59.0,5430,6.38,6.33,3.96
0.45,Very Good,E,SI2,63.2,54.0,731,4.94,4.82,3.09
0.32,Ideal,G,SI2,61.6,56.0,459,4.4,4.43,2.72
1.08,Premium,D,VS2,61.2,60.0,7683,6.61,6.63,4.05
1.04,Ideal,I,SI1,61.2,56.0,4846,6.53,6.55,4.0
1.01,Ideal,F,SI2,62.9,57.0,4858,6.35,6.41,4.01
0.37,Ideal,D,SI1,61.9,54.0,643,4.62,4.65,2.87
0.31,Premium,H,IF,60.8,59.0,739,4.36,4.39,2.66
0.7,Very Good,J,VS2,63.2,57.0,1997,5.63,5.66,3.57
0.3,Ideal,D,VS2,62.3,56.0,911,4.3,4.27,2.67
0.51,Ideal,E,VS1,62.0,57.0,1841,5.11,5.15,3.18
0.6,Very Good,G,VVS2,62.2,56.0,2130,5.39,5.42,3.36
0.51,Premium,D,VS2,62.0,60.0,1807,5.12,5.07,3.16
0.72,Ideal,E,SI1,62.7,55.0,2886,5.64,5.69,3.55
1.11,Premium,H,I1,61.0,59.0,3205,6.61,6.67,4.05
0.32,Ideal,F,VS1,61.1,57.0,652,4.42,4.45,2.71
0.93,Premium,G,SI2,62.2,55.0,3689,6.27,6.24,3.89
0.53,Ideal,D,VS1,61.3,56.0,1952,5.21,5.23,3.2
0.91,Ideal,G,SI2,61.0,57.0,4360,6.25,6.28,3.82
0.46,Very Good,D,VS2,61.2,57.0,1321,4.96,5.0,3.05
0.7,Ideal,F,VS1,62.5,56.0,2751,5.73,5.7,3.57
0.61,Good,F,VS2,63.0,64.2,1971,5.29,5.32,3.34
1.7,Ideal,I,SI1,62.9,57.0,9901,7.57,7.5,4.74
1.01,Premium,F,VS2,62.3,58.0,6271,6.34,6.3,3.94
0.96,Premium,H,VS2,61.7,55.0,4529,6.36,6.31,3.91
0.3,Ideal,D,VVS2,62.9,56.0,965,4.29,4.27,2.69
1.5,Very Good,F,VS1,61.6,58.0,15022,7.35,7.43,4.55
1.61,Premium,I,VS2,58.4,59.0,9341,7.73,7.68,4.5
1.01,Very Good,G,SI1,62.6,59.0,4916,6.38,6.3,3.97
0.9,Good,E,SI2,63.4,62.0,3139,6.0,6.02,3.81
1.06,Ideal,H,VS2,62.5,57.0,5889,6.49,6.47,4.05
0.4,Ideal,I,VVS2,61.8,56.0,970,4.76,4.79,2.95
1.06,Ideal,F,VVS2,61.3,57.0,9547,6.56,6.59,4.03
1.76,Very Good,I,SI2,62.0,57.0,9898,7.7,7.74,4.78
0.43,Premium,D,VS2,60.2,59.0,1129,4.92,4.88,2.95
1.16,Premium,G,SI1,63.0,58.0,5366,6.7,6.66,4.21
1.07,Ideal,F,VS2,62.0,57.0,6459,6.5,6.47,4.08
1.02,Ideal,E,SI2,60.3,57.0,4798,6.53,6.5,3.95
0.32,Very Good,D,SI1,63.5,55.0,756,4.35,4.31,2.75
0.72,Very Good,E,VS2,63.0,56.0,2949,5.66,5.73,3.59
0.31,Ideal,E,VVS1,61.4,55.0,865,4.35,4.38,2.68
1.01,Very Good,G,VS2,62.8,58.0,5119,6.35,6.42,4.01
0.51,Very Good,H,SI1,63.4,57.0,1227,5.09,5.06,3.22
0.57,Ideal,G,VS1,61.4,55.0,1972,5.34,5.38,3.29
0.31,Ideal,D,SI1,63.0,54.0,732,4.35,4.32,2.73
1.0,Premium,G,VS1,62.0,62.0,6115,6.38,6.33,3.94
0.32,Premium,F,VS2,61.5,58.0,828,4.42,4.39,2.71
0.4,Premium,F,VS1,61.1,59.0,1050,4.75,4.71,2.89
0.7,Good,E,VS1,61.2,58.0,3148,5.66,5.72,3.48
0.33,Ideal,I,VVS2,62.4,57.0,579,4.41,4.44,2.76
0.36,Ideal,F,SI1,61.6,56.0,718,4.62,4.57,2.83
0.3,Ideal,E,VVS1,61.2,57.0,895,4.33,4.36,2.66
1.2,Very Good,F,SI2,63.3,59.0,4274,6.7,6.66,4.23
0.4,Ideal,G,VVS2,61.5,57.0,1172,4.74,4.76,2.92
0.55,Ideal,H,SI1,61.6,55.0,1314,5.29,5.32,3.27
2.04,Very Good,I,SI2,60.9,57.0,14527,8.14,8.19,4.97
1.03,Very Good,D,SI2,60.9,57.0,4545,6.53,6.55,3.98
1.07,Ideal,H,SI2,62.8,57.0,4494,6.58,6.5,4.11
0.83,Very Good,I,VVS1,61.8,56.0,3774,6.0,6.03,3.72
0.33,Ideal,G,IF,61.9,54.0,984,4.42,4.46,2.75
0.71,Very Good,I,SI2,60.4,59.0,2003,5.76,5.79,3.49
1.51,Ideal,I,SI1,62.6,55.0,9344,7.37,7.26,4.58
1.0,Ideal,G,SI1,62.4,56.0,4956,6.41,6.34,3.98
0.3,Premium,E,SI1,59.5,58.0,526,4.39,4.42,2.62
0.35,Ideal,F,VS1,62.4,57.0,1011,4.52,4.49,2.81
0.55,Ideal,F,SI1,61.0,58.0,1368,5.25,5.28,3.21
0.77,Premium,E,SI1,59.8,61.0,2889,5.99,5.95,3.57
0.75,Ideal,F,VVS2,61.9,54.0,3710,5.83,5.84,3.61
0.56,Ideal,F,SI1,60.1,58.0,1394,5.36,5.39,3.23
0.84,Very Good,D,SI1,62.9,58.0,3816,5.93,6.02,3.76
1.03,Ideal,G,SI1,62.2,59.0,5684,6.41,6.45,4.0
0.9,Ideal,D,SI1,61.8,57.0,4919,6.22,6.17,3.83
0.47,Ideal,D,VS2,61.9,56.0,1319,4.99,5.03,3.1
0.7,Ideal,D,SI1,62.5,57.0,2822,5.62,5.59,3.51
0.5,Premium,H,SI1,62.1,60.0,1219,5.06,5.02,3.13
1.19,Very Good,H,SI1,60.8,59.0,5595,6.84,6.87,4.17
0.7,Premium,J,SI1,63.0,56.0,1827,5.66,5.61,3.55
0.5,Premium,E,VS1,61.9,59.0,2055,5.1,5.08,3.15
0.42,Premium,D,SI1,61.9,59.0,810,4.76,4.81,2.96
0.42,Ideal,E,SI1,61.5,55.0,992,4.9,4.82,2.99
1.71,Premium,H,VVS2,61.4,59.0,14731,7.67,7.77,4.74
0.42,Premium,F,VS1,61.8,59.0,1103,4.83,4.81,2.98
1.5,Fair,H,VS1,64.8,55.0,8044,7.25,7.2,4.68
0.4,Very Good,E,SI1,61.4,58.0,687,4.77,4.81,2.94
0.23,Good,G,VVS1,56.2,60.0,395,4.14,4.19,2.34
1.51,Ideal,D,SI1,62.3,56.0,12688,7.3,7.4,4.58
0.43,Ideal,E,SI1,62.6,56.0,760,4.79,4.82,3.01
0.4,Ideal,E,VS1,61.6,56.0,1053,4.73,4.78,2.93
1.52,Premium,I,SI1,61.9,58.0,8477,7.37,7.42,4.58
0.9,Good,F,SI2,64.2,62.0,2964,6.08,6.0,3.88
0.7,Fair,D,SI1,66.2,57.0,2550,5.56,5.41,3.63
0.9,Premium,F,SI1,63.0,60.0,4158,6.13,6.09,3.85
1.58,Ideal,I,VS2,61.4,55.0,10197,7.49,7.55,4.62
1.28,Very Good,H,SI2,60.2,58.0,5984,7.03,7.13,4.26
1.01,Very Good,G,VS2,62.5,59.0,6204,6.34,6.37,3.97
0.74,Ideal,G,VVS1,62.1,54.0,3537,5.8,5.83,3.61
0.71,Premium,G,SI2,62.1,58.0,2208,5.72,5.68,3.54
0.31,Very Good,F,VVS1,62.4,60.0,897,4.28,4.31,2.68
1.54,Premium,J,VS1,60.9,61.0,6194,7.49,7.45,4.55
1.04,Premium,F,SI2,62.6,58.0,4507,6.49,6.44,4.05
0.71,Premium,F,SI2,60.2,60.0,2331,5.8,5.77,3.48
0.3,Ideal,F,VS1,62.0,55.0,658,4.3,4.34,2.68
0.41,Premium,G,VS2,61.6,58.0,827,4.73,4.78,2.93
0.97,Good,J,VS2,60.0,56.0,3717,6.4,6.46,3.86
1.11,Ideal,E,SI2,61.2,55.0,5358,6.72,6.68,4.1
0.5,Premium,G,SI1,62.8,61.0,1286,5.01,4.99,3.14
1.55,Ideal,H,VS1,62.0,57.0,13665,7.37,7.43,4.59
0.54,Very Good,D,VS2,61.1,55.0,1892,5.24,5.37,3.24
1.51,Ideal,H,VS1,62.6,56.0,11580,7.28,7.32,4.57
0.33,Premium,G,IF,59.4,59.0,1094,4.54,4.49,2.68
1.69,Ideal,G,SI1,61.8,53.0,11843,7.68,7.71,4.75
0.7,Very Good,G,SI2,63.2,57.0,2117,5.7,5.66,3.59
1.15,Ideal,G,SI2,62.8,57.0,3613,6.7,6.65,4.19
0.33,Very Good,H,IF,61.7,55.0,795,4.45,4.48,2.75
0.57,Ideal,F,IF,61.8,54.0,2974,5.33,5.35,3.3
0.42,Premium,G,VVS2,61.6,60.0,1029,4.85,4.8,2.97
1.21,Premium,F,VS1,62.5,60.0,8879,6.77,6.7,4.21
0.38,Premium,I,VS2,62.5,58.0,633,4.58,4.61,2.87
0.7,Premium,E,SI2,62.0,55.0,2135,5.65,5.61,3.49
0.8,Premium,J,VS1,61.6,60.0,2202,5.94,5.88,3.64
0.26,Ideal,G,VS1,62.1,54.0,456,4.1,4.14,2.56
0.7,Premium,E,SI2,61.8,59.0,2159,5.69,5.76,3.54
0.61,Ideal,H,IF,59.4,59.0,2461,5.55,5.59,3.31
0.51,Ideal,E,VS2,61.7,53.0,1709,5.2,5.18,3.2
0.5,Ideal,G,SI2,61.4,57.0,1107,5.1,5.13,3.14
0.76,Ideal,D,SI2,62.4,57.0,2770,5.78,5.83,3.62
1.02,Very Good,E,SI2,58.7,63.0,4286,6.61,6.55,3.86
0.79,Ideal,G,SI1,62.3,57.0,2898,5.9,5.85,3.66
0.54,Ideal,D,VS2,61.1,57.0,1993,5.25,5.22,3.2
0.51,Ideal,J,SI1,61.5,56.0,1004,5.14,5.17,3.17
1.7,Good,F,VS1,57.6,63.0,17330,7.86,7.81,4.51
0.55,Ideal,H,VVS1,61.6,55.0,2303,5.26,5.29,3.25
0.3,Ideal,G,VS1,61.1,56.0,524,4.35,4.36,2.66
0.51,Premium,E,SI1,61.0,58.0,1443,5.13,5.1,3.12
1.08,Ideal,J,SI1,62.1,55.0,4633,6.54,6.57,4.07
1.26,Premium,H,SI2,62.0,56.0,4586,6.92,6.88,4.28
1.18,Ideal,D,I1,61.5,62.0,3886,6.88,6.73,4.19
0.44,Ideal,E,VS2,61.6,54.0,936,4.9,4.97,3.04
0.55,Ideal,E,VS2,62.0,55.0,1816,5.26,5.28,3.27
1.07,Very Good,G,SI2,64.6,60.0,4340,6.35,6.4,4.12
1.0,Good,D,SI2,63.9,56.0,3634,6.32,6.27,4.02
0.7,Very Good,H,SI1,61.1,56.0,2548,5.72,5.76,3.51
1.71,Good,I,SI1,63.2,57.0,9881,7.49,7.53,4.75
0.33,Premium,G,VS1,61.6,57.0,797,4.51,4.42,2.75
0.7,Fair,F,VS1,65.8,59.0,2381,5.58,5.48,3.64
0.7,Very Good,D,VVS2,62.8,60.0,4022,5.65,5.69,3.56
0.3,Very Good,F,VS2,63.4,59.0,725,4.25,4.23,2.69
1.09,Ideal,G,SI2,62.1,56.0,4670,6.66,6.59,4.12
0.53,Ideal,G,VVS1,61.4,57.0,2001,5.18,5.21,3.19
0.35,Ideal,D,VS2,62.4,57.0,1063,4.56,4.51,2.83
0.31,Ideal,H,VS2,61.4,56.0,507,4.38,4.42,2.7
0.36,Premium,D,VS2,61.0,58.0,852,4.59,4.62,2.81
1.63,Ideal,H,SI1,61.8,57.0,12910,7.5,7.54,4.64
1.01,Very Good,F,SI1,63.1,59.0,5010,6.3,6.37,4.0
0.5,Ideal,E,SI1,61.2,56.0,1555,5.12,5.15,3.14
0.7,Ideal,F,VS1,61.6,55.0,3399,5.68,5.71,3.51
0.52,Ideal,H,SI1,62.3,54.0,1074,5.15,5.18,3.22
1.01,Very Good,E,VS2,63.2,57.0,6787,6.38,6.35,4.02
0.52,Ideal,D,VS2,62.7,53.0,1822,5.14,5.17,3.23
0.43,Ideal,F,VS2,61.1,57.0,1066,4.88,4.91,2.99
0.41,Premium,D,SI2,62.3,61.0,818,4.75,4.72,2.95
0.52,Ideal,G,SI1,60.4,57.0,1354,5.23,5.27,3.17
0.91,Very Good,E,VS2,62.9,55.0,4823,6.13,6.17,3.87
1.56,Premium,D,SI2,61.1,56.0,8858,7.54,7.45,4.58
0.27,Very Good,E,VVS1,60.9,59.0,620,4.17,4.21,2.55
0.71,Premium,F,SI2,61.6,59.0,2482,5.75,5.71,3.53
0.9,Premium,E,VS2,62.2,59.0,4500,6.18,6.13,3.83
0.33,Ideal,E,VVS2,61.4,55.0,802,4.46,4.5,2.75
0.4,Ideal,I,VS2,62.4,54.0,667,4.73,4.76,2.96
0.5,Ideal,J,VS2,61.9,54.0,1054,5.1,5.14,3.17
0.9,Ideal,H,VS1,62.2,58.0,4428,6.14,6.17,3.83
0.27,Ideal,F,IF,63.0,55.0,760,4.13,4.16,2.61
0.34,Premium,E,SI2,62.5,59.0,612,4.46,4.43,2.78
0.72,Ideal,F,VS1,61.7,57.0,2829,5.77,5.74,3.55
0.3,Ideal,G,VVS1,62.6,54.0,1013,4.32,4.31,2.7
0.39,Premium,G,IF,59.0,60.0,1300,4.75,4.78,2.81
0.3,Ideal,D,SI1,62.5,57.0,709,4.32,4.29,2.69
1.2,Premium,G,VS2,62.5,58.0,9677,6.74,6.67,4.19
0.57,Ideal,F,VVS2,62.0,55.0,2360,5.31,5.3,3.29
0.9,Very Good,H,VVS2,61.8,60.0,4617,6.11,6.15,3.79
0.56,Premium,D,SI1,60.6,59.0,1723,5.34,5.36,3.24
0.5,Ideal,E,SI1,61.3,56.2,1601,5.12,5.14,3.15
1.1,Ideal,I,SI2,62.6,55.0,4624,6.57,6.6,4.13
0.7,Very Good,E,SI2,60.2,64.0,1964,5.67,5.7,3.42
0.71,Premium,F,VS2,59.6,59.0,2686,5.81,5.77,3.45
1.0,Very Good,E,VS2,63.8,59.0,6315,6.25,6.32,4.01
1.27,Ideal,F,SI2,62.0,55.0,5308,6.9,6.95,4.3
0.41,Ideal,H,SI1,62.4,56.0,876,4.78,4.74,2.97
0.71,Very Good,H,SI1,62.4,58.0,2076,5.67,5.7,3.55
0.3,Very Good,D,SI2,61.2,60.0,447,4.28,4.31,2.63
0.67,Very Good,D,SI1,60.2,60.0,2007,5.61,5.68,3.4
1.33,Premium,F,SI2,60.7,62.0,5288,7.12,7.07,4.31
0.72,Premium,D,SI1,62.7,59.0,2757,5.69,5.73,3.58
1.7,Premium,I,SI2,59.4,59.0,7250,7.83,7.75,4.63
0.5,Ideal,E,VS2,61.6,56.0,1554,5.1,5.13,3.15
1.02,Premium,H,SI1,62.6,59.0,4688,6.43,6.38,4.01
0.54,Ideal,G,VVS1,62.2,53.9,2007,5.22,5.25,3.26
0.97,Very Good,H,SI1,62.8,55.0,4404,6.25,6.3,3.94
1.01,Ideal,F,VVS1,60.5,60.0,10197,6.45,6.47,3.91
0.41,Ideal,E,VS2,62.1,56.0,935,4.74,4.76,2.95
0.28,Ideal,F,VS1,60.2,56.0,598,4.3,4.31,2.59
0.54,Ideal,H,VS2,60.1,57.0,1338,5.28,5.33,3.19
1.1,Ideal,E,SI2,61.6,56.0,5082,6.61,6.64,4.08
0.42,Ideal,G,VS2,60.8,57.0,1087,4.85,4.82,2.94
0.7,Ideal,F,SI1,61.3,57.0,2196,5.76,5.79,3.54
1.58,Good,H,SI1,63.1,58.0,9774,7.33,7.38,4.64
1.02,Premium,I,VS2,59.5,59.0,4662,6.54,6.5,3.88
0.27,Premium,E,VS1,61.5,58.0,470,4.17,4.22,2.58
1.46,Ideal,H,SI1,62.4,55.0,8855,7.26,7.22,4.52
0.7,Ideal,H,VVS1,62.0,57.0,2541,5.66,5.7,3.52
1.73,Premium,F,SI1,58.0,62.0,13365,7.95,7.91,4.6
0.5,Very Good,E,SI1,60.7,61.0,1316,5.09,5.12,3.1
0.41,Very Good,E,SI1,59.3,59.0,753,4.86,4.89,2.89
0.31,Very Good,H,SI1,62.3,55.0,446,4.34,4.36,2.71
1.0,Premium,F,VVS1,62.6,58.0,8736,6.45,6.33,4.0
1.05,Ideal,G,IF,62.5,56.0,8850,6.48,6.52,4.06
0.9,Very Good,H,SI2,61.1,63.0,3160,6.12,6.19,3.76
0.34,Premium,G,VS2,61.2,62.0,765,4.48,4.44,2.73
1.8,Ideal,F,SI1,61.8,57.0,16364,7.79,7.83,4.83
1.02,Very Good,H,SI2,60.9,58.0,4039,6.41,6.53,3.94
0.73,Premium,F,SI2,58.3,58.0,2393,5.95,5.91,3.46
0.24,Very Good,E,VS2,64.5,57.0,367,3.88,3.93,2.52
0.9,Ideal,E,SI1,63.0,56.0,4092,6.15,6.1,3.86
0.51,Premium,E,SI1,61.7,59.0,1624,5.12,5.09,3.15
0.73,Fair,E,VVS2,57.4,59.0,3813,5.99,5.95,3.43
0.7,Fair,G,I1,65.2,58.0,956,5.57,5.49,3.61
0.83,Premium,E,SI1,58.4,59.0,3506,6.22,6.18,3.62
1.07,Ideal,F,SI2,62.0,56.0,5077,6.51,6.55,4.09
0.9,Premium,E,SI1,61.3,60.0,4209,6.19,6.14,3.78
1.34,Very Good,H,SI1,62.4,58.0,7636,6.98,7.02,4.37
0.54,Very Good,I,SI1,63.2,57.0,1135,5.17,5.21,3.28
0.29,Ideal,H,VS1,61.8,57.0,498,4.27,4.31,2.64
1.13,Good,F,SI2,64.0,58.0,3952,6.52,6.58,4.19
0.32,Good,F,VS2,63.3,57.0,602,4.34,4.38,2.76
1.27,Ideal,J,SI1,61.4,57.0,5455,6.97,7.0,4.29
0.55,Ideal,F,VS1,62.0,55.0,1881,5.26,5.29,3.27
0.7,Very Good,H,SI1,62.4,59.0,2066,5.63,5.75,3.55
0.7,Very Good,H,SI1,63.5,57.0,2106,5.59,5.66,3.59
1.0,Ideal,J,VS2,62.4,54.0,4539,6.4,6.46,4.01
0.38,Ideal,G,VVS2,61.9,55.6,929,4.64,4.67,2.88
1.57,Premium,G,VS2,62.7,60.0,11711,7.46,7.38,4.65
1.61,Very Good,G,SI1,62.6,56.0,12028,7.44,7.54,4.69
1.5,Good,F,VS2,63.6,59.0,10995,7.13,7.22,4.56
1.52,Premium,D,SI2,60.2,60.0,8737,7.4,7.46,4.47
1.57,Ideal,G,VS1,61.9,55.0,13462,7.53,7.47,4.64
0.6,Premium,D,SI1,61.5,52.0,1814,5.5,5.43,3.36
0.45,Good,F,VS1,58.6,62.2,1144,5.0,5.05,2.95
1.0,Very Good,F,VS1,62.6,57.0,6468,6.35,6.42,4.0
0.9,Good,D,VS2,63.5,61.0,4601,6.09,6.16,3.89
0.97,Ideal,E,SI2,62.3,56.0,4078,6.28,6.33,3.93
0.9,Good,H,SI2,62.7,64.0,2883,6.09,6.0,3.79
2.16,Very Good,J,SI1,61.4,58.0,14715,8.29,8.31,5.1
1.25,Very Good,H,SI1,62.4,55.0,6113,6.85,6.89,4.29
0.31,Ideal,F,VVS1,62.0,55.0,815,4.33,4.35,2.69
0.32,Ideal,G,VS1,61.9,55.0,773,4.42,4.4,2.73
0.36,Very Good,I,VVS2,59.7,55.0,571,4.65,4.69,2.79
0.81,Very Good,I,SI1,60.3,58.0,2701,6.0,6.04,3.63
0.25,Ideal,I,VS2,62.0,57.0,450,4.02,4.06,2.5
0.41,Ideal,H,VS2,61.3,56.0,941,4.81,4.84,2.96
0.59,Ideal,E,SI1,62.0,55.0,1664,5.37,5.4,3.34
0.39,Very Good,G,VS1,62.4,57.0,855,4.62,4.68,2.9
0.7,Ideal,F,VVS1,61.0,57.0,3602,5.71,5.76,3.5
1.0,Premium,G,SI1,62.5,59.0,4493,6.35,6.29,3.95
2.03,Ideal,I,SI1,62.6,55.0,14548,8.06,8.11,5.06
1.58,Ideal,I,SI1,61.7,56.0,9335,7.55,7.48,4.64
0.5,Good,D,SI2,63.7,60.0,925,5.09,5.02,3.22
0.43,Premium,F,VS2,61.1,57.0,968,4.9,4.86,2.98
0.32,Ideal,D,VVS1,61.8,56.0,1140,4.41,4.39,2.72
0.9,Very Good,F,SI2,62.4,59.0,3519,6.12,6.16,3.83
1.02,Good,E,SI2,64.2,59.0,4414,6.26,6.2,4.0
0.35,Ideal,F,VVS2,61.2,56.0,872,4.56,4.58,2.8
0.7,Good,F,SI1,57.9,63.0,2190,5.8,5.84,3.37
2.05,Very Good,H,SI2,62.4,58.0,15949,8.1,8.15,5.07
0.55,Premium,H,VS2,59.9,61.0,1270,5.31,5.28,3.17
1.14,Premium,H,SI2,60.6,59.0,4702,6.77,6.8,4.11
0.34,Good,H,VS1,64.0,58.0,689,4.49,4.45,2.86
0.32,Premium,I,VS2,62.6,58.0,576,4.42,4.37,2.75
1.07,Very Good,D,IF,59.0,59.0,17909,6.63,6.72,3.94
0.26,Very Good,D,VVS1,62.1,60.0,554,4.03,4.12,2.53
0.51,Ideal,E,VS1,61.4,56.0,2233,5.14,5.16,3.16
1.52,Good,D,SI2,63.2,58.0,8868,7.25,7.31,4.6
1.2,Ideal,I,VS2,62.3,57.0,5736,6.74,6.8,4.22
0.82,Ideal,F,SI1,61.1,56.0,3428,6.06,6.08,3.71
0.5,Premium,E,VS2,60.7,59.0,1699,5.13,5.11,3.11
0.41,Ideal,F,IF,61.1,58.0,1621,4.82,4.84,2.95
0.56,Premium,D,VS2,61.1,58.0,1963,5.3,5.34,3.25
0.7,Ideal,E,VS2,61.3,57.0,3504,5.73,5.75,3.52
1.17,Ideal,G,VS2,61.3,56.0,7548,6.81,6.79,4.17
1.53,Premium,G,VS1,60.2,59.0,13119,7.5,7.45,4.5
0.3,Ideal,F,VVS1,61.9,57.0,814,4.3,4.32,2.67
0.3,Ideal,D,VVS2,61.4,55.0,1041,4.34,4.36,2.67
0.51,Premium,H,SI2,60.0,62.0,964,5.18,5.15,3.1
0.71,Ideal,H,SI1,60.8,57.0,2006,5.77,5.81,3.52
0.36,Ideal,J,SI1,62.3,53.0,439,4.59,4.62,2.87
1.5,Ideal,I,I1,61.8,57.0,5510,7.39,7.31,4.54
0.41,Ideal,G,VS2,61.4,55.0,827,4.75,4.8,2.93
1.24,Very Good,J,SI2,60.4,61.0,4737,6.85,6.92,4.16
1.0,Premium,F,SI2,62.9,59.0,4155,6.39,6.3,3.99
0.3,Premium,G,IF,60.2,58.0,895,4.35,4.39,2.63
0.3,Ideal,H,VVS1,61.1,56.0,650,4.33,4.37,2.66
2.03,Ideal,J,SI1,62.6,55.0,13357,8.06,8.1,5.06
0.3,Premium,G,VS1,61.9,59.0,605,4.3,4.32,2.67
1.56,Ideal,F,SI1,61.2,57.0,11047,7.48,7.52,4.59
1.26,Very Good,H,SI1,62.1,57.0,6320,6.88,6.94,4.29
0.55,Ideal,G,VS2,61.1,57.0,1833,5.29,5.31,3.24
0.48,Very Good,J,SI2,62.3,63.0,1080,5.02,4.96,3.11
1.34,Premium,E,IF,61.8,58.0,17663,7.15,7.08,4.4
0.93,Premium,G,SI2,61.4,56.0,3019,6.27,6.23,3.84
0.79,Very Good,D,SI2,59.7,58.0,2878,6.0,6.07,3.6
0.3,Premium,E,SI1,62.5,59.0,675,4.3,4.28,2.68
0.46,Very Good,E,SI1,61.4,62.0,1042,4.92,4.95,3.03
1.01,Premium,D,SI1,59.8,54.0,5147,6.6,6.5,3.93
1.01,Ideal,H,SI1,62.9,55.0,4773,6.35,6.4,4.01
0.32,Premium,E,SI1,60.2,60.0,720,4.44,4.39,2.66
0.36,Ideal,E,SI1,61.4,57.0,631,4.56,4.59,2.81
0.34,Premium,G,VS2,60.2,58.0,596,4.52,4.55,2.73
0.4,Premium,F,VS2,61.6,58.0,1080,4.8,4.75,2.94
1.16,Ideal,D,SI1,62.0,56.0,5911,6.76,6.73,4.18
0.7,Fair,G,VS2,66.5,57.0,2575,5.4,5.46,3.61
2.05,Very Good,H,VS2,61.8,60.0,18152,8.14,8.19,5.05
0.75,Ideal,G,VVS2,62.2,56.0,3879,5.78,5.82,3.61
2.01,Premium,H,VS2,62.6,58.0,15395,8.03,7.94,5.0
0.31,Very Good,E,VVS2,58.8,59.0,704,4.46,4.45,2.62
0.62,Ideal,G,IF,61.8,56.0,3310,5.45,5.48,3.38
0.7,Very Good,F,SI2,58.8,57.0,2020,5.85,5.89,3.45
2.01,Premium,J,VVS1,62.2,58.0,15836,8.1,7.89,5.0
2.2,Premium,I,VS2,58.9,60.0,17905,8.63,8.52,5.05
0.73,Ideal,G,VS1,60.2,56.0,3273,5.86,5.9,3.54
0.7,Ideal,G,SI1,60.9,56.0,2965,5.73,5.79,3.51
0.55,Good,E,SI1,63.3,54.0,1138,5.21,5.24,3.31
0.7,Very Good,E,VS1,62.2,55.0,3154,5.65,5.67,3.52
1.0,Ideal,H,VS2,62.4,57.0,4172,6.42,6.36,3.99
0.92,Premium,F,SI1,62.6,59.0,3684,6.23,6.19,3.89
0.52,Fair,F,VS1,57.2,59.0,1784,5.35,5.39,3.07
0.57,Premium,E,VVS2,60.0,61.0,2507,5.44,5.36,3.24
0.43,Ideal,F,SI1,61.3,56.0,948,4.9,4.86,2.99
2.01,Ideal,G,VS2,61.4,54.0,18607,8.16,8.09,4.99
0.4,Ideal,E,VS2,62.4,55.0,975,4.74,4.71,2.95
1.11,Premium,J,VS2,59.9,60.0,4315,6.78,6.71,4.04
1.01,Very Good,D,VS2,62.9,58.0,6738,6.35,6.41,4.01
0.56,Very Good,F,VS2,60.0,57.0,1627,5.34,5.39,3.22
0.3,Ideal,D,VS2,62.0,56.0,911,4.35,4.33,2.69
0.7,Very Good,H,SI1,62.7,56.0,2107,5.6,5.62,3.52
1.0,Very Good,F,SI1,63.3,58.0,5528,6.28,6.39,4.01
2.45,Very Good,H,SI2,63.5,58.0,11830,8.7,8.58,5.49
0.74,Very Good,F,SI1,62.9,57.0,2684,5.76,5.79,3.63
0.23,Ideal,G,VVS1,61.5,57.0,536,3.94,3.97,2.43
0.35,Premium,D,SI1,61.0,60.0,644,4.54,4.58,2.78
0.26,Ideal,E,VVS2,62.9,58.0,554,4.02,4.06,2.54
1.32,Good,I,VS1,59.2,58.0,7143,7.14,7.18,4.24
0.71,Very Good,E,VS2,63.4,60.0,2450,5.71,5.67,3.61
0.41,Ideal,D,VS1,61.8,57.0,1230,4.8,4.75,2.95
0.51,Very Good,G,VS2,62.6,57.0,1343,5.1,5.15,3.21
0.61,Very Good,F,VVS2,60.5,58.5,2274,5.44,5.64,3.34
0.72,Very Good,G,SI2,62.1,59.0,2015,5.66,5.73,3.54
0.3,Ideal,E,VS2,61.5,55.0,658,4.32,4.4,2.68
0.39,Ideal,G,VVS1,62.3,57.0,1170,4.7,4.64,2.91
1.09,Premium,G,IF,61.3,58.0,10065,6.64,6.6,4.06
0.91,Ideal,G,VS1,61.3,56.0,4029,6.28,6.21,3.83
0.96,Premium,I,SI2,61.3,60.0,2669,6.45,6.25,3.9
1.03,Ideal,E,SI1,62.0,53.0,5710,6.5,6.47,4.02
1.09,Premium,H,SI2,61.7,60.0,4496,6.57,6.59,4.06
0.41,Ideal,I,VVS2,62.4,57.0,843,4.68,4.75,2.94
0.36,Premium,G,VS1,62.3,59.0,726,4.5,4.55,2.82
1.01,Ideal,D,SI1,60.8,56.0,5939,6.54,6.48,3.96
0.67,Very Good,G,VVS1,62.0,56.0,3178,5.6,5.62,3.48
0.55,Premium,D,SI1,62.7,59.0,1698,5.25,5.22,3.28
1.02,Premium,H,I1,62.5,60.0,3199,6.41,6.39,4.0
1.04,Ideal,H,SI2,60.3,57.0,4323,6.54,6.59,3.96
0.53,Premium,D,SI1,60.0,58.0,1631,5.24,5.29,3.16
0.94,Good,D,SI1,63.6,56.0,4790,6.25,6.2,3.96
0.41,Ideal,I,VVS2,61.6,56.0,753,4.79,4.82,2.96
0.57,Premium,E,SI2,62.5,54.0,1058,5.35,5.3,3.33
1.01,Ideal,E,VS1,60.4,59.0,7458,6.52,6.5,3.93
0.4,Ideal,J,VVS2,61.8,55.0,662,4.76,4.79,2.95
1.07,Premium,H,SI1,58.9,59.0,4235,6.76,6.71,3.97
1.24,Ideal,H,VS2,61.8,55.0,8726,6.91,6.95,4.28
1.03,Very Good,F,SI2,61.1,59.0,4218,6.51,6.58,4.0
1.51,Ideal,E,VS1,61.5,57.0,18729,7.34,7.4,4.53
0.33,Premium,F,VS2,60.0,60.0,577,4.45,4.49,2.68
0.3,Premium,J,VS1,62.6,60.0,394,4.22,4.28,2.66
0.32,Ideal,E,VS2,62.0,55.0,900,4.38,4.36,2.71
0.56,Ideal,G,VS1,61.0,56.0,2230,5.31,5.35,3.25
1.02,Premium,H,SI2,62.6,58.0,4798,6.44,6.4,4.02
1.0,Ideal,E,SI2,61.9,56.0,4766,6.39,6.43,3.97
1.06,Very Good,F,VS2,61.5,58.0,7706,6.53,6.57,4.03
1.01,Good,F,SI2,63.6,59.0,4197,6.37,6.34,4.04
0.76,Ideal,G,SI2,62.1,59.0,2389,5.81,5.84,3.62
0.51,Ideal,F,SI2,61.1,56.0,1139,5.18,5.21,3.17
1.5,Premium,I,VS2,61.4,58.0,11655,7.28,7.24,4.46
0.92,Premium,D,I1,63.0,58.0,2698,6.18,6.13,3.88
1.23,Ideal,G,VVS2,61.3,56.0,10445,6.89,6.91,4.23
1.03,Very Good,F,VS2,62.3,59.0,6153,6.39,6.45,4.0
0.38,Ideal,H,VS1,62.4,53.0,754,4.67,4.69,2.92
0.39,Very Good,G,VVS2,63.4,57.0,956,4.65,4.62,2.94
0.41,Ideal,J,VVS1,61.2,57.0,994,4.82,4.79,2.94
1.51,Premium,H,SI2,62.4,58.0,8388,7.36,7.31,4.58
2.04,Premium,H,SI2,62.7,56.0,15760,8.12,8.06,5.07
1.01,Very Good,H,SI1,63.4,58.0,4191,6.41,6.37,4.05
0.72,Premium,G,SI1,62.8,60.0,2352,5.78,5.68,3.6
0.38,Premium,G,VS2,60.8,61.0,983,4.66,4.65,2.83
0.41,Ideal,E,VS1,62.0,54.0,1079,4.76,4.79,2.96
2.01,Ideal,F,SI2,62.2,56.0,17078,8.05,8.08,5.02
0.42,Very Good,H,VVS2,62.4,57.0,921,4.78,4.83,3.0
0.71,Premium,G,VVS2,62.1,57.0,2832,5.75,5.65,3.54
0.56,Ideal,F,VS2,61.0,55.0,1708,5.33,5.35,3.26
0.52,Ideal,G,VS2,61.3,56.0,1737,5.18,5.21,3.18
0.72,Premium,E,VS2,61.1,59.0,2903,5.8,5.75,3.53
0.9,Ideal,D,VS2,61.2,56.0,6689,6.2,6.26,3.81
1.04,Ideal,E,VVS2,62.0,58.0,9552,6.54,6.46,4.03
0.32,Premium,J,VS2,61.9,59.0,393,4.35,4.38,2.7
0.9,Very Good,E,VS2,63.0,57.0,4643,6.07,6.15,3.85
0.7,Premium,D,SI2,60.6,58.0,2596,5.75,5.7,3.47
0.41,Very Good,H,SI2,61.5,59.0,593,4.8,4.82,2.96
0.33,Ideal,G,VS1,62.1,55.0,666,4.43,4.46,2.76
1.15,Ideal,F,VVS2,62.1,55.0,8903,6.74,6.69,4.17
1.02,Premium,F,SI2,60.4,60.0,4238,6.53,6.49,3.93
0.52,Ideal,F,VS1,62.1,56.0,1767,5.14,5.2,3.2
0.27,Very Good,E,VVS2,61.7,58.0,620,4.12,4.15,2.55
0.73,Good,E,VS1,60.8,61.0,3471,5.77,5.8,3.52
0.72,Ideal,G,VVS2,61.9,57.0,3849,5.72,5.75,3.55
1.16,Premium,H,I1,61.7,62.0,2368,6.68,6.64,4.11
0.32,Ideal,I,VS2,62.0,57.0,449,4.36,4.41,2.72
0.81,Ideal,F,SI2,62.6,55.0,2795,5.92,5.96,3.72
0.7,Ideal,H,VS1,61.0,56.0,3185,5.75,5.79,3.51
0.3,Ideal,E,SI2,62.1,54.0,401,4.32,4.35,2.69
1.59,Premium,E,SI2,62.3,58.0,6010,7.42,7.37,4.61
1.54,Premium,D,VS2,62.7,59.0,16921,7.33,7.29,4.58
0.3,Premium,G,VS1,62.9,60.0,776,4.22,4.18,2.64
0.32,Ideal,G,IF,62.3,53.0,918,4.41,4.45,2.76
0.71,Very Good,G,VS2,61.9,62.0,2671,5.69,5.72,3.53
1.56,Ideal,H,VS2,62.2,56.0,12864,7.45,7.47,4.64
1.01,Premium,F,VS2,61.6,59.0,6707,6.43,6.39,3.95
1.01,Good,G,VVS2,63.2,59.0,7528,6.34,6.38,4.02
0.3,Premium,D,SI1,62.3,58.0,552,4.28,4.32,2.68
0.5,Good,G,VVS2,63.9,58.0,1806,5.05,5.0,3.21
1.06,Premium,H,SI1,61.0,60.0,5461,6.59,6.56,4.01
1.07,Ideal,F,SI2,61.5,57.0,4678,6.57,6.6,4.05
0.41,Good,E,VVS1,63.5,57.0,1002,4.73,4.75,3.01
0.31,Premium,E,VVS1,61.5,58.0,988,4.37,4.35,2.68
0.29,Ideal,H,IF,62.1,55.0,607,4.26,4.29,2.65
0.9,Premium,I,VS2,60.1,59.0,3663,6.37,6.25,3.79
0.31,Ideal,D,VS2,59.4,56.0,879,4.45,4.4,2.63
0.28,Very Good,E,VVS1,61.9,59.0,642,4.16,4.21,2.59
1.03,Premium,D,VS1,59.6,61.0,6974,6.62,6.57,3.93
0.32,Premium,H,VS2,62.5,59.0,505,4.33,4.38,2.72
0.3,Premium,D,VS2,60.6,59.0,710,4.28,4.36,2.62
0.6,Ideal,E,VS1,59.6,59.0,2339,5.52,5.45,3.27
0.91,Ideal,G,SI1,61.9,56.0,4731,6.22,6.18,3.84
0.54,Premium,D,VVS2,62.0,59.0,2505,5.17,5.22,3.22
2.16,Ideal,J,VS1,61.4,59.0,15714,8.27,8.33,5.1
0.31,Very Good,H,VS2,60.0,60.0,489,4.4,4.43,2.65
0.32,Ideal,G,VVS2,60.6,57.0,936,4.43,4.41,2.68
0.59,Ideal,G,VVS2,61.0,57.0,2024,5.41,5.44,3.31
0.51,Ideal,E,VVS2,62.5,57.0,2301,5.06,5.12,3.18
1.16,Very Good,H,SI2,61.8,58.0,4785,6.75,6.81,4.19
1.05,Very Good,H,SI1,63.5,57.0,4692,6.47,6.44,4.1
1.05,Premium,F,SI2,62.8,55.0,4363,6.55,6.48,4.09
0.66,Ideal,E,SI2,62.4,56.0,1584,5.61,5.55,3.48
1.62,Premium,F,VS1,61.3,57.0,16112,7.6,7.55,4.64
0.7,Very Good,F,VVS2,62.6,59.0,2940,5.6,5.64,3.52
0.72,Premium,H,SI1,61.5,56.0,2398,5.8,5.77,3.56
1.09,Premium,F,SI1,62.7,58.0,5287,6.51,6.56,4.1
0.32,Premium,G,VVS2,62.3,58.0,936,4.38,4.35,2.72
0.96,Premium,E,SI2,62.8,60.0,3016,6.3,6.24,3.94
2.28,Premium,H,SI2,62.1,59.0,17892,8.4,8.44,5.23
0.4,Ideal,E,VVS2,61.5,55.0,1056,4.79,4.77,2.94
0.9,Premium,G,SI2,61.3,55.0,3226,6.18,6.12,3.77
0.51,Premium,G,VS2,61.3,59.0,1443,5.17,5.11,3.15
0.35,Ideal,D,VS2,60.6,56.0,829,4.54,4.57,2.76
0.77,Fair,H,VS1,64.6,56.4,2594,5.78,5.84,3.75
1.78,Ideal,H,SI1,62.1,57.0,12843,7.77,7.73,4.81
0.7,Premium,F,SI1,60.8,56.0,2394,5.72,5.66,3.46
1.29,Ideal,G,VVS2,62.4,57.0,10614,6.94,6.97,4.34
0.57,Very Good,D,SI2,62.1,58.0,1387,5.26,5.31,3.28
1.05,Very Good,G,VS2,61.7,55.0,5917,6.5,6.56,4.03
0.77,Ideal,D,SI2,62.1,56.0,2896,5.83,5.89,3.64
0.43,Premium,H,VS2,61.9,55.0,1016,4.95,4.8,3.02
0.52,Ideal,E,SI1,61.1,57.0,1656,5.2,5.17,3.16
0.4,Ideal,G,IF,61.9,56.0,1570,4.7,4.76,2.93
0.52,Premium,F,VS2,60.2,59.0,1451,5.19,5.21,3.13
0.31,Ideal,E,VS2,62.4,53.0,642,4.33,4.36,2.71
0.69,Very Good,F,SI1,62.6,59.6,1951,5.59,5.66,3.52
0.8,Ideal,E,VVS2,61.4,57.0,4493,5.98,5.94,3.66
0.92,Very Good,G,SI1,61.8,54.0,4281,6.25,6.37,3.9
0.7,Good,F,SI1,58.7,60.0,2409,5.75,5.81,3.39
0.51,Very Good,E,VS2,60.0,57.0,1549,5.15,5.19,3.1
0.9,Good,D,SI1,63.8,58.0,4193,6.09,6.13,3.9
0.7,Very Good,G,VS1,63.1,57.0,2497,5.7,5.61,3.57
0.3,Ideal,H,SI1,60.7,56.0,465,4.35,4.37,2.65
0.26,Ideal,I,VS1,61.9,56.0,358,4.08,4.16,2.55
0.76,Good,E,SI2,58.8,59.0,2680,5.95,5.99,3.51
0.76,Very Good,F,VVS2,62.9,58.0,3640,5.76,5.85,3.65
0.3,Ideal,D,VS2,60.9,57.0,710,4.32,4.35,2.64
1.06,Ideal,D,IF,61.2,57.0,15813,6.57,6.61,4.03
0.54,Ideal,I,SI1,62.0,55.0,1057,5.21,5.25,3.24
0.42,Ideal,H,SI1,62.2,57.0,700,4.78,4.8,2.98
0.39,Very Good,G,VVS2,60.7,61.0,958,4.7,4.73,2.86
0.72,Premium,H,VS2,61.1,58.0,2318,5.78,5.74,3.52
1.02,Very Good,I,VS2,59.3,59.0,4762,6.57,6.62,3.91
1.7,Very Good,J,SI1,61.9,59.0,8870,7.59,7.64,4.71
0.31,Premium,G,VVS2,61.8,58.0,707,4.32,4.36,2.68
0.43,Very Good,G,VS2,61.0,56.0,844,4.87,4.89,2.98
2.01,Ideal,F,SI2,60.0,56.0,17220,8.17,8.22,4.92
0.7,Ideal,E,SI1,62.2,57.0,2542,5.72,5.67,3.54
1.01,Fair,G,VS2,59.1,56.0,6271,6.55,6.52,3.86
0.72,Fair,J,SI2,66.1,55.0,1762,5.51,5.56,3.66
0.39,Ideal,E,VVS2,61.6,56.0,1300,4.69,4.73,2.9
1.04,Premium,G,VS2,61.8,58.0,6709,6.51,6.46,4.01
0.83,Ideal,F,SI1,62.1,55.0,3254,6.0,6.05,3.74
0.33,Very Good,G,VS2,62.0,58.0,579,4.42,4.45,2.75
1.05,Ideal,G,VVS2,62.2,56.0,8645,6.49,6.53,4.05
0.5,Good,D,VS1,60.9,62.0,1657,5.05,5.06,3.08
0.38,Ideal,D,VS2,62.0,56.0,933,4.64,4.68,2.89
0.5,Good,E,VVS2,58.9,61.0,2183,5.18,5.2,3.06
1.0,Premium,D,SI2,60.3,58.0,4295,6.48,6.45,3.9
0.35,Ideal,E,SI1,60.9,55.0,614,4.53,4.57,2.77
1.0,Premium,F,SI1,61.9,60.0,5544,6.34,6.39,3.94
1.7,Very Good,F,I1,63.1,56.0,5998,7.62,7.51,4.78
0.23,Very Good,D,VVS2,61.3,59.0,530,3.91,3.99,2.42
1.72,Ideal,I,VS2,62.8,57.0,11226,7.69,7.63,4.81
0.79,Premium,F,SI1,62.8,55.0,2656,5.94,5.88,3.71
1.52,Premium,H,VS2,60.6,61.0,9704,7.46,7.42,4.51
0.25,Very Good,F,IF,61.5,56.0,560,4.04,4.06,2.48
1.22,Premium,G,VS2,61.1,56.0,8062,6.94,6.85,4.21
1.33,Good,I,VS1,63.7,56.0,6963,6.92,6.96,4.42
1.5,Premium,G,SI1,62.3,60.0,7535,7.27,7.17,4.5
1.51,Very Good,I,VVS2,61.9,56.0,9416,7.35,7.38,4.56
2.03,Very Good,E,SI2,63.1,56.0,14646,8.01,7.99,5.05
0.24,Ideal,G,VVS1,62.4,56.0,559,3.97,3.99,2.48
0.33,Ideal,E,IF,60.8,57.0,1079,4.44,4.47,2.71
0.54,Ideal,H,VVS2,61.1,56.0,1696,5.23,5.28,3.21
2.26,Ideal,J,VS2,61.1,57.0,17010,8.44,8.47,5.17
0.27,Very Good,E,VVS2,59.7,61.0,567,4.24,4.27,2.54
2.09,Premium,H,VS2,62.2,58.0,18443,8.17,8.12,5.06
0.37,Premium,G,VS2,61.2,60.0,649,4.58,4.63,2.82
0.61,Good,F,VS1,60.6,60.3,2120,5.46,5.51,3.32
0.45,Ideal,E,VVS2,61.6,56.0,1817,4.96,4.98,3.06
1.01,Very Good,H,SI1,62.5,58.0,4306,6.35,6.38,3.98
0.4,Ideal,E,VS1,62.1,55.0,960,4.79,4.75,2.96
1.01,Very Good,D,SI1,59.8,56.0,5394,6.57,6.6,3.94
1.0,Very Good,E,SI2,63.7,60.0,4181,6.24,6.32,4.0
0.51,Very Good,G,VVS2,62.9,57.0,1875,5.09,5.12,3.21
0.7,Very Good,G,SI1,64.3,56.0,2517,5.56,5.58,3.58
0.25,Very Good,I,VVS2,61.6,56.0,455,4.06,4.09,2.51
0.58,Very Good,F,SI1,62.6,57.0,1373,5.24,5.36,3.32
0.5,Very Good,I,SI1,63.2,57.0,1087,5.07,5.09,3.21
0.7,Ideal,E,SI1,61.7,55.0,2745,5.71,5.74,3.53
0.73,Ideal,E,SI1,62.2,56.0,2791,5.74,5.78,3.58
0.71,Very Good,G,SI1,63.2,58.0,2137,5.58,5.68,3.56
0.5,Very Good,G,SI1,60.0,63.0,1197,5.06,5.1,3.05
0.28,Very Good,E,VVS2,60.0,56.0,642,4.26,4.28,2.56
0.52,Ideal,G,VVS2,59.8,57.0,2012,5.26,5.24,3.14
0.43,Ideal,G,VVS1,62.0,55.0,1207,4.82,4.85,3.0
0.3,Premium,G,VVS2,61.2,59.0,684,4.31,4.35,2.65
0.41,Premium,G,VS2,62.6,59.0,1061,4.76,4.73,2.97
1.29,Ideal,G,VS2,62.5,57.0,8582,6.89,6.92,4.35
0.33,Ideal,F,VVS1,61.8,57.0,955,4.43,4.47,2.75
0.3,Ideal,F,IF,61.4,56.0,886,4.32,4.34,2.66
1.21,Ideal,G,VS1,61.8,55.0,8864,6.81,6.87,4.23
0.72,Ideal,G,VS1,61.2,57.0,3478,5.76,5.79,3.53
0.23,Very Good,D,VVS2,59.6,61.0,499,3.99,4.03,2.39
0.4,Premium,G,VS2,61.9,58.0,753,4.74,4.76,2.94
1.5,Very Good,F,SI1,63.9,58.0,11004,7.12,7.16,4.56
0.5,Premium,H,SI1,60.2,61.0,1141,5.16,5.14,3.1
1.02,Premium,G,VS2,60.5,54.0,6169,6.57,6.48,3.95
1.24,Very Good,I,VS1,59.4,58.0,6754,7.04,7.09,4.2
0.51,Ideal,F,VS1,61.9,56.0,1836,5.17,5.11,3.18
0.41,Very Good,J,VS2,61.6,57.0,627,4.79,4.82,2.96
1.01,Ideal,G,VS2,61.9,56.0,6439,6.42,6.46,3.99
0.38,Ideal,E,VVS2,62.0,57.0,1030,4.64,4.69,2.89
0.72,Ideal,F,VVS2,60.9,56.0,3780,5.83,5.77,3.53
0.3,Ideal,F,VS1,62.0,55.0,844,4.34,4.3,2.68
1.21,Very Good,G,SI2,62.7,59.0,5308,6.66,6.74,4.2
0.31,Very Good,D,VVS1,61.1,56.0,826,4.35,4.42,2.68
0.76,Premium,E,VS2,60.3,60.0,3107,5.97,5.94,3.59
0.42,Very Good,F,VS2,61.7,59.0,884,4.75,4.82,2.95
0.42,Ideal,G,IF,62.6,53.0,1289,4.79,4.82,3.01
0.59,Ideal,E,SI1,62.4,55.0,1664,5.34,5.39,3.35
1.5,Very Good,G,SI1,62.1,58.0,10019,7.26,7.3,4.52
0.31,Ideal,I,SI1,62.5,56.0,537,4.35,4.29,2.7
2.13,Good,H,SI2,59.2,58.0,16062,8.35,8.41,4.96
1.01,Premium,H,SI2,60.8,59.0,3733,6.51,6.46,3.94
0.53,Ideal,I,SI1,61.5,54.0,1038,5.22,5.26,3.22
0.56,Ideal,I,VS2,62.1,54.0,1237,5.3,5.33,3.3
1.74,Ideal,I,SI2,61.6,57.0,8896,7.67,7.74,4.75
0.73,Very Good,J,VS2,60.6,61.0,1952,5.77,5.81,3.51
0.7,Very Good,F,SI1,59.8,59.0,2401,5.74,5.8,3.45
1.04,Premium,E,SI1,59.6,59.0,5766,6.59,6.56,3.92
0.34,Premium,G,IF,62.3,59.0,1084,4.49,4.46,2.79
0.7,Ideal,F,VS1,62.4,56.0,2874,5.69,5.65,3.54
0.38,Ideal,F,VS1,61.1,56.0,1004,4.7,4.65,2.86
0.38,Premium,F,VS2,60.9,56.0,1026,4.72,4.67,2.86
1.01,Very Good,G,VS2,59.9,60.0,5759,6.46,6.52,3.89
0.83,Very Good,J,VS2,60.5,55.0,2444,6.08,6.11,3.69
0.55,Premium,G,SI1,60.7,56.0,1226,5.38,5.32,3.25
0.41,Premium,F,SI2,59.0,58.0,604,4.87,4.89,2.88
1.53,Ideal,G,VS1,62.2,56.0,13994,7.36,7.31,4.56
1.02,Premium,F,SI2,61.1,59.0,4541,6.45,6.41,3.93
0.4,Good,E,SI1,63.2,56.0,687,4.65,4.69,2.95
0.43,Premium,F,VVS2,61.6,60.0,1169,4.82,4.86,2.98
0.91,Good,G,VVS2,64.1,58.0,4464,6.1,6.06,3.9
0.32,Premium,J,IF,61.2,59.0,684,4.44,4.41,2.71
0.3,Premium,H,VVS1,61.3,61.0,878,4.29,4.26,2.62
1.06,Ideal,H,SI2,61.7,60.0,4547,6.53,6.51,4.02
0.9,Premium,F,SI1,62.6,60.0,3881,6.14,6.1,3.83
0.51,Ideal,G,VVS2,61.8,56.0,1974,5.16,5.1,3.17
0.79,Ideal,I,VS1,62.2,57.0,2958,5.89,5.94,3.68
0.71,Very Good,E,SI1,63.1,59.0,2441,5.75,5.62,3.59
0.91,Ideal,E,SI1,60.7,56.0,3665,6.26,6.22,3.79
0.4,Very Good,E,SI1,63.5,58.0,882,4.67,4.65,2.96
0.33,Ideal,G,VVS1,61.0,56.0,971,4.49,4.52,2.75
1.24,Premium,H,VS1,61.2,59.0,7358,6.91,6.94,4.24
1.14,Ideal,F,VVS2,61.9,57.0,10786,6.73,6.68,4.15
1.09,Ideal,G,VS2,62.3,57.0,6480,6.6,6.57,4.1
0.42,Ideal,E,VS2,61.6,57.0,908,4.79,4.82,2.96
0.34,Ideal,F,IF,61.4,57.0,1276,4.49,4.5,2.76
1.06,Very Good,F,SI1,61.2,57.0,5142,6.58,6.68,4.06
0.4,Good,G,SI2,60.6,55.8,672,4.76,4.82,2.91
0.31,Good,H,SI1,63.6,57.0,435,4.28,4.31,2.73
0.53,Ideal,D,VS2,61.7,55.0,1956,5.23,5.21,3.22
1.16,Premium,H,SI1,59.6,58.0,4814,6.86,6.83,4.08
0.75,Fair,F,VS1,55.8,70.0,2859,6.09,5.98,3.37
0.38,Very Good,H,VS2,63.0,56.0,700,4.57,4.61,2.89
0.34,Very Good,G,SI1,63.4,57.0,521,4.4,4.45,2.81
0.23,Very Good,F,VVS1,60.7,55.0,525,3.98,4.0,2.42
0.34,Very Good,H,SI2,58.6,62.0,417,4.6,4.62,2.7
1.51,Very Good,I,IF,62.1,59.0,12291,7.25,7.31,4.52
0.3,Ideal,G,IF,62.1,55.0,895,4.31,4.35,2.69
0.73,Ideal,D,VS2,61.6,56.0,4134,5.76,5.8,3.56
0.28,Very Good,H,VS1,63.1,55.0,429,4.17,4.2,2.64
0.71,Ideal,F,SI2,61.4,55.0,2525,5.76,5.78,3.54
1.24,Ideal,J,VS2,62.3,56.0,5443,6.84,6.91,4.28
1.3,Premium,G,VVS1,60.5,60.0,11061,7.01,7.05,4.25
0.35,Premium,E,IF,59.0,61.0,1148,4.64,4.62,2.73
1.4,Very Good,G,VS1,62.6,58.0,11262,7.03,7.07,4.41
1.17,Ideal,H,SI1,61.1,57.0,6368,6.77,6.83,4.16
0.3,Premium,G,VS2,61.8,60.0,630,4.29,4.25,2.64
0.32,Ideal,G,SI1,62.6,55.0,445,4.38,4.41,2.75
0.56,Ideal,D,VS1,60.4,56.0,2026,5.36,5.33,3.23
1.0,Premium,J,VS1,62.8,57.0,4144,6.39,6.35,4.0
0.72,Ideal,H,SI2,61.3,55.0,2410,5.78,5.81,3.55
0.92,Premium,E,SI1,61.3,58.0,4379,6.19,6.25,3.81
0.91,Very Good,G,SI1,63.4,59.0,3763,6.2,6.14,3.91
1.54,Ideal,G,VVS2,62.5,57.0,15059,7.3,7.36,4.58
0.4,Premium,G,SI1,59.3,59.0,900,4.82,4.8,2.85
1.0,Ideal,G,VVS2,62.8,57.0,7979,6.37,6.43,4.02
1.54,Ideal,E,VS2,62.0,56.0,14529,7.46,7.43,4.61
0.27,Very Good,E,VVS2,63.0,56.0,622,4.12,4.14,2.6
0.41,Ideal,D,SI2,62.3,57.0,876,4.78,4.75,2.97
0.5,Very Good,D,SI1,61.9,61.0,1436,5.09,5.12,3.16
1.11,Very Good,D,VVS1,62.5,58.0,12200,6.67,6.6,4.15
1.1,Premium,F,SI2,62.1,56.0,3918,6.68,6.56,4.12
0.62,Ideal,D,SI1,62.2,55.0,1959,5.45,5.51,3.41
0.5,Ideal,J,VS2,62.5,53.0,915,5.09,5.12,3.19
0.32,Very Good,G,VS2,62.0,59.0,561,4.37,4.41,2.72
0.55,Very Good,J,SI1,60.9,56.0,1100,5.29,5.35,3.24
0.31,Ideal,D,VS2,62.5,56.0,734,4.29,4.32,2.69
0.34,Premium,H,VVS1,61.1,59.0,995,4.52,4.48,2.75
0.3,Ideal,G,VVS1,61.7,57.0,764,4.31,4.35,2.67
0.31,Good,F,VS2,63.5,55.0,583,4.31,4.32,2.74
0.3,Ideal,G,VVS2,61.8,57.0,850,4.31,4.33,2.67
1.34,Premium,E,VS2,58.2,60.0,8480,7.26,7.21,4.21
0.5,Fair,G,VS1,65.9,57.0,1373,5.0,4.87,3.25
1.03,Ideal,J,SI2,60.6,56.0,4347,6.58,6.57,3.99
1.26,Premium,F,VS1,62.7,58.0,9896,6.86,6.93,4.32
0.36,Ideal,E,VVS1,61.4,57.0,1043,4.64,4.61,2.54
0.42,Very Good,G,SI1,61.9,55.0,798,4.78,4.88,2.99
0.32,Premium,E,VS2,61.7,58.0,702,4.38,4.41,2.71
1.14,Very Good,E,VS1,63.1,59.0,8315,6.63,6.61,4.18
1.5,Good,G,VS2,58.8,64.0,11508,7.43,7.4,4.36
1.02,Fair,E,VS2,66.6,57.0,5350,6.09,6.14,4.07
0.7,Ideal,I,SI1,60.8,59.0,2083,5.74,5.78,3.5
0.6,Ideal,D,SI1,62.2,56.0,1996,5.44,5.4,3.37
0.5,Good,G,SI2,62.3,64.0,1121,5.1,5.02,3.15
0.31,Ideal,E,VS2,61.8,54.0,680,4.34,4.37,2.69
1.01,Very Good,F,SI1,62.1,57.0,4969,6.41,6.48,4.0
0.42,Very Good,H,VS2,59.0,57.0,843,4.92,4.95,2.91
1.22,Very Good,F,SI1,63.5,56.0,5329,6.79,6.75,4.3
0.58,Very Good,H,SI1,61.8,56.0,1219,5.34,5.38,3.31
0.34,Premium,E,VS2,61.9,58.0,745,4.43,4.45,2.75
1.51,Premium,E,SI1,59.6,61.0,12236,7.53,7.43,4.46
0.3,Premium,E,SI1,60.6,56.0,675,4.37,4.35,2.64
2.01,Premium,I,VS2,60.3,58.0,17826,8.22,8.16,4.94
0.7,Good,D,SI1,64.2,62.0,2318,5.52,5.48,3.53
0.34,Very Good,F,VS2,62.9,58.0,686,4.44,4.46,2.8
0.32,Ideal,E,VS1,61.6,55.0,898,4.43,4.46,2.74
1.4,Very Good,I,VS1,61.6,59.0,7584,7.17,7.22,4.43
0.74,Ideal,E,SI1,62.3,54.0,2762,5.8,5.83,3.62
0.77,Premium,H,SI1,60.7,58.0,2369,5.95,5.91,3.6
0.31,Good,H,VVS1,63.7,56.0,612,4.3,4.33,2.75
0.65,Ideal,D,VVS1,61.9,56.0,4320,5.53,5.56,3.43
0.9,Good,F,SI1,57.6,60.0,3950,6.34,6.37,3.66
1.2,Premium,F,VVS2,62.8,60.0,10580,6.79,6.74,4.25
0.36,Very Good,E,SI1,63.5,58.0,593,4.46,4.49,2.84
0.3,Premium,H,VVS1,61.1,61.0,819,4.3,4.27,2.62
0.31,Ideal,D,VS1,61.1,55.0,774,4.37,4.4,2.68
0.53,Ideal,D,SI1,61.2,57.0,1587,5.19,5.24,3.19
0.72,Ideal,I,VS1,60.7,57.0,2539,5.78,5.81,3.51
0.31,Ideal,G,VVS1,62.5,56.0,772,4.3,4.34,2.69
0.31,Ideal,G,VS2,62.2,54.0,562,4.34,4.38,2.71
0.31,Very Good,H,VVS1,61.3,56.0,651,4.35,4.38,2.67
0.32,Very Good,D,VS2,62.0,57.0,758,4.38,4.42,2.73
0.76,Premium,G,SI2,62.8,60.0,2364,5.81,5.79,3.64
1.35,Ideal,J,SI1,61.9,56.0,6124,7.1,7.08,4.39
0.8,Very Good,I,SI2,60.7,56.0,2329,6.01,6.03,3.66
0.56,Ideal,G,VS1,62.2,55.0,1819,5.27,5.31,3.29
1.5,Ideal,D,VS2,62.6,56.0,15992,7.27,7.21,4.53
0.38,Ideal,J,VVS2,62.0,55.0,629,4.67,4.69,2.9
0.58,Very Good,I,VVS1,63.0,57.0,1790,5.31,5.35,3.36
0.3,Very Good,E,VS1,61.4,59.0,653,4.32,4.28,2.64
0.8,Very Good,F,VS1,62.3,57.0,3720,5.92,5.95,3.7
0.38,Ideal,D,VVS2,61.5,57.0,1257,4.67,4.63,2.86
0.41,Very Good,H,VVS2,62.0,56.0,873,4.77,4.81,2.97
0.36,Premium,D,SI1,61.5,59.0,663,4.52,4.55,2.79
1.3,Very Good,G,VS1,62.5,57.0,9837,6.92,6.96,4.34
1.07,Ideal,E,VVS2,61.4,56.0,9863,6.55,6.65,4.05
1.7,Premium,G,SI2,58.9,62.0,10091,7.79,7.72,4.57
1.1,Ideal,G,VS1,61.3,57.0,7550,6.59,6.66,4.06
0.36,Ideal,I,VS2,61.6,55.0,523,4.6,4.65,2.85
1.16,Ideal,J,IF,60.6,56.0,5519,6.79,6.86,4.14
1.25,Ideal,H,SI1,62.2,54.0,7182,6.93,6.88,4.3
1.51,Premium,F,SI1,62.2,58.0,11374,7.32,7.27,4.54
0.71,Ideal,D,VS1,60.9,58.0,3716,5.72,5.78,3.5
2.06,Ideal,F,SI2,62.7,57.0,15970,8.19,8.09,5.1
0.42,Very Good,H,SI1,62.9,57.0,700,4.76,4.84,3.02
0.41,Premium,E,SI2,62.1,58.0,876,4.77,4.73,2.95
1.03,Fair,J,SI2,56.2,62.0,3246,6.73,6.69,3.77
0.8,Premium,I,SI1,60.9,60.0,2507,6.01,5.95,3.64
0.23,Very Good,F,VVS2,61.2,58.0,530,3.96,3.98,2.43
0.3,Ideal,G,VS1,61.8,56.0,624,4.31,4.33,2.67
0.34,Ideal,E,SI1,61.7,56.0,596,4.49,4.52,2.78
0.51,Ideal,F,VS2,61.3,56.0,1562,5.14,5.11,3.14
0.35,Ideal,F,VS2,62.6,56.0,706,4.49,4.52,2.82
0.72,Very Good,E,VS2,63.0,58.0,3065,5.69,5.73,3.6
1.5,Good,H,SI1,60.8,60.0,9336,7.28,7.38,4.46
0.9,Very Good,F,SI1,63.3,55.0,4004,6.05,6.08,3.84
0.7,Ideal,D,SI1,61.4,54.0,2872,5.71,5.75,3.52
0.3,Ideal,G,VVS2,60.9,57.0,878,4.35,4.32,2.64
0.31,Ideal,J,VS2,62.3,54.0,396,4.35,4.38,2.72
1.13,Ideal,I,VS1,61.6,54.0,5813,6.72,6.74,4.15
0.71,Premium,D,SI1,60.6,58.0,2913,5.77,5.79,3.5
0.36,Good,E,IF,57.7,54.0,1053,4.74,4.79,2.75
0.7,Very Good,G,VVS2,63.6,57.0,2681,5.59,5.63,3.57
0.55,Ideal,E,VS2,62.2,54.0,1741,5.29,5.26,3.28
1.16,Ideal,G,VS2,62.5,55.0,8061,6.75,6.69,4.2
2.02,Premium,I,SI2,61.2,58.0,13117,8.11,8.04,4.94
0.59,Premium,E,SI2,61.4,59.0,1229,5.4,5.32,3.29
0.52,Very Good,E,VS2,60.9,57.0,1689,5.17,5.2,3.16
1.04,Ideal,H,VS1,62.0,54.0,6368,6.52,6.54,4.05
0.9,Very Good,F,SI1,63.2,56.0,4158,6.16,6.09,3.87
1.06,Premium,F,SI1,61.0,58.0,5236,6.65,6.6,4.04
0.8,Very Good,F,SI1,62.6,58.0,2862,5.9,5.92,3.7
0.72,Very Good,H,SI2,63.5,55.0,1799,5.66,5.62,3.58
1.01,Fair,F,SI1,66.1,60.0,3197,6.15,6.13,4.06
0.33,Very Good,G,VS1,62.9,57.0,666,4.38,4.43,2.77
1.16,Premium,H,SI1,61.2,57.0,5554,6.84,6.76,4.16
1.01,Ideal,D,SI1,62.2,54.0,6257,6.42,6.45,4.0
0.93,Very Good,E,SI2,60.5,57.0,4325,6.32,6.37,3.84
0.74,Premium,E,SI2,62.6,58.0,2594,5.73,5.77,3.6
0.33,Ideal,E,VS2,61.6,57.0,723,4.44,4.46,2.74
0.32,Ideal,H,VS2,62.2,57.0,648,4.38,4.36,2.72
1.01,Fair,I,VS1,64.9,56.0,3801,6.29,6.2,4.07
0.26,Ideal,G,VS1,62.5,53.0,508,4.1,4.13,2.57
1.5,Very Good,E,VS2,60.7,60.0,14256,7.32,7.41,4.47
0.41,Premium,H,SI1,62.9,58.0,876,4.73,4.72,2.97
1.73,Premium,J,SI1,60.7,58.0,9105,7.73,7.78,4.71
0.45,Good,F,VS1,59.0,62.0,1012,5.02,5.04,2.97
0.41,Premium,F,VVS2,60.6,58.0,1115,4.79,4.84,2.92
2.04,Very Good,J,VS1,62.6,58.0,14527,8.06,8.11,5.06
0.53,Ideal,F,VS1,61.7,56.0,1630,5.2,5.22,3.21
0.31,Ideal,F,IF,62.2,56.0,1122,4.34,4.31,2.69
0.28,Very Good,F,IF,59.8,56.0,787,4.27,4.29,2.56
0.41,Very Good,F,VS1,60.7,56.0,1007,4.77,4.82,2.91
0.36,Premium,F,VS2,60.5,59.0,932,4.64,4.61,2.8
0.42,Premium,F,VS1,60.9,59.0,1031,4.8,4.85,2.94
0.9,Very Good,E,VS2,60.4,60.0,4707,6.23,6.29,3.78
1.01,Very Good,F,VS2,61.6,57.0,6773,6.39,6.46,3.96
1.14,Premium,D,SI2,62.4,58.0,4513,6.67,6.7,4.17
0.5,Ideal,I,SI2,62.2,53.0,895,5.11,5.14,3.19
0.53,Ideal,E,VS2,62.1,56.0,1813,5.2,5.17,3.22
0.42,Ideal,E,VS2,62.2,55.0,1024,4.83,4.79,2.99
1.08,Ideal,E,VVS2,61.0,56.0,11166,6.64,6.67,4.06
0.56,Ideal,E,SI1,62.8,58.0,1784,5.31,5.26,3.32
0.4,Premium,H,SI1,62.7,58.0,666,4.65,4.69,2.93
0.65,Ideal,H,VVS1,62.4,54.0,2177,5.55,5.57,3.47
0.32,Ideal,G,IF,61.0,57.0,918,4.41,4.44,2.7
1.61,Premium,D,SI2,61.3,58.0,10278,7.56,7.49,4.61
1.0,Good,G,VVS2,62.4,61.0,6748,6.32,6.3,3.94
1.53,Good,E,SI2,57.1,56.0,7643,7.69,7.65,4.38
2.19,Premium,I,SI2,62.5,58.0,15169,8.31,8.26,5.18
1.27,Very Good,I,SI1,63.0,60.0,6654,6.86,6.8,4.3
2.07,Ideal,H,SI1,60.6,56.0,14935,8.38,8.3,5.05
0.29,Very Good,G,VS2,62.0,55.0,471,4.24,4.27,2.63
2.09,Very Good,H,SI1,61.1,56.0,18392,8.23,8.3,5.05
0.32,Ideal,F,VS2,62.4,54.0,828,4.4,4.38,2.74
1.14,Good,G,SI2,63.7,58.0,4501,6.62,6.54,4.19
2.0,Premium,H,SI1,58.2,60.0,18371,8.34,8.26,4.83
0.9,Very Good,F,SI2,61.8,60.0,3803,6.13,6.14,3.79
0.38,Premium,H,VVS1,61.2,60.0,1033,4.7,4.68,2.87
0.7,Ideal,I,VS2,62.4,56.0,2056,5.71,5.66,3.55
0.71,Ideal,D,VS1,62.2,55.0,3136,5.74,5.71,3.56
0.81,Very Good,G,VS2,63.1,58.0,2994,5.88,5.84,3.7
0.32,Very Good,G,VS1,62.8,58.0,645,4.34,4.39,2.74
0.31,Good,H,VS1,63.1,57.0,544,4.31,4.34,2.73
0.59,Ideal,E,VVS2,61.8,57.0,3026,5.35,5.4,3.32
1.03,Very Good,H,SI1,63.4,62.0,4406,6.46,6.27,4.05
0.41,Premium,G,SI1,62.6,59.0,719,4.72,4.77,2.97
1.01,Premium,F,SI1,62.2,59.0,5345,6.41,6.36,3.97
0.74,Ideal,G,SI1,62.7,56.0,2309,5.78,5.74,3.61
1.04,Ideal,G,SI1,61.9,56.0,5311,6.46,6.5,4.01
0.7,Premium,D,VS2,60.9,57.0,2909,5.71,5.69,3.47
0.4,Ideal,H,SI2,61.9,58.0,596,4.71,4.73,2.92
0.27,Very Good,E,VS1,62.9,56.0,470,4.12,4.15,2.6
1.18,Ideal,I,SI1,62.2,56.0,5088,6.85,6.75,4.23
1.02,Ideal,G,I1,61.5,56.0,3382,6.49,6.46,3.98
0.6,Ideal,I,SI1,62.2,58.0,1342,5.37,5.41,3.35
1.0,Good,J,VS2,58.7,61.0,3769,6.5,6.52,3.82
1.15,Ideal,G,VVS2,61.8,56.0,9457,6.72,6.75,4.16
0.7,Premium,G,VVS2,60.2,61.0,2999,5.74,5.66,3.43
0.4,Premium,D,SI1,61.1,58.0,772,4.74,4.75,2.9
1.0,Premium,F,VS2,61.3,59.0,5347,6.39,6.35,3.9
1.0,Premium,F,SI1,62.1,59.0,5060,6.36,6.39,3.96
0.56,Premium,E,VVS2,59.2,56.0,2496,5.49,5.39,3.22
0.57,Ideal,E,VS2,60.8,56.0,1919,5.34,5.37,3.26
1.0,Very Good,I,VS2,61.9,59.0,5020,6.35,6.38,3.94
0.41,Ideal,E,VS2,61.8,57.0,935,4.76,4.78,2.95
0.7,Premium,J,VS1,62.0,58.0,1657,5.68,5.74,3.54
1.06,Very Good,F,SI1,62.3,56.0,4995,6.5,6.57,4.07
0.49,Premium,E,VS1,58.1,62.0,1577,5.2,5.13,3.0
0.72,Premium,D,SI1,60.4,59.0,2691,5.77,5.72,3.47
0.76,Very Good,E,IF,61.9,56.0,4798,5.83,5.85,3.62
1.32,Premium,J,SI2,61.2,59.0,4160,7.08,7.04,4.32
1.09,Ideal,H,SI2,62.0,57.0,4264,6.61,6.55,4.08
0.56,Ideal,F,SI2,61.9,55.0,1212,5.27,5.31,3.28
0.3,Ideal,F,VS1,62.6,57.0,570,4.29,4.34,2.7
0.82,Very Good,G,SI2,62.5,56.0,2893,5.99,6.04,3.76
0.54,Premium,I,VVS2,60.9,59.0,1944,5.28,5.26,3.21
1.44,Premium,G,VS1,61.8,57.0,11588,7.21,7.09,4.42
1.2,Premium,J,VS1,59.1,61.0,5107,7.0,6.94,4.12
0.24,Ideal,F,VVS1,62.0,56.0,678,3.99,4.01,2.48
0.54,Premium,H,VVS2,60.6,60.0,1662,5.29,5.31,3.21
0.23,Ideal,F,VVS2,62.3,56.0,530,3.95,4.01,2.48
0.36,Premium,E,SI1,62.2,59.0,589,4.53,4.57,2.83
1.0,Good,D,SI1,64.9,53.0,5469,6.27,6.3,4.08
0.3,Ideal,H,VS1,61.6,55.0,675,4.3,4.27,2.64
0.54,Ideal,D,VS1,61.4,57.0,2039,5.21,5.24,3.21
0.7,Premium,H,VVS2,61.0,57.0,2596,5.76,5.72,3.5
1.24,Ideal,J,SI1,61.8,57.0,4875,6.92,6.86,4.26
2.01,Ideal,F,SI2,61.9,55.0,18395,8.1,8.05,5.0
0.3,Ideal,G,VVS2,62.6,53.0,665,4.31,4.35,2.71
0.3,Premium,I,SI1,61.9,61.0,506,4.29,4.27,2.65
1.22,Ideal,G,VS1,62.5,57.0,8608,6.82,6.77,4.25
1.21,Very Good,H,SI2,62.6,61.0,5324,6.7,6.75,4.21
1.0,Good,F,SI1,63.8,58.0,4586,6.28,6.22,3.99
2.0,Fair,H,VS1,66.0,56.0,14199,7.79,7.72,5.12
1.2,Good,J,VS1,64.1,57.0,5601,6.68,6.74,4.3
0.3,Ideal,D,SI2,61.1,58.0,413,4.31,4.33,2.64
0.3,Ideal,G,VS1,61.8,57.0,624,4.29,4.32,2.66
0.7,Premium,H,SI1,59.0,60.0,2331,5.86,5.81,3.44
1.75,Ideal,G,VS2,62.6,56.0,16783,7.72,7.65,4.81
1.0,Very Good,D,SI1,59.8,59.0,5671,6.47,6.51,3.88
1.01,Very Good,G,VS2,62.5,57.0,5679,6.37,6.4,3.99
0.52,Ideal,D,VS2,62.1,57.0,1774,5.13,5.17,3.2
0.7,Ideal,D,VS2,62.4,57.0,2867,5.68,5.61,3.52
0.33,Ideal,E,VS2,61.8,55.0,723,4.45,4.48,2.76
0.43,Ideal,H,VVS2,61.3,56.0,1008,4.9,4.86,2.99
1.03,Ideal,G,VVS1,62.4,57.0,8608,6.47,6.39,4.01
0.42,Ideal,H,VVS2,62.0,57.0,1055,4.82,4.79,2.98
1.01,Good,H,VS2,64.3,58.0,4489,6.27,6.2,4.01
1.51,Ideal,D,SI1,61.9,57.0,11834,7.35,7.42,4.57
0.72,Very Good,G,VVS2,60.1,60.0,3449,5.79,5.82,3.49
0.79,Good,G,SI1,63.6,57.0,2726,5.86,5.84,3.72
0.41,Ideal,D,SI1,61.7,56.0,744,4.77,4.8,2.95
0.63,Ideal,F,VVS2,61.9,57.0,2835,5.47,5.51,3.4
1.12,Premium,I,VS2,62.8,57.0,4986,6.68,6.61,4.17
0.52,Ideal,E,VS2,61.2,56.0,1815,5.23,5.16,3.18
1.03,Very Good,D,VS2,63.3,57.0,7102,6.39,6.44,4.06
0.7,Very Good,E,VVS2,61.7,57.0,4240,5.68,5.71,3.51
0.36,Premium,G,VS1,59.7,59.0,726,4.61,4.64,2.76
0.5,Ideal,F,VS1,61.4,58.0,1601,5.07,5.12,3.13
0.73,Premium,F,VS2,62.5,57.0,2805,5.75,5.7,3.58
0.64,Good,F,SI1,57.9,64.0,1646,5.76,5.65,3.3
0.53,Very Good,E,IF,59.8,60.0,2542,5.28,5.35,3.18
0.5,Premium,G,VVS1,61.3,57.0,1987,5.15,5.07,3.13
1.23,Ideal,I,SI2,62.1,56.0,5269,6.88,6.84,4.26
0.36,Ideal,G,VS1,62.9,57.0,932,4.6,4.56,2.88
0.53,Ideal,E,VS1,61.6,55.6,2019,5.19,5.24,3.22
1.25,Premium,J,VS1,62.0,58.0,5500,6.89,6.92,4.28
1.05,Very Good,H,SI2,63.0,59.0,4158,6.44,6.48,4.07
0.44,Very Good,E,SI1,63.2,53.0,970,4.87,4.84,3.07
0.71,Ideal,G,VS2,62.5,57.0,2511,5.72,5.68,3.56
0.74,Ideal,F,SI2,61.9,56.0,2623,5.81,5.85,3.61
0.7,Very Good,F,SI1,62.3,57.0,2267,5.62,5.65,3.51
2.13,Premium,H,SI2,62.3,57.0,17073,8.24,8.16,5.11
1.12,Very Good,F,SI1,61.4,63.0,5374,6.7,6.68,4.11
0.4,Ideal,E,VVS2,62.1,55.0,1158,4.74,4.76,2.95
0.33,Ideal,E,VS1,60.2,57.0,1002,4.52,4.48,2.71
2.26,Very Good,H,SI2,63.2,58.0,13095,8.38,8.26,5.26
2.11,Premium,J,SI2,60.7,60.0,12440,8.2,8.27,5.0
0.3,Premium,G,VS2,62.6,62.0,630,4.25,4.21,2.65
1.55,Premium,G,SI1,59.8,59.0,9600,7.47,7.45,4.46
0.3,Very Good,D,SI2,62.4,59.0,447,4.25,4.28,2.66
1.04,Premium,F,VS2,59.6,62.0,6278,6.62,6.56,3.93
0.83,Good,E,SI1,63.7,59.0,3250,5.95,5.89,3.77
1.5,Premium,H,SI1,61.8,60.0,10567,7.31,7.23,4.49
0.41,Good,F,VVS2,58.6,60.0,1172,4.83,4.87,2.84
1.0,Very Good,D,SI1,62.1,58.0,5390,6.34,6.45,3.97
0.23,Good,F,VS2,61.0,57.0,442,3.97,4.01,2.44
0.28,Very Good,E,VVS2,63.6,56.0,596,4.13,4.17,2.64
1.15,Premium,J,SI1,62.3,55.0,4347,6.76,6.66,4.18
0.71,Very Good,G,VS1,60.8,63.0,2982,5.76,5.68,3.48
0.43,Ideal,H,VS1,61.2,55.0,1329,4.87,4.9,2.99
2.01,Very Good,I,VS2,59.6,58.0,16383,8.18,8.23,4.89
1.5,Very Good,H,VS2,62.0,55.0,9706,7.26,7.37,4.57
1.31,Ideal,I,VS1,61.8,55.0,8611,7.03,7.05,4.35
0.57,Premium,E,SI1,62.5,57.0,1429,5.28,5.22,3.28
0.36,Ideal,E,VS2,61.7,57.0,878,4.59,4.55,2.82
0.52,Very Good,G,VS2,63.3,57.0,1450,5.11,5.09,3.23
0.31,Ideal,D,VVS2,61.9,56.0,766,4.37,4.39,2.71
0.51,Very Good,E,VS2,63.6,59.0,1577,4.99,5.07,3.2
0.9,Very Good,F,SI1,63.0,61.0,4009,6.09,6.14,3.85
0.3,Very Good,I,VS1,61.8,63.0,567,4.29,4.26,2.64
0.28,Ideal,E,VVS2,62.4,56.0,646,4.16,4.2,2.61
0.71,Premium,G,VS1,60.8,59.0,2686,5.76,5.72,3.49
0.41,Ideal,E,VVS2,62.0,56.0,1187,4.72,4.76,2.94
2.02,Premium,H,SI1,62.2,59.0,14574,8.09,8.05,5.02
0.32,Ideal,E,VS2,61.6,56.0,637,4.4,4.43,2.72
0.33,Ideal,F,VS2,61.3,56.0,666,4.43,4.47,2.73
0.62,Very Good,F,VS2,59.5,63.0,1832,5.54,5.49,3.28
1.01,Very Good,H,VS2,62.6,61.0,4821,6.35,6.4,3.99
1.52,Very Good,J,VS1,62.2,55.0,8217,7.35,7.42,4.59
0.37,Premium,E,VS2,61.0,59.0,888,4.65,4.6,2.82
0.47,Premium,G,SI1,62.7,58.0,995,4.99,4.97,3.12
0.24,Premium,D,VVS2,59.5,62.0,668,4.06,4.04,2.41
0.75,Ideal,D,SI2,61.5,55.0,2618,5.85,5.89,3.61
0.32,Ideal,E,VVS2,61.5,56.0,1010,4.41,4.44,2.72
1.19,Premium,I,SI1,62.2,58.0,4777,6.73,6.77,4.2
0.75,Ideal,J,VS1,61.9,56.0,2161,5.81,5.85,3.61
0.53,Good,E,VS2,63.7,55.0,1607,5.12,5.15,3.27
0.31,Good,H,VS2,63.8,56.0,586,4.33,4.29,2.75
0.22,Premium,F,SI1,61.7,60.0,470,3.9,3.85,2.39
0.77,Very Good,E,VS2,60.4,58.0,3911,5.94,6.01,3.61
1.04,Premium,G,VS2,62.5,58.0,6290,6.47,6.43,4.03
1.39,Ideal,G,IF,60.6,55.0,13061,7.27,7.21,4.39
0.64,Premium,D,SI1,62.3,58.0,2074,5.53,5.49,3.43
0.65,Ideal,D,VVS1,60.9,57.0,5052,5.58,5.61,3.41
0.55,Ideal,G,VS2,61.4,56.3,1662,5.26,5.29,3.24
1.23,Ideal,H,SI1,61.0,56.0,6439,6.96,6.92,4.23
1.0,Premium,D,SI2,59.4,60.0,4626,6.56,6.48,3.87
0.95,Premium,H,SI2,58.8,60.0,3652,6.45,6.38,3.77
2.3,Ideal,I,SI2,61.8,57.0,16181,8.45,8.48,5.23
0.57,Premium,E,SI2,61.2,57.0,1414,5.35,5.31,3.26
0.3,Very Good,J,VS1,59.5,60.0,427,4.39,4.45,2.63
1.01,Ideal,F,VS2,62.6,57.0,6501,6.39,6.43,4.01
0.37,Premium,F,VS2,59.7,59.0,746,4.64,4.68,2.78
0.59,Very Good,I,SI1,61.7,55.2,1257,5.39,5.41,3.33
1.21,Very Good,J,VS1,62.6,57.0,5452,6.71,6.8,4.23
0.31,Very Good,E,IF,58.1,60.0,987,4.45,4.5,2.6
1.06,Ideal,G,VS2,61.8,57.0,6128,6.52,6.56,4.04
0.72,Ideal,E,SI1,62.9,54.0,2590,5.76,5.72,3.61
0.3,Very Good,F,VVS1,61.6,56.0,694,4.34,4.36,2.68
0.7,Ideal,E,SI1,61.6,56.0,3330,5.7,5.72,3.52
0.9,Premium,H,VS2,62.7,59.0,4082,6.15,6.1,3.84
0.5,Ideal,E,SI2,61.4,57.0,1240,5.14,5.09,3.14
1.58,Ideal,E,VS1,62.6,56.0,18057,7.44,7.41,4.65
0.4,Ideal,G,IF,62.0,56.0,1229,4.73,4.76,2.94
0.28,Ideal,F,VVS2,62.6,54.0,787,4.21,4.22,2.64
1.01,Fair,F,SI2,67.3,62.0,3597,6.09,6.03,4.08
1.0,Premium,D,SI2,62.2,61.0,4626,6.36,6.3,3.94
1.01,Ideal,H,SI2,60.7,59.0,4078,6.47,6.45,3.92
0.7,Very Good,H,SI1,62.1,59.0,2213,5.62,5.66,3.5
1.27,Premium,J,VS1,62.6,59.0,5518,6.88,6.92,4.32
1.5,Ideal,I,VS1,60.5,56.0,9533,7.38,7.46,4.49
0.4,Very Good,G,SI1,61.9,55.0,682,4.71,4.75,2.93
1.01,Premium,G,SI2,62.0,58.0,4327,6.41,6.37,3.96
1.01,Very Good,G,SI1,63.5,60.0,4271,6.41,6.38,3.92
0.31,Ideal,G,VVS1,62.1,53.0,789,4.36,4.4,2.72
0.32,Good,D,SI1,63.5,55.0,589,4.31,4.35,2.75
0.7,Very Good,G,VS1,62.8,58.0,2613,5.62,5.68,3.55
1.71,Premium,G,SI1,60.6,58.0,13666,7.79,7.75,4.71
0.71,Very Good,G,VS2,63.1,58.0,2515,5.69,5.6,3.56
0.49,Premium,G,SI2,59.4,60.0,1084,5.17,5.14,3.06
0.37,Ideal,E,VS2,62.7,56.0,811,4.55,4.6,2.87
0.38,Premium,G,VVS1,61.3,57.0,1064,4.68,4.62,2.85
1.56,Premium,J,VS1,61.1,59.0,8476,7.52,7.49,4.58
0.3,Ideal,E,VS1,61.9,58.0,694,4.27,4.29,2.65
0.72,Ideal,G,SI2,62.1,55.3,2089,5.72,5.74,3.56
1.0,Premium,F,I1,58.9,60.0,2841,6.6,6.55,3.87
1.01,Ideal,G,SI2,61.5,57.0,4783,6.43,6.45,3.96
1.18,Premium,I,SI1,61.8,58.0,5617,6.78,6.74,4.18
0.9,Very Good,H,SI1,63.2,61.0,3242,6.12,6.03,3.84
2.01,Premium,H,SI2,63.0,59.0,15917,7.93,7.9,4.99
0.47,Premium,G,VS2,61.8,60.0,1102,4.98,4.95,3.07
1.18,Premium,J,SI2,61.3,60.0,4197,6.78,6.83,4.17
0.3,Premium,G,IF,60.0,59.0,956,4.34,4.32,2.6
0.78,Ideal,H,VVS2,61.7,55.0,3015,5.9,5.94,3.65
0.71,Ideal,D,SI2,61.5,56.0,2633,5.78,5.74,3.54
0.91,Premium,I,SI2,60.2,59.0,2981,6.29,6.24,3.77
1.02,Ideal,E,SI2,60.3,57.0,4712,6.5,6.53,3.95
1.0,Premium,F,VVS1,61.0,60.0,9901,6.43,6.39,3.91
1.04,Ideal,G,VS2,62.0,59.0,6286,6.43,6.5,4.01
0.24,Very Good,E,VVS2,64.4,53.0,485,3.92,3.94,2.53
2.25,Good,J,SI1,62.4,61.0,15287,8.29,8.35,5.19
0.91,Good,G,VS2,59.9,61.0,4125,6.2,6.33,3.75
0.51,Very Good,F,VS1,61.4,60.0,1604,5.07,5.13,3.13
0.54,Ideal,D,VS1,61.4,53.0,1955,5.28,5.3,3.25
0.34,Ideal,F,VS2,62.1,55.0,880,4.51,4.47,2.79
0.8,Good,E,SI2,57.7,65.0,2640,6.13,6.08,3.52
1.31,Ideal,G,VS2,61.9,56.0,9085,7.08,7.05,4.37
1.02,Premium,G,VS2,62.6,59.0,5978,6.39,6.43,4.01
0.73,Fair,F,SI2,64.7,56.0,1631,5.6,5.53,3.6
1.0,Good,E,VS2,60.7,62.0,6279,6.33,6.46,3.88
1.51,Ideal,G,VS2,60.8,54.0,12210,7.45,7.43,4.52
0.35,Ideal,I,VS1,60.9,57.0,709,4.59,4.54,2.78
0.4,Good,D,VVS2,60.2,63.0,1135,4.74,4.8,2.87
2.11,Ideal,H,SI2,61.5,57.0,12179,8.3,8.25,5.09
0.9,Ideal,H,SI1,62.5,56.0,4492,6.14,6.18,3.85
1.19,Good,G,VVS2,61.1,61.0,8995,6.86,6.83,4.18
0.34,Ideal,E,SI1,62.1,55.0,765,4.51,4.47,2.79
0.28,Very Good,E,VVS2,61.0,57.0,707,4.22,4.25,2.58
0.58,Premium,E,SI1,62.1,58.0,1812,5.35,5.31,3.31
1.21,Ideal,H,SI1,61.1,57.0,6180,6.91,6.83,4.2
1.01,Ideal,D,VVS1,62.5,55.0,11767,6.44,6.39,4.01
0.57,Ideal,E,SI1,62.1,56.0,1728,5.33,5.3,3.3
1.03,Ideal,F,SI2,61.6,55.0,4683,6.46,6.49,3.99
0.33,Premium,E,SI1,60.9,58.0,579,4.46,4.5,2.73
2.05,Premium,H,SI2,62.5,58.0,16431,8.12,8.08,5.06
0.9,Very Good,I,SI2,62.5,58.0,3001,6.1,6.15,3.83
0.9,Ideal,D,SI1,62.5,57.0,4579,6.12,6.2,3.85
1.2,Ideal,G,SI1,62.7,56.0,7372,6.78,6.83,4.27
0.57,Premium,F,VS2,59.8,59.0,1760,5.4,5.37,3.22
1.5,Very Good,E,VS2,61.0,55.0,13963,7.38,7.45,4.52
1.01,Very Good,F,VS1,63.9,55.0,6679,6.28,6.36,4.04
0.33,Ideal,E,VS1,59.6,56.0,1002,4.54,4.49,2.69
0.33,Good,I,VVS2,63.7,56.0,579,4.36,4.4,2.79
0.52,Ideal,F,VS1,62.2,55.0,1778,5.14,5.18,3.21
0.53,Premium,G,VVS2,60.8,58.0,1914,5.25,5.18,3.17
0.39,Premium,F,VVS1,62.7,57.0,1290,4.68,4.64,2.92
0.3,Premium,E,VS2,59.1,58.0,658,4.37,4.39,2.59
0.71,Premium,E,SI1,60.3,58.0,2479,5.78,5.76,3.48
0.72,Very Good,H,VS1,62.2,54.0,2877,5.74,5.76,3.57
0.38,Very Good,D,SI1,62.2,53.8,831,4.65,4.69,2.9
1.19,Premium,H,SI1,61.4,58.0,5595,6.79,6.83,4.18
0.74,Very Good,E,VS2,61.8,58.0,3180,5.79,5.82,3.59
1.01,Premium,D,VVS2,62.4,60.0,10221,6.31,6.36,3.95
1.04,Very Good,J,SI2,63.2,58.6,3924,6.35,6.39,4.03
0.24,Very Good,I,VVS1,62.3,57.0,336,3.95,3.98,2.47
0.46,Premium,D,VVS1,60.0,59.0,1898,5.0,5.04,3.01
0.71,Premium,D,VVS1,59.2,59.0,4234,5.88,5.84,3.47
0.31,Ideal,D,VVS2,61.5,56.0,828,4.39,4.43,2.71
0.26,Premium,E,VVS1,62.3,60.0,769,4.09,4.07,2.54
0.3,Premium,D,SI1,61.7,60.0,709,4.28,4.25,2.63
0.37,Premium,F,VS2,59.7,59.0,957,4.68,4.64,2.78
0.41,Very Good,F,SI1,63.0,56.0,705,4.71,4.78,2.99
0.95,Premium,F,SI1,62.9,59.0,4682,6.24,6.13,3.89
0.54,Ideal,H,VVS1,60.4,55.0,1944,5.32,5.27,3.2
0.8,Premium,H,SI2,61.6,59.0,2409,5.92,5.86,3.63
0.39,Good,G,VVS1,61.6,61.0,1041,4.71,4.74,2.91
0.56,Ideal,F,SI1,61.5,55.0,1365,5.32,5.35,3.28
1.22,Very Good,H,SI1,63.5,55.0,6387,6.78,6.73,4.29
0.56,Very Good,D,SI1,63.1,57.0,1777,5.22,5.19,3.29
1.28,Premium,I,SI1,59.4,61.0,3942,7.11,7.04,4.2
1.09,Good,F,SI2,60.8,61.4,5167,6.59,6.64,4.02
0.32,Ideal,G,VVS1,62.4,56.0,842,4.36,4.39,2.73
1.01,Premium,H,VS2,60.7,61.0,4921,6.47,6.39,3.9
1.09,Ideal,G,SI1,62.2,56.0,4970,6.6,6.55,4.09
0.81,Ideal,F,SI2,58.8,57.0,2761,6.14,6.11,3.6
0.9,Premium,D,SI1,61.2,60.0,4304,6.19,6.14,3.77
1.52,Very Good,G,VS2,61.6,56.0,12730,7.37,7.43,4.56
0.53,Very Good,G,VS2,60.1,59.0,1449,5.22,5.26,3.15
0.36,Premium,F,VS2,59.4,56.0,905,4.71,4.69,2.79
0.54,Ideal,D,VS2,61.8,57.0,1892,5.22,5.26,3.24
0.33,Premium,E,SI1,62.2,59.0,743,4.43,4.41,2.75
0.45,Ideal,F,SI1,60.8,56.0,930,4.97,4.93,3.01
0.32,Premium,F,VS2,60.6,59.0,645,4.4,4.44,2.68
1.32,Ideal,G,VS2,62.4,57.0,8728,7.05,6.98,4.38
0.9,Very Good,I,SI2,61.5,57.0,3503,6.16,6.19,3.8
0.51,Very Good,G,VS2,62.3,59.0,1438,5.07,5.1,3.17
0.71,Ideal,D,SI2,61.1,57.0,2612,5.77,5.79,3.53
1.07,Very Good,D,IF,60.9,58.0,18114,6.57,6.67,4.03
0.59,Ideal,F,SI1,62.3,54.0,1424,5.37,5.41,3.36
0.42,Ideal,H,VVS1,61.4,55.0,1052,4.81,4.83,2.96
1.57,Ideal,J,SI1,62.3,57.0,7737,7.45,7.39,4.62
0.7,Very Good,F,SI2,62.1,57.0,1940,5.63,5.68,3.51
0.57,Premium,G,VS1,62.4,58.0,1851,5.29,5.32,3.31
1.18,Very Good,H,SI1,60.1,59.0,5508,6.83,6.88,4.11
0.3,Ideal,F,VVS1,62.4,56.0,868,4.28,4.31,2.68
1.12,Very Good,H,SI1,62.3,55.0,5236,6.64,6.69,4.15
1.07,Ideal,E,SI1,61.4,55.0,6561,6.57,6.62,4.05
1.01,Ideal,E,VVS2,61.7,57.0,11400,6.42,6.44,3.97
1.53,Very Good,H,VS2,60.9,63.0,11452,7.37,7.41,4.5
1.6,Ideal,H,SI2,61.5,55.0,8779,7.53,7.55,4.64
0.71,Very Good,D,SI1,61.0,58.0,2683,5.71,5.87,3.53
0.4,Very Good,D,VVS2,61.4,58.3,1359,4.73,4.74,2.9
1.1,Premium,H,SI2,59.5,57.0,4004,6.81,6.74,4.03
1.28,Premium,D,SI2,61.2,58.0,6936,7.09,6.96,4.3
1.27,Ideal,H,SI1,61.5,55.0,6472,6.97,6.95,4.28
1.0,Ideal,D,SI1,63.0,56.0,4592,6.33,6.28,3.97
0.39,Ideal,G,SI1,61.3,54.0,748,4.73,4.77,2.91
0.32,Ideal,H,IF,60.9,56.0,842,4.41,4.42,2.69
0.31,Ideal,F,VS2,61.9,55.0,802,4.39,4.37,2.71
2.01,Premium,H,SI2,62.3,60.0,14558,7.97,7.95,4.96
0.71,Ideal,I,VS2,61.5,55.0,2878,5.76,5.78,3.55
1.13,Ideal,H,I1,61.1,56.0,3603,6.71,6.77,4.12
0.24,Very Good,E,VVS1,62.2,59.0,552,3.99,4.02,2.49
0.4,Good,F,SI1,63.6,59.0,869,4.67,4.64,2.96
0.46,Good,F,VS1,56.5,61.0,1109,5.11,5.05,2.87
0.55,Very Good,J,VS2,61.7,54.0,1172,5.29,5.34,3.28
0.7,Very Good,D,VVS2,61.1,57.0,3622,5.7,5.75,3.5
0.3,Premium,D,SI2,60.2,60.0,447,4.32,4.35,2.61
0.89,Ideal,D,SI2,60.8,56.0,4192,6.22,6.25,3.79
1.21,Ideal,F,VS2,61.2,57.0,8452,6.87,6.82,4.19
0.33,Premium,G,VVS2,61.5,62.0,901,4.43,4.39,2.71
0.4,Good,D,SI1,63.6,57.0,720,4.67,4.7,2.98
0.58,Ideal,H,SI1,60.9,57.0,1421,5.38,5.33,3.26
1.22,Ideal,E,VVS2,61.6,56.0,14414,6.85,6.88,4.23
1.51,Premium,J,VS1,61.4,57.0,8204,7.38,7.3,4.51
1.34,Premium,D,SI2,61.5,58.0,7438,7.07,7.04,4.34
0.91,Good,F,SI1,64.0,57.0,3423,6.08,6.17,3.92
0.32,Ideal,E,VS2,61.4,57.0,608,4.4,4.46,2.72
1.51,Good,J,SI1,64.1,61.0,6394,7.16,7.19,4.6
0.53,Ideal,D,SI1,62.0,57.0,1566,5.19,5.23,3.23
1.72,Premium,H,VS2,61.9,56.0,13122,7.74,7.67,4.77
1.03,Ideal,D,SI2,61.8,56.0,4679,6.46,6.51,4.01
1.23,Premium,F,SI1,62.5,58.0,5641,6.83,6.76,4.25
0.5,Very Good,H,VS1,61.0,56.0,1598,5.1,5.13,3.12
0.35,Premium,D,VS2,59.7,58.0,829,4.57,4.61,2.74
1.01,Premium,H,SI1,60.3,59.0,4191,6.45,6.42,3.88
0.4,Very Good,F,VS1,62.2,55.0,786,4.68,4.74,2.93
0.9,Premium,D,SI1,59.4,62.0,4304,6.24,6.19,3.69
0.53,Very Good,D,VS1,60.5,58.0,2170,5.27,5.3,3.2
0.59,Ideal,I,VVS1,61.2,56.0,2049,5.42,5.46,3.33
0.5,Very Good,E,VS2,62.4,57.0,1568,5.01,5.03,3.13
1.02,Very Good,H,SI1,58.4,62.0,4518,6.55,6.61,3.84
2.2,Premium,H,SI1,61.2,59.0,17265,8.42,8.37,0.0
0.32,Very Good,H,VS2,62.3,57.0,505,4.37,4.39,2.73
0.35,Ideal,D,VS2,61.8,55.0,1063,4.56,4.53,2.81
0.92,Premium,J,VS2,60.9,62.0,3091,6.31,6.26,3.83
1.13,Premium,I,SI1,62.8,57.0,4746,6.68,6.64,4.18
0.38,Ideal,D,VS1,61.0,57.0,955,4.66,4.69,2.85
0.57,Ideal,E,VS2,61.6,56.0,1819,5.38,5.34,3.3
2.05,Premium,E,SI2,59.7,59.0,17237,8.39,8.27,4.97
0.5,Good,D,SI1,63.7,56.0,1436,5.05,5.09,3.23
0.81,Premium,F,SI1,61.2,56.0,2926,6.03,6.0,3.68
0.31,Good,I,SI1,64.3,55.0,377,4.27,4.29,2.75
0.44,Premium,E,VVS2,60.0,59.0,1274,4.95,4.99,2.98
0.58,Very Good,E,VS2,61.1,63.0,1566,5.41,5.33,3.28
0.64,Ideal,D,SI1,62.1,57.0,1991,5.52,5.49,3.42
1.27,Very Good,J,VS2,62.7,58.0,5530,6.88,6.91,4.32
1.51,Ideal,I,VS1,61.6,56.0,10576,7.37,7.43,4.56
1.11,Ideal,I,VS1,61.2,57.0,6758,6.67,6.7,4.09
0.81,Very Good,D,VVS2,63.9,56.0,5423,5.79,5.91,3.74
0.26,Very Good,E,VVS2,62.6,58.0,597,4.07,4.11,2.56
0.77,Ideal,D,SI2,62.3,55.0,3011,5.9,5.85,3.66
1.22,Ideal,G,VS2,59.9,56.0,8485,7.01,6.97,4.19
0.36,Very Good,G,VS1,60.7,57.1,821,4.57,4.65,2.79
0.43,Ideal,F,VVS1,62.0,57.0,1422,4.84,4.81,2.99
1.23,Ideal,G,VS1,62.0,56.0,9030,6.92,6.86,4.27
0.57,Ideal,F,VS2,61.6,55.0,1737,5.35,5.37,3.3
0.52,Good,H,SI1,63.1,57.0,1111,5.09,5.14,3.23
1.01,Premium,G,VVS2,60.7,58.0,7862,6.52,6.49,3.95
1.22,Premium,I,SI2,62.3,58.0,4919,6.85,6.8,4.25
0.27,Ideal,G,IF,61.0,56.0,672,4.17,4.19,2.55
0.31,Premium,G,VS1,62.2,58.0,625,4.34,4.38,2.71
0.9,Ideal,I,SI2,62.8,55.0,3104,6.19,6.14,3.87
1.63,Very Good,H,SI1,59.8,60.0,10216,7.64,7.68,4.58
1.02,Ideal,G,VS2,61.7,56.0,6648,6.44,6.52,4.0
0.7,Very Good,F,VS2,62.9,58.0,2803,5.63,5.65,3.55
0.71,Very Good,F,SI1,61.1,58.0,2742,5.71,5.77,3.51
0.34,Very Good,E,SI1,59.0,60.0,596,4.56,4.62,2.71
0.71,Very Good,D,SI1,61.5,58.0,2843,5.73,5.79,3.54
0.9,Premium,E,SI1,60.8,59.0,4463,6.19,6.24,3.78
2.37,Ideal,J,VS2,62.2,57.0,16059,8.52,8.58,5.32
1.57,Ideal,I,SI1,61.7,56.0,9555,7.45,7.48,4.61
1.51,Premium,I,VS2,61.8,59.0,9301,7.36,7.4,4.56
0.54,Ideal,D,SI1,61.5,56.0,1662,5.23,5.25,3.22
2.0,Ideal,G,VS2,62.3,57.0,17760,8.06,7.97,4.99
1.5,Good,H,SI2,63.4,59.0,7897,7.2,7.25,4.58
0.8,Premium,G,VS1,62.5,58.0,3514,5.9,5.94,3.7
0.71,Premium,I,SI2,60.3,58.0,1821,5.72,5.78,3.47
0.91,Premium,E,SI2,61.1,59.0,3639,6.24,6.2,3.8
0.51,Premium,E,VS2,61.3,58.0,1656,5.13,5.15,3.15
0.41,Ideal,G,IF,61.7,56.0,1431,4.8,4.77,2.95
0.34,Ideal,F,VS2,61.0,57.0,880,4.5,4.48,2.74
0.32,Ideal,E,VS2,62.0,55.0,900,4.41,4.39,2.73
0.41,Ideal,E,VVS2,61.8,57.0,1243,4.8,4.75,2.95
0.27,Ideal,H,VVS2,61.9,55.0,496,4.14,4.16,2.57
1.03,Premium,H,VS1,59.2,58.0,4874,6.66,6.61,3.92
0.37,Ideal,J,IF,61.9,54.0,601,4.63,4.68,2.88
0.5,Ideal,F,IF,61.2,57.0,2419,5.11,5.15,3.14
0.7,Very Good,E,VS1,62.2,57.0,3063,5.63,5.68,3.52
0.36,Very Good,E,SI2,62.4,58.0,471,4.54,4.56,2.84
0.32,Ideal,E,VS1,59.5,57.0,842,4.49,4.45,2.66
0.3,Premium,D,SI1,61.6,58.0,709,4.32,4.29,2.65
0.9,Good,G,SI2,58.5,61.0,3350,6.28,6.33,3.69
0.55,Ideal,G,SI1,60.9,56.0,1421,5.3,5.32,3.24
1.53,Very Good,G,VS1,60.3,59.0,13228,7.52,7.58,4.55
0.51,Very Good,F,SI1,61.8,57.0,1374,5.1,5.13,3.16
0.53,Very Good,E,VS2,59.1,60.0,1647,5.3,5.26,3.12
0.3,Premium,H,VS1,62.5,58.0,675,4.34,4.27,2.69
0.7,Good,F,SI1,63.8,60.0,2423,5.63,5.6,3.58
1.55,Premium,H,VS2,60.7,58.0,11567,7.51,7.47,4.55
0.41,Premium,E,VS1,59.8,61.0,1153,4.85,4.79,2.88
1.21,Very Good,J,VS2,60.9,58.0,4816,6.86,6.91,4.19
0.3,Ideal,E,SI1,61.9,57.0,526,4.29,4.33,2.67
0.34,Ideal,E,VS2,62.4,54.0,956,4.49,4.48,2.8
0.4,Premium,F,SI1,61.7,62.0,920,4.76,4.71,2.92
0.34,Ideal,E,VS1,62.2,55.0,1033,4.52,4.49,2.8
0.75,Ideal,J,SI2,60.8,57.0,1944,5.91,5.87,3.58
0.33,Ideal,G,VVS2,60.4,57.0,761,4.48,4.52,2.72
0.9,Premium,G,I1,62.3,53.0,1939,6.16,6.12,3.82
0.52,Very Good,G,VS1,62.4,60.0,1689,5.11,5.12,3.19
0.3,Fair,F,VS2,65.4,55.0,776,4.25,4.22,2.77
2.21,Very Good,G,SI2,60.7,62.0,15825,8.42,8.48,5.13
0.74,Ideal,E,SI2,59.2,59.0,2501,5.92,5.97,3.52
0.41,Ideal,E,VS1,62.0,55.0,1079,4.74,4.77,2.95
0.64,Ideal,E,VS1,60.8,56.0,2679,5.61,5.59,3.41
0.58,Ideal,F,VS2,61.5,57.0,1657,5.34,5.39,3.3
1.19,Very Good,I,SI1,63.2,58.0,4665,6.82,6.7,4.27
0.73,Very Good,F,VVS2,61.9,59.0,3442,5.72,5.84,3.58
0.42,Ideal,E,VVS1,59.7,56.0,1307,4.88,4.91,2.92
0.54,Ideal,G,VS1,61.8,55.3,1804,5.22,5.24,3.23
1.52,Premium,D,SI2,59.2,62.0,10291,7.51,7.46,4.43
1.13,Premium,G,VVS2,61.4,58.0,8019,6.73,6.68,4.12
0.23,Very Good,E,VVS2,59.0,63.0,485,3.98,4.05,2.37
0.91,Premium,G,SI1,62.2,59.0,3975,6.19,6.15,3.84
0.55,Premium,F,VS2,62.5,56.0,1746,5.27,5.23,3.28
0.31,Very Good,G,VS2,62.6,57.0,544,4.3,4.32,2.7
0.7,Very Good,F,SI1,62.5,59.0,2672,5.66,5.54,3.5
1.0,Fair,G,SI1,64.7,60.0,4312,6.22,6.18,4.01
1.1,Premium,H,SI2,62.6,57.0,4435,6.6,6.56,4.12
0.6,Premium,D,SI2,62.0,57.0,1196,5.43,5.35,3.34
0.51,Ideal,H,VVS1,61.4,55.0,1776,5.13,5.16,3.16
1.21,Ideal,E,SI1,62.1,56.0,7955,6.83,6.88,4.26
1.07,Very Good,G,VS2,62.9,59.0,6525,6.49,6.52,4.09
0.9,Good,I,VS2,62.5,59.0,3398,6.06,6.13,3.81
0.47,Fair,F,SI2,67.6,57.0,719,4.81,4.72,3.23
0.7,Very Good,F,SI1,63.3,59.0,2264,5.57,5.62,3.54
1.0,Premium,H,SI2,59.0,58.0,3472,6.62,6.5,3.87
0.36,Very Good,F,VS1,60.1,59.0,825,4.62,4.66,2.78
1.01,Ideal,E,VVS2,62.0,56.0,9483,6.43,6.35,4.01
0.54,Premium,F,SI2,59.6,60.0,1240,5.28,5.25,3.14
0.3,Premium,D,VS2,62.0,62.0,851,4.27,4.24,2.64
1.29,Ideal,J,SI1,61.6,58.0,5607,6.96,6.99,4.3
0.9,Very Good,F,VS1,61.2,56.0,5324,6.18,6.23,3.8
1.06,Premium,G,SI1,61.9,55.0,5043,6.61,6.54,4.07
0.9,Very Good,H,SI1,63.2,59.0,3388,6.08,6.14,3.86
0.75,Very Good,H,VVS2,60.6,57.0,3002,5.86,5.89,3.56
1.5,Very Good,E,VS2,59.5,58.0,14592,7.44,7.48,4.44
0.34,Ideal,E,SI1,62.0,57.0,765,4.48,4.46,2.77
0.26,Ideal,H,VS1,61.9,55.0,448,4.1,4.13,2.55
1.02,Ideal,D,SI1,62.2,56.0,6340,6.43,6.47,4.0
1.01,Premium,H,SI1,62.3,58.0,4513,6.42,6.35,3.98
0.56,Ideal,G,VS2,61.0,57.0,1698,5.34,5.32,3.25
0.56,Very Good,H,SI2,62.0,63.0,956,5.26,5.21,3.27
0.3,Ideal,F,IF,62.2,56.0,886,4.31,4.34,2.69
0.39,Ideal,G,VVS1,62.3,57.0,1095,4.64,4.7,2.91
0.7,Premium,G,VS1,62.6,60.0,2535,5.66,5.58,3.52
1.01,Premium,H,VS2,62.5,58.0,5611,6.41,6.33,3.98
0.3,Ideal,G,IF,62.3,54.0,863,4.32,4.35,2.7
0.85,Ideal,H,SI2,61.8,54.0,2659,6.1,6.07,3.76
1.0,Ideal,G,VS2,62.3,56.0,5887,6.37,6.41,3.98
0.23,Very Good,E,VVS1,60.8,56.0,499,3.94,3.99,2.41
0.72,Very Good,G,VS2,63.3,57.0,2477,5.71,5.67,3.6
0.38,Premium,G,VS1,61.9,58.0,1069,4.66,4.62,2.87
0.27,Premium,D,VS2,59.6,61.0,567,4.26,4.23,2.53
0.75,Ideal,E,SI2,61.7,55.0,2609,5.9,5.86,3.63
0.58,Ideal,D,SI2,61.7,54.0,1356,5.4,5.43,3.34
2.05,Ideal,G,SI2,59.8,59.0,16446,8.22,8.31,4.94
0.42,Premium,F,SI1,62.9,57.0,992,4.77,4.73,2.99
0.36,Ideal,H,VS2,61.4,57.0,587,4.59,4.63,2.83
0.35,Ideal,F,VS2,61.5,57.0,706,4.52,4.55,2.79
1.14,Very Good,G,VS1,63.4,58.0,7171,6.67,6.61,4.21
0.43,Ideal,H,VVS2,62.3,55.0,943,4.82,4.85,3.01
0.7,Ideal,E,SI2,60.6,56.0,2405,5.73,5.78,3.49
0.79,Very Good,J,VS2,60.8,56.0,2300,5.98,6.02,3.65
1.0,Very Good,H,SI2,61.7,55.0,4316,6.4,6.46,3.97
1.02,Ideal,D,SI1,62.3,57.0,6191,6.41,6.44,4.0
0.33,Ideal,F,VS1,61.2,56.0,928,4.49,4.46,2.74
0.26,Good,D,VVS1,64.3,55.0,532,4.05,4.1,2.62
0.3,Premium,F,VS1,60.5,60.0,658,4.29,4.31,2.6
0.54,Ideal,G,VVS2,61.8,55.0,1829,5.22,5.3,3.24
1.24,Fair,G,SI2,65.7,57.0,4058,6.72,6.68,4.4
0.36,Ideal,D,VS1,61.8,55.0,781,4.54,4.58,2.82
0.79,Very Good,J,SI1,58.8,62.0,1828,6.01,6.03,3.54
0.51,Ideal,G,VS1,60.4,59.0,1668,5.16,5.21,3.13
1.28,Very Good,I,VS1,62.8,57.0,6726,6.9,6.95,4.35
1.01,Premium,E,VS2,62.0,59.0,6787,6.46,6.44,4.0
1.21,Fair,G,SI1,64.5,56.0,4637,6.69,6.62,4.29
0.32,Ideal,I,IF,61.7,55.0,655,4.4,4.42,2.72
0.71,Premium,I,VS1,61.8,58.0,2327,5.76,5.72,3.55
0.33,Premium,F,VS2,62.1,59.0,854,4.44,4.39,2.74
1.1,Premium,D,SI1,60.4,59.0,5166,6.66,6.69,4.03
0.42,Ideal,G,VS2,62.2,56.0,847,4.8,4.82,2.99
1.56,Very Good,F,SI1,60.7,59.0,11794,7.45,7.55,4.55
0.31,Very Good,I,VS1,63.0,58.0,489,4.29,4.32,2.71
0.3,Very Good,I,VVS2,63.0,57.0,596,4.24,4.27,2.68
0.91,Ideal,H,VS2,62.4,56.0,4678,6.2,6.14,3.85
0.53,Ideal,G,VVS2,60.4,56.0,1818,5.29,5.24,3.18
0.83,Very Good,I,VS1,61.1,60.0,2788,6.07,6.1,3.72
0.26,Very Good,E,VVS2,64.3,57.0,547,3.99,4.03,2.58
0.7,Fair,G,VS2,64.4,56.0,2657,5.64,5.57,3.61
0.33,Very Good,I,VS2,61.0,61.0,463,4.43,4.46,2.71
1.01,Fair,H,SI1,64.6,55.0,4191,6.29,6.25,4.05
1.08,Very Good,H,VVS1,63.1,57.0,6623,6.57,6.52,4.13
0.31,Ideal,E,VS2,61.0,56.0,872,4.38,4.34,2.66
0.42,Ideal,G,VVS2,62.7,56.0,1103,4.77,4.74,2.98
1.04,Good,F,VS2,63.7,58.0,6727,6.43,6.34,4.07
0.33,Good,F,SI1,61.8,62.0,536,4.4,4.45,2.74
0.7,Very Good,F,SI1,60.5,56.0,2155,5.73,5.8,3.49
0.42,Premium,G,SI1,62.7,59.0,920,4.75,4.72,2.97
0.39,Ideal,E,VS1,62.3,57.0,1097,4.67,4.64,2.9
0.56,Very Good,E,VS1,58.6,57.0,1742,5.43,5.46,3.19
1.01,Very Good,F,SI1,62.7,56.0,4812,6.37,6.39,4.0
0.55,Ideal,E,VS1,62.0,56.0,2001,5.24,5.27,3.26
2.08,Ideal,I,SI2,62.0,56.0,11886,8.21,8.1,5.06
0.63,Ideal,F,VS2,61.2,56.0,2182,5.56,5.51,3.39
0.32,Ideal,H,VS2,62.0,55.0,505,4.38,4.4,2.72
0.7,Ideal,H,VS1,61.0,56.0,2492,5.74,5.76,3.51
0.31,Ideal,D,VS2,61.8,55.0,734,4.33,4.37,2.69
1.02,Very Good,G,VS1,62.4,58.0,6622,6.37,6.42,3.99
0.31,Ideal,E,SI2,60.1,57.0,558,4.44,4.41,2.66
0.71,Ideal,G,VVS2,61.5,56.0,3504,5.74,5.69,3.52
1.02,Ideal,G,VVS2,62.7,57.0,8401,6.41,6.45,4.03
2.1,Fair,G,SI2,61.4,66.0,11946,8.26,8.19,5.05
0.38,Very Good,H,SI1,61.2,62.0,633,4.62,4.66,2.84
0.51,Very Good,F,SI2,58.9,60.0,1090,5.19,5.24,3.07
1.0,Premium,G,VS1,62.9,60.0,6989,6.36,6.29,3.98
0.33,Very Good,F,SI1,60.9,54.0,588,4.47,4.52,2.73
0.4,Ideal,D,VS2,60.4,56.0,982,4.73,4.77,2.87
0.73,Premium,H,SI2,61.2,59.0,1699,5.83,5.77,3.55
1.29,Premium,G,VS2,61.9,58.0,8530,7.02,6.97,4.33
0.31,Ideal,D,SI1,62.4,56.0,732,4.35,4.33,2.71
1.5,Very Good,I,SI1,63.1,54.0,8408,7.34,7.31,4.62
0.7,Ideal,H,VS1,61.9,55.0,2484,5.66,5.72,3.52
0.73,Premium,H,SI2,60.5,57.0,1824,5.84,5.76,3.51
1.22,Ideal,J,VS1,61.5,55.0,5649,6.86,6.87,4.22
1.03,Very Good,F,VVS2,61.5,55.0,8998,6.48,6.57,4.01
1.21,Very Good,I,SI2,60.0,58.0,4929,6.89,6.97,4.16
0.3,Premium,E,VS2,62.1,59.0,844,4.29,4.27,2.66
0.54,Ideal,G,SI1,61.9,55.0,1736,5.24,5.26,3.25
1.01,Very Good,I,SI1,64.2,55.0,4475,6.28,6.34,4.05
1.5,Ideal,H,SI1,61.6,57.0,7627,7.34,7.24,4.49
0.33,Ideal,G,VS2,62.3,57.0,743,4.43,4.4,2.75
1.02,Ideal,G,VS2,62.6,57.0,5922,6.43,6.41,4.02
0.3,Very Good,E,SI1,60.9,58.0,499,4.31,4.33,2.63
0.34,Ideal,H,VS2,62.5,54.0,689,4.54,4.49,2.82
1.7,Premium,F,SI2,60.1,58.0,11322,7.74,7.67,4.63
0.5,Ideal,H,VVS2,61.6,57.0,1842,5.08,5.14,3.15
0.52,Ideal,D,VS2,61.6,55.0,1822,5.15,5.2,3.19
0.62,Ideal,D,VVS1,62.2,54.0,3968,5.45,5.48,3.4
0.4,Fair,E,VVS2,57.3,60.0,1069,4.84,4.89,2.79
0.34,Premium,D,SI1,59.7,59.0,803,4.57,4.54,2.72
0.4,Very Good,E,VS1,62.4,54.0,1053,4.71,4.75,2.95
1.01,Very Good,E,SI1,61.1,57.0,5339,6.43,6.46,3.94
2.05,Premium,D,SI2,60.0,58.0,12891,8.31,8.23,4.96
0.55,Ideal,G,VS1,62.2,54.3,2025,5.24,5.27,3.27
2.08,Premium,H,SI2,62.8,60.0,12655,8.12,8.03,5.07
1.01,Premium,G,SI2,62.1,61.0,4038,6.38,6.27,3.93
1.12,Ideal,G,VS1,61.1,56.0,8080,6.7,6.73,4.1
0.4,Ideal,D,SI1,61.3,57.0,726,4.74,4.79,2.92
0.4,Very Good,H,SI1,62.9,56.0,666,4.65,4.7,2.94
1.5,Very Good,I,SI2,63.1,59.0,7150,7.24,7.15,4.54
1.26,Ideal,H,SI2,61.8,54.0,6597,6.95,6.99,4.31
0.38,Very Good,I,SI2,62.7,58.0,500,4.57,4.61,2.88
1.51,Ideal,G,VS2,62.1,54.0,12551,7.34,7.31,4.55
0.54,Premium,E,VS2,59.2,58.0,1754,5.32,5.35,3.16
0.58,Good,G,SI1,63.5,56.0,1295,5.28,5.34,3.37
0.26,Ideal,E,VS1,62.1,56.0,556,4.09,4.12,2.55
2.22,Very Good,J,SI1,58.7,60.0,13782,8.51,8.57,5.01
1.3,Very Good,F,SI2,61.1,58.0,6149,6.98,7.02,4.28
0.41,Very Good,H,VS1,63.5,56.0,1061,4.7,4.69,2.98
0.5,Very Good,G,VS1,61.3,58.0,1592,5.03,5.09,3.1
0.3,Very Good,F,SI2,61.7,62.0,394,4.25,4.27,2.63
1.0,Premium,E,VS2,61.3,58.0,7168,6.41,6.38,3.92
0.51,Premium,D,VS2,59.7,58.0,1787,5.18,5.24,3.11
1.14,Premium,J,SI1,62.4,59.0,3792,6.7,6.62,4.16
0.93,Fair,G,SI2,66.1,58.1,3172,6.0,6.04,3.98
0.7,Ideal,I,SI1,59.9,59.0,2083,5.75,5.8,3.46
0.3,Good,D,VS2,63.6,54.0,521,4.26,4.32,2.73
0.7,Ideal,G,VS1,61.9,55.0,3384,5.67,5.71,3.52
1.52,Premium,I,SI1,60.5,60.0,8852,7.48,7.4,4.5
0.35,Ideal,G,VS1,60.6,56.0,706,4.57,4.6,2.78
0.35,Ideal,D,VS2,61.6,56.0,1063,4.56,4.53,2.8
1.02,Good,H,I1,64.3,63.0,2751,6.28,6.23,4.02
0.95,Very Good,J,VS1,62.4,57.0,3365,6.25,6.29,3.91
0.33,Ideal,D,VS2,62.5,55.0,781,4.41,4.45,2.77
0.92,Fair,F,SI2,65.3,58.0,3282,6.08,6.04,3.96
0.57,Ideal,H,VS2,61.7,55.0,1725,5.37,5.34,3.3
0.71,Premium,H,VS1,61.7,56.0,2401,5.81,5.67,3.54
0.84,Very Good,D,SI1,59.2,59.0,3809,6.18,6.21,3.67
0.57,Ideal,G,VS1,61.6,55.0,1815,5.34,5.38,3.3
0.72,Ideal,D,SI2,62.7,55.0,2670,5.72,5.7,3.58
1.53,Ideal,H,VVS2,62.2,57.0,13629,7.32,7.37,4.57
0.31,Good,G,VS1,63.8,57.0,625,4.29,4.33,2.75
0.32,Very Good,D,SI1,63.0,58.0,589,4.36,4.4,2.76
0.34,Good,F,SI2,63.9,56.0,417,4.4,4.43,2.82
2.1,Very Good,I,SI1,59.9,61.0,15474,8.26,8.34,4.97
0.61,Ideal,E,VVS1,59.9,61.0,3212,5.5,5.55,3.31
0.53,Very Good,E,VS2,61.4,55.0,1607,5.21,5.24,3.21
0.5,Very Good,D,VS1,62.1,58.0,2068,5.07,5.1,3.16
1.13,Ideal,G,VVS2,61.6,57.0,10396,6.66,6.75,4.13
0.96,Premium,G,SI2,59.3,58.0,4204,6.49,6.43,3.83
2.19,Premium,I,SI2,60.8,60.0,15032,8.34,8.38,5.08
0.92,Premium,G,SI2,58.4,58.0,3648,6.4,6.34,3.73
0.38,Ideal,E,IF,62.7,55.0,1433,4.61,4.67,2.91
2.01,Premium,I,SI1,60.1,59.0,14752,8.21,8.15,4.92
0.32,Ideal,F,VVS1,62.0,55.0,898,4.41,4.43,2.74
0.54,Premium,F,VS1,61.8,59.0,1773,5.23,5.16,3.21
0.58,Premium,G,VS1,61.5,58.0,1884,5.35,5.41,3.31
1.11,Very Good,D,VS2,63.2,57.0,8006,6.64,6.61,4.18
0.41,Ideal,H,IF,61.8,55.0,1100,4.79,4.82,2.97
0.71,Very Good,J,SI1,60.7,58.0,1643,5.78,5.81,3.52
0.41,Premium,G,SI1,62.5,58.0,923,4.78,4.75,2.98
0.7,Ideal,E,VS1,61.3,54.0,2978,5.77,5.83,3.54
0.34,Ideal,D,VVS2,61.3,56.0,1174,4.48,4.52,2.76
0.3,Very Good,E,VVS1,63.5,57.0,995,4.27,4.23,2.7
0.55,Premium,G,VS2,60.3,62.0,1556,5.33,5.29,3.2
0.46,Premium,E,VS2,58.5,61.0,1173,5.1,5.05,2.97
0.55,Ideal,E,VS1,61.5,57.0,1764,5.23,5.27,3.23
1.14,Premium,F,SI2,62.8,58.0,4399,6.61,6.56,4.14
0.9,Very Good,I,SI1,63.5,59.0,3121,6.1,6.05,3.86
0.9,Very Good,F,SI1,61.4,58.0,4379,6.18,6.23,3.81
0.26,Ideal,F,VVS1,61.6,57.0,769,4.1,4.08,2.52
1.33,Premium,E,SI2,62.5,58.0,6963,6.99,7.03,4.38
1.22,Premium,J,SI2,62.2,60.0,4132,6.89,6.77,4.25
0.7,Ideal,E,SI1,62.6,55.0,2656,5.62,5.66,3.53
0.31,Very Good,D,SI2,63.1,54.0,593,4.38,4.33,2.75
0.3,Very Good,I,VS1,63.0,53.0,473,4.26,4.31,2.7
0.44,Premium,G,VS2,60.6,58.0,828,4.9,4.96,2.99
0.4,Premium,G,VVS2,62.0,58.0,1050,4.74,4.68,2.92
0.54,Ideal,E,VS2,61.4,57.0,1847,5.25,5.21,3.21
0.57,Premium,H,VVS1,61.6,58.0,2172,5.39,5.35,3.31
0.7,Ideal,H,SI1,60.5,57.0,2548,5.81,5.79,3.51
2.02,Very Good,J,VS2,59.3,60.0,13693,8.28,8.34,4.93
0.3,Premium,H,SI1,61.3,61.0,540,4.27,4.25,2.61
1.62,Premium,J,SI1,62.0,60.0,8183,7.52,7.44,4.64
0.3,Ideal,F,SI1,62.4,56.0,475,4.27,4.32,2.68
0.7,Ideal,E,VS2,61.1,56.0,3370,5.76,5.81,3.53
0.7,Very Good,D,VS2,63.0,56.0,2960,5.61,5.69,3.56
0.54,Ideal,F,VS2,62.0,55.0,1563,5.25,5.32,3.28
0.43,Very Good,F,VVS1,61.5,56.0,1358,4.86,4.9,3.0
1.09,Ideal,G,VVS2,61.2,57.0,8295,6.62,6.66,4.06
1.11,Premium,H,SI1,58.8,59.0,5439,6.79,6.74,3.98
1.27,Ideal,G,SI2,61.8,56.0,6045,6.96,6.93,4.29
0.32,Ideal,H,SI1,60.6,57.0,449,4.4,4.44,2.68
0.41,Ideal,F,VS2,60.9,57.0,1107,4.78,4.74,2.9
0.92,Very Good,F,SI1,62.7,57.0,4037,6.14,6.2,3.87
0.9,Good,D,SI1,63.2,62.0,4068,6.06,6.13,3.85
1.8,Very Good,J,SI1,61.4,55.0,10107,7.86,7.8,4.81
0.7,Very Good,D,SI1,62.5,63.0,2374,5.7,5.63,3.54
1.37,Very Good,G,SI2,62.8,57.0,6609,7.06,7.12,4.45
0.52,Very Good,D,SI1,61.6,58.0,1429,5.14,5.22,3.19
1.13,Premium,H,SI1,61.2,59.0,4689,6.68,6.65,4.08
0.3,Ideal,G,IF,62.5,54.0,863,4.31,4.33,2.7
0.38,Ideal,F,VVS1,61.5,56.0,1120,4.68,4.71,2.88
2.08,Very Good,I,VS2,58.9,61.0,18281,8.35,8.36,4.92
0.26,Very Good,E,VS2,62.1,56.0,452,4.11,4.13,2.56
1.51,Ideal,G,SI2,61.8,57.0,7103,7.37,7.31,4.54
0.8,Premium,H,SI1,62.5,59.0,2553,5.96,5.91,3.71
1.94,Very Good,I,VS2,60.2,58.0,14489,8.04,8.1,4.86
0.32,Ideal,E,VS2,61.3,56.0,612,4.41,4.46,2.72
0.7,Premium,E,VS1,59.6,57.0,2818,5.91,5.83,3.5
0.58,Very Good,F,SI1,63.1,57.0,1401,5.28,5.31,3.34
0.7,Premium,E,VS2,61.4,59.0,2858,5.73,5.7,3.51
0.96,Fair,F,SI2,68.2,61.0,2867,6.07,5.88,4.1
1.01,Good,J,VS1,60.4,64.0,4129,6.48,6.44,3.9
0.3,Ideal,E,VS1,61.5,56.0,710,4.31,4.37,2.67
2.11,Premium,I,SI2,62.3,56.0,13701,8.23,8.13,5.1
0.3,Premium,G,SI1,60.1,62.0,574,4.37,4.35,2.62
0.3,Ideal,D,VS2,61.3,57.0,710,4.32,4.36,2.66
1.2,Very Good,J,SI2,61.8,60.0,4580,6.76,6.83,4.2
0.46,Ideal,G,VVS2,62.4,54.4,1306,4.93,4.98,3.09
0.54,Ideal,J,VVS2,61.6,57.0,1720,5.25,5.23,3.23
0.34,Very Good,G,VS2,62.9,55.0,596,4.45,4.52,2.82
1.71,Ideal,G,VS1,61.4,57.0,17204,7.72,7.65,4.72
0.72,Ideal,G,SI2,61.4,56.0,2297,5.76,5.83,3.56
0.51,Ideal,H,VS2,60.1,60.0,1428,5.19,5.14,3.1
0.41,Ideal,G,IF,61.7,56.0,1259,4.79,4.81,2.96
0.9,Very Good,E,SI2,63.2,61.0,3239,6.06,5.99,3.81
0.33,Premium,G,VS2,59.4,61.0,743,4.53,4.49,2.68
0.48,Premium,F,VS2,60.1,59.0,1294,5.12,5.1,3.07
2.01,Very Good,I,SI2,59.5,58.0,13669,8.18,8.21,4.88
0.24,Very Good,E,VS1,62.4,59.0,419,3.94,3.98,2.47
0.3,Very Good,G,VS1,60.3,57.0,620,4.33,4.35,2.62
0.39,Good,F,VVS2,63.5,58.0,990,4.61,4.65,2.94
1.14,Ideal,D,SI2,61.4,56.0,5548,6.69,6.77,4.13
0.71,Ideal,E,VS1,62.3,56.0,3346,5.69,5.74,3.56
0.3,Ideal,E,VVS2,61.3,57.0,949,4.3,4.32,2.64
1.01,Fair,F,SI1,57.9,57.0,5144,6.53,6.57,3.79
1.0,Ideal,G,VVS1,62.3,56.0,7644,6.4,6.29,3.95
0.53,Premium,G,VS2,62.5,56.0,1607,5.19,5.18,3.24
1.3,Very Good,G,VS1,62.5,58.0,10654,6.9,6.95,4.33
0.74,Ideal,F,VS1,61.9,54.0,3590,5.78,5.82,3.59
1.01,Very Good,I,VS1,62.2,60.0,4756,6.39,6.35,3.96
0.39,Premium,E,VS1,59.6,60.0,1097,4.75,4.72,2.82
0.38,Premium,H,VVS1,61.2,60.0,967,4.68,4.7,2.87
0.3,Premium,E,VVS2,61.5,60.0,1013,4.31,4.28,2.64
0.91,Ideal,I,VS1,62.1,57.0,3906,6.2,6.23,3.86
1.08,Ideal,E,SI2,61.7,57.0,4989,6.55,6.6,4.06
0.34,Ideal,F,VS2,60.8,57.0,699,4.51,4.54,2.75
0.52,Very Good,G,VVS2,59.9,56.0,1833,5.22,5.27,3.14
1.2,Premium,F,SI1,60.1,59.0,7282,6.92,6.85,4.14
2.19,Premium,J,SI2,61.8,60.0,13355,8.35,8.25,5.13
1.5,Very Good,D,SI1,60.7,62.0,11442,7.3,7.33,4.44
0.38,Premium,G,VS1,60.6,58.0,1069,4.67,4.64,2.82
0.3,Ideal,I,VS2,61.4,58.0,438,4.29,4.31,2.64
0.37,Ideal,E,VS2,62.6,56.0,1041,4.61,4.56,2.87
1.22,Very Good,I,VS1,61.6,60.0,5966,6.86,6.8,4.21
0.77,Premium,G,VS1,61.4,58.0,2846,5.94,5.89,3.63
1.03,Ideal,H,I1,61.5,57.0,3172,6.48,6.52,4.0
0.36,Ideal,E,SI1,61.9,56.0,810,4.58,4.53,2.82
0.41,Premium,E,SI2,61.3,59.0,683,4.8,4.85,2.96
0.25,Very Good,G,VS2,63.0,54.0,407,4.04,4.06,2.55
0.72,Premium,G,SI2,62.7,57.0,1764,5.74,5.7,3.59
0.3,Premium,H,VVS2,62.0,58.0,605,4.3,4.35,2.68
0.3,Premium,H,VS1,62.3,58.0,526,4.26,4.28,2.66
1.01,Premium,H,SI2,61.6,59.0,4166,6.39,6.44,3.95
0.71,Premium,E,VS2,62.2,59.0,3101,5.79,5.76,3.59
0.8,Premium,J,SI1,58.4,59.0,2016,6.12,6.04,3.55
0.73,Premium,F,SI2,59.5,62.0,2393,5.89,5.84,3.49
0.9,Premium,H,VS2,61.6,58.0,4032,6.26,6.18,3.83
0.41,Ideal,G,IF,61.7,56.0,1259,4.78,4.81,2.96
0.72,Ideal,D,SI1,60.8,57.0,2782,5.76,5.75,3.5
0.32,Ideal,G,VVS2,61.2,56.0,730,4.41,4.42,2.7
1.33,Fair,F,SI2,64.5,58.0,5139,6.97,6.86,4.46
0.33,Premium,E,VS2,62.0,60.0,829,4.46,4.41,2.75
0.3,Premium,D,VS1,61.2,59.0,914,4.34,4.29,2.64
0.53,Ideal,H,IF,62.0,54.0,1920,5.19,5.23,3.23
0.3,Ideal,E,VS2,62.1,55.0,844,4.32,4.28,2.67
1.07,Ideal,G,VVS2,61.9,56.0,9169,6.6,6.62,4.09
0.7,Ideal,F,VS1,62.0,55.0,2726,5.71,5.74,3.55
0.78,Ideal,J,VS1,61.4,57.0,2426,5.9,5.93,3.63
0.32,Premium,H,VS2,61.9,58.0,648,4.39,4.37,2.71
0.36,Ideal,F,SI1,60.1,56.0,600,4.62,4.67,2.79
1.16,Very Good,H,SI2,62.8,59.0,5799,6.7,6.64,4.19
1.24,Premium,F,SI1,61.4,62.0,6125,6.94,6.88,4.24
0.3,Ideal,F,IF,62.3,55.0,886,4.3,4.34,2.69
0.91,Good,F,SI1,58.0,57.0,4067,6.36,6.47,3.72
0.91,Good,E,SI1,64.0,61.0,3973,6.01,6.06,3.86
1.52,Very Good,G,VS2,63.4,58.0,11986,7.31,7.24,4.61
1.11,Good,D,SI2,58.0,62.0,5015,6.77,6.81,3.94
0.25,Very Good,D,VVS2,61.3,59.0,575,4.07,4.12,2.51
0.71,Very Good,F,SI1,63.3,60.0,2198,5.61,5.54,3.53
1.0,Good,H,VS2,63.6,61.0,4722,6.25,6.21,3.96
0.6,Premium,G,VVS1,60.0,58.0,2444,5.53,5.43,3.29
0.31,Ideal,G,IF,61.0,56.0,988,4.39,4.37,2.67
0.53,Very Good,E,SI1,59.7,59.0,1415,5.27,5.29,3.15
1.12,Ideal,E,VS2,61.9,56.0,9710,6.65,6.68,4.13
0.72,Premium,F,SI1,61.7,59.0,2492,5.74,5.7,3.53
0.32,Ideal,H,IF,62.2,54.0,814,4.37,4.41,2.73
0.31,Ideal,E,VS1,61.8,56.0,942,4.37,4.34,2.69
0.3,Ideal,F,VVS1,60.5,56.0,863,4.34,4.45,2.66
0.38,Ideal,H,VS2,62.4,56.0,660,4.62,4.65,2.89
1.21,Ideal,G,VS1,61.3,57.0,10685,6.82,6.87,4.2
1.0,Good,I,VS2,61.7,60.2,4761,6.29,6.35,3.9
1.0,Premium,E,SI1,61.1,60.0,5174,6.47,6.42,3.94
0.77,Good,H,SI2,58.6,64.0,2262,6.01,5.93,3.5
0.36,Premium,J,SI1,61.3,60.0,421,4.52,4.59,2.79
0.78,Ideal,D,VS2,61.9,56.0,3811,5.89,5.91,3.65
0.37,Premium,E,VVS2,60.9,59.0,844,4.61,4.65,2.82
1.5,Premium,G,VS2,59.9,58.0,11189,7.38,7.34,4.41
0.33,Ideal,E,VS2,61.9,55.0,873,4.46,4.49,2.77
1.01,Good,H,SI1,63.7,56.0,4610,6.34,6.33,4.08
1.54,Premium,H,VS2,61.9,59.0,11663,7.31,7.33,4.53
0.46,Good,D,IF,58.6,59.0,2139,5.06,5.11,2.98
1.04,Ideal,G,SI2,61.9,58.0,4973,6.47,6.51,4.02
0.37,Premium,G,VS2,61.2,60.0,833,4.63,4.58,2.82
0.56,Premium,E,SI2,62.6,59.0,1206,5.2,5.24,3.27
0.32,Very Good,F,IF,61.7,55.0,921,4.4,4.41,2.72
0.34,Premium,H,VS2,61.9,60.0,689,4.46,4.42,2.75
0.32,Ideal,I,SI1,60.7,57.0,554,4.47,4.42,2.7
0.7,Very Good,I,VS1,62.4,56.0,2398,5.65,5.69,3.54
1.01,Premium,F,VS2,62.0,59.0,6097,6.45,6.38,3.98
1.02,Good,H,SI2,63.7,58.0,3884,6.28,6.24,3.99
0.54,Good,E,VVS1,60.3,61.0,2697,5.3,5.32,3.2
1.2,Very Good,H,VS1,63.1,57.0,5853,6.69,6.65,4.2
0.55,Ideal,E,VS2,62.0,55.0,1715,5.28,5.24,3.26
1.01,Good,F,SI2,63.6,59.0,4121,6.34,6.37,4.04
1.05,Very Good,D,SI1,60.5,56.0,5821,6.59,6.7,4.0
1.17,Good,H,SI2,63.8,58.0,4914,6.73,6.57,4.24
0.67,Very Good,G,VS2,60.4,61.0,2080,5.61,5.64,3.4
0.24,Ideal,G,IF,61.6,57.0,559,3.99,4.02,2.46
0.51,Very Good,D,VS2,63.1,58.0,1793,5.13,5.08,3.22
1.71,Ideal,I,SI2,62.1,58.0,10096,7.64,7.56,4.72
0.38,Ideal,E,VS2,62.0,56.0,853,4.62,4.66,2.88
0.33,Very Good,I,VVS2,62.1,56.0,579,4.41,4.45,2.75
0.59,Ideal,D,SI1,61.3,59.0,1793,5.36,5.4,3.3
0.41,Ideal,E,VS1,60.9,57.0,1153,4.79,4.76,2.91
0.38,Very Good,G,SI1,62.0,54.8,755,4.64,4.67,2.89
0.55,Ideal,F,VVS1,60.6,57.0,2716,5.33,5.36,3.24
0.75,Good,J,SI1,63.9,56.0,2250,5.76,5.71,3.66
1.8,Ideal,H,VS1,62.3,56.0,15105,7.79,7.76,4.84
0.7,Very Good,G,VS2,63.3,56.0,2657,5.63,5.59,3.55
0.41,Ideal,E,SI1,62.9,57.0,969,4.76,4.72,2.98
2.02,Ideal,H,SI1,62.3,57.0,16665,8.04,8.14,5.04
0.73,Premium,D,VS2,59.8,58.0,3250,5.89,5.85,3.51
1.25,Good,I,SI2,63.9,56.0,4725,6.81,6.77,4.34
0.74,Ideal,I,VS1,61.1,57.0,2947,5.83,5.86,3.57
0.42,Premium,D,SI1,59.8,59.0,1040,4.91,4.86,2.92
1.22,Ideal,F,SI2,62.5,56.2,6401,6.81,6.85,4.27
0.42,Ideal,G,VVS1,62.0,56.0,1235,4.84,4.81,2.99
1.0,Very Good,G,VS2,62.9,56.0,5702,6.27,6.42,3.99
0.41,Ideal,F,VS1,62.6,55.0,1007,4.75,4.77,2.98
0.33,Ideal,E,VVS1,60.7,57.0,906,4.46,4.5,2.72
1.01,Very Good,J,SI2,63.3,53.0,3088,6.35,6.31,4.01
0.39,Ideal,H,VVS2,62.0,55.0,794,4.68,4.7,2.91
0.5,Premium,F,VS2,61.4,60.0,1395,5.13,5.17,3.16
0.33,Ideal,F,IF,61.2,56.0,1240,4.47,4.49,2.74
0.7,Ideal,G,VS1,61.9,57.0,2724,5.7,5.68,3.52
0.5,Good,E,SI1,63.8,55.0,1415,5.09,5.04,3.23
0.4,Very Good,F,VS1,63.1,59.0,938,4.68,4.64,2.94
2.01,Good,F,SI2,58.1,64.0,16231,8.23,8.19,4.77
1.04,Very Good,H,SI1,59.7,60.0,4682,6.55,6.58,3.92
1.5,Premium,I,VS1,60.8,61.0,9761,7.39,7.35,4.48
1.22,Premium,I,VS1,60.6,61.0,6354,6.94,6.88,4.19
1.02,Premium,H,SI2,59.8,59.0,4284,6.54,6.5,3.9
0.3,Ideal,E,VS2,61.4,56.0,621,4.33,4.36,2.67
0.6,Ideal,G,VS1,62.5,56.0,2147,5.37,5.41,3.36
1.16,Premium,J,VS2,62.2,59.0,4702,6.74,6.69,4.18
0.31,Premium,J,SI1,60.9,60.0,465,4.38,4.36,2.66
0.32,Very Good,E,VVS1,60.9,58.0,931,4.49,4.45,2.72
1.5,Ideal,F,VS2,61.4,55.0,14372,7.44,7.35,4.54
0.71,Good,G,VVS1,62.7,61.0,3072,5.64,5.68,3.55
0.3,Ideal,G,SI1,61.8,56.0,477,4.34,4.37,2.69
0.5,Ideal,F,SI1,61.3,56.0,1317,5.13,5.09,3.13
1.07,Very Good,H,VS1,62.5,56.0,5661,6.52,6.6,4.1
0.9,Good,I,IF,63.7,64.0,3734,6.02,6.07,3.85
1.29,Ideal,H,SI2,61.6,54.0,6300,7.0,7.02,4.32
0.7,Premium,E,VS1,60.3,58.0,2930,5.7,5.74,3.45
0.74,Premium,H,VS2,60.2,58.0,2553,5.92,5.88,3.55
0.4,Good,D,SI2,63.1,57.0,622,4.72,4.75,2.99
1.0,Ideal,H,SI2,62.0,56.0,4649,6.38,6.43,3.97
0.41,Ideal,F,VS2,61.9,56.0,863,4.74,4.76,2.94
0.34,Ideal,E,VS2,62.6,55.0,745,4.43,4.45,2.78
0.53,Very Good,I,VS1,61.0,57.0,1393,5.22,5.25,3.19
1.27,Ideal,G,VS1,59.6,57.0,9431,7.09,7.06,4.22
0.51,Premium,D,SI1,60.3,59.0,1687,5.22,5.2,3.14
1.12,Premium,H,SI2,62.1,56.0,4014,6.7,6.65,4.14
0.52,Ideal,F,VS2,61.3,57.0,1624,5.22,5.19,3.19
1.04,Very Good,H,SI2,62.4,58.0,3546,6.4,6.49,4.02
2.15,Ideal,I,SI2,61.7,55.0,14519,8.43,8.24,5.14
0.48,Fair,E,VS2,64.9,54.0,1215,4.94,4.92,3.2
0.71,Very Good,D,SI1,59.4,59.0,2964,5.78,5.81,3.44
0.9,Fair,F,VS2,59.5,67.0,4536,6.29,6.24,3.73
1.01,Very Good,H,SI1,63.6,56.0,4873,6.31,6.37,4.03
1.57,Premium,J,VS1,61.3,59.0,8752,7.47,7.44,4.57
0.71,Ideal,D,VS1,61.3,56.0,3406,5.75,5.77,3.53
0.4,Very Good,H,VVS1,60.5,59.0,900,4.73,4.76,2.87
0.52,Good,G,SI1,64.3,61.0,1147,5.01,4.97,3.21
1.2,Ideal,F,VS2,61.2,53.0,8588,6.88,6.85,4.2
0.32,Ideal,I,VS2,63.0,55.0,576,4.39,4.34,2.75
0.42,Ideal,H,SI1,62.2,57.0,898,4.8,4.78,2.98
0.57,Ideal,H,SI1,61.3,54.0,1292,5.34,5.39,3.29
0.9,Fair,H,VS2,64.7,58.0,3697,5.98,6.01,3.88
0.43,Ideal,E,VVS2,62.0,57.0,1304,4.87,4.84,3.01
0.72,Ideal,H,VVS1,62.5,57.0,2946,5.7,5.73,3.57
0.34,Good,E,SI2,63.7,55.0,612,4.46,4.43,2.83
0.71,Premium,G,SI1,60.4,59.0,2352,5.81,5.75,3.49
0.4,Premium,F,SI1,62.3,60.0,945,4.74,4.7,2.94
2.05,Premium,I,VS2,62.5,59.0,15897,8.07,8.12,5.06
0.73,Ideal,F,VVS2,61.9,55.2,3888,5.74,5.79,3.58
0.32,Premium,G,IF,61.0,59.0,891,4.38,4.41,2.68
0.71,Very Good,I,SI1,62.9,59.0,2008,5.66,5.7,3.57
0.95,Premium,J,VVS2,62.6,59.0,3669,6.23,6.26,3.91
0.91,Ideal,F,SI2,62.4,57.0,3746,6.22,6.18,3.87
0.41,Ideal,F,VVS2,61.7,57.0,1115,4.73,4.8,2.94
1.06,Ideal,G,VS1,61.2,56.0,7790,6.56,6.62,4.03
0.41,Ideal,F,VS2,61.1,56.0,863,4.8,4.83,2.94
0.24,Ideal,E,VVS1,60.9,56.0,752,4.01,4.04,2.45
1.19,Ideal,D,SI2,60.4,55.0,5504,6.91,6.89,4.17
1.25,Premium,D,SI1,62.4,58.0,7924,6.89,6.83,4.28
0.42,Ideal,G,VS2,61.2,56.0,847,4.8,4.84,2.95
0.31,Ideal,G,VS1,61.5,56.0,625,4.39,4.43,2.71
0.51,Ideal,E,VVS2,62.8,56.0,2211,5.13,5.15,3.23
1.17,Ideal,I,SI2,61.8,54.0,4999,6.78,6.82,4.2
0.32,Premium,I,VVS1,63.0,58.0,756,4.38,4.32,2.74
0.65,Ideal,H,VVS2,61.6,58.0,2210,5.56,5.6,3.44
0.33,Ideal,G,VS2,61.6,55.0,579,4.43,4.46,2.74
0.42,Ideal,G,VS2,62.4,54.0,847,4.78,4.83,3.0
0.3,Premium,F,SI1,62.1,61.0,641,4.29,4.25,2.65
0.31,Ideal,H,VVS2,62.6,56.0,625,4.32,4.37,2.72
0.36,Ideal,I,VVS1,61.6,56.0,607,4.58,4.61,2.83
0.7,Fair,G,VVS2,64.5,61.0,2595,5.43,5.52,3.53
0.77,Ideal,F,SI1,61.4,55.0,3169,5.93,5.95,3.65
1.23,Very Good,J,VS2,62.9,59.0,4896,6.8,6.85,4.29
2.01,Premium,H,SI1,61.5,53.0,16733,8.13,8.03,4.97
1.06,Ideal,G,VVS2,62.9,56.0,7836,6.6,6.56,4.14
0.54,Ideal,D,VS2,61.2,56.0,1939,5.29,5.23,3.22
0.4,Good,H,SI1,60.2,63.0,681,4.7,4.73,2.84
0.9,Fair,F,VS1,66.2,55.0,4183,6.11,5.97,4.0
0.78,Very Good,D,VS1,60.5,55.0,4234,6.0,6.03,3.64
0.55,Premium,I,VS2,61.7,55.0,1314,5.35,5.29,3.28
0.59,Very Good,G,VS1,62.0,56.0,1878,5.35,5.39,3.33
0.33,Ideal,F,IF,61.2,56.0,957,4.48,4.5,2.75
0.9,Good,H,VS2,64.0,57.0,3538,6.14,6.11,3.92
1.2,Premium,H,VS1,58.5,61.0,6720,6.98,6.93,4.07
1.51,Premium,G,VVS1,62.2,58.0,15420,7.33,7.3,4.55
1.1,Ideal,J,SI2,60.9,56.0,4157,6.68,6.72,4.08
0.55,Ideal,E,SI2,62.0,56.0,1273,5.27,5.22,3.25
0.7,Premium,G,VVS2,59.3,54.0,3450,5.89,5.78,3.46
1.21,Very Good,H,SI2,62.1,60.0,5190,6.77,6.82,4.22
0.32,Premium,G,VVS2,61.7,59.0,936,4.41,4.37,2.71
0.3,Good,G,VS1,63.8,55.0,605,4.25,4.28,2.72
1.23,Premium,E,VS2,61.7,57.0,9037,6.87,6.84,4.23
0.59,Premium,J,VS2,62.7,61.0,1055,5.35,5.28,3.33
1.01,Premium,H,SI1,61.9,57.0,4949,6.49,6.4,3.99
0.33,Ideal,E,VS2,62.4,55.0,928,4.42,4.4,2.75
0.56,Ideal,F,VVS2,61.0,56.0,2119,5.33,5.35,3.26
0.33,Ideal,H,VS2,60.7,57.0,521,4.46,4.5,2.72
0.7,Ideal,F,SI1,62.3,56.0,2515,5.68,5.72,3.55
0.35,Ideal,F,SI2,62.8,55.0,591,4.53,4.48,2.83
0.31,Very Good,E,SI1,63.5,57.0,698,4.32,4.28,2.73
0.33,Ideal,F,VVS1,61.7,54.0,893,4.46,4.49,2.76
0.76,Ideal,I,VS2,61.3,56.0,2793,5.87,5.91,3.61
2.25,Premium,I,SI1,61.3,58.0,15397,8.52,8.42,0.0
1.08,Ideal,H,SI1,61.8,54.0,5517,6.6,6.61,4.09
0.51,Ideal,G,VVS2,62.2,56.0,1827,5.09,5.13,3.18
0.92,Premium,D,SI2,62.5,55.0,4150,6.21,6.18,3.87
1.54,Premium,G,SI2,59.4,60.0,7707,7.49,7.52,4.46
0.5,Ideal,E,SI1,61.8,56.0,1617,5.11,5.07,3.14
1.0,Very Good,G,VVS2,60.3,62.0,7163,6.41,6.45,3.88
0.71,Very Good,H,SI1,62.5,60.0,2096,5.68,5.75,3.57
0.28,Ideal,H,VVS2,62.0,57.0,522,4.21,4.24,2.62
0.91,Good,F,SI1,64.4,60.0,3994,6.05,6.1,3.91
0.9,Premium,I,SI1,62.1,59.0,3121,6.19,6.15,3.83
0.51,Very Good,D,VVS2,63.1,58.0,2289,5.1,5.07,3.21
1.01,Very Good,G,SI1,62.9,58.0,5497,6.35,6.4,4.01
1.51,Very Good,F,SI2,63.4,57.0,9471,7.29,7.25,4.61
0.55,Premium,E,SI1,61.0,61.0,1668,5.3,5.25,3.22
1.01,Very Good,H,VS2,63.3,58.0,4692,6.33,6.27,3.99
0.52,Ideal,D,VS2,61.9,55.0,1802,5.19,5.21,3.22
1.5,Premium,I,SI1,62.3,58.0,6888,7.33,7.22,4.53
0.9,Ideal,H,VS1,62.1,56.0,5013,6.15,6.2,3.83
0.5,Ideal,D,SI2,61.3,54.0,1063,5.11,5.03,3.11
0.3,Premium,I,VS1,61.7,59.0,473,4.26,4.3,2.64
0.52,Very Good,G,VS2,60.2,56.0,1446,5.23,5.27,3.16
0.28,Very Good,H,VVS2,62.0,55.0,522,4.21,4.23,2.62
1.57,Ideal,J,SI1,62.0,55.6,8035,7.43,7.47,4.62
0.52,Ideal,E,VS2,61.1,55.0,1689,5.2,5.27,3.2
1.06,Premium,E,VS2,62.3,58.0,6838,6.52,6.49,4.05
0.54,Good,G,VS1,59.0,62.0,1640,5.3,5.28,3.12
1.01,Good,F,SI2,64.0,56.0,3768,6.25,6.32,4.02
0.3,Very Good,F,IF,62.0,55.0,886,4.33,4.35,2.69
1.01,Very Good,G,VS2,60.2,58.0,6213,6.51,6.54,3.93
0.9,Good,E,VS2,63.1,58.0,4580,6.11,6.15,3.87
0.7,Very Good,J,SI1,63.0,56.0,1735,5.61,5.66,3.55
1.2,Ideal,G,VS2,62.4,54.7,8040,6.79,6.85,4.25
1.07,Good,I,VS2,63.8,60.0,4194,6.41,6.38,4.08
0.34,Ideal,G,VVS1,61.3,55.0,863,4.54,4.56,2.79
0.53,Ideal,E,VS2,62.5,57.0,1607,5.16,5.18,3.23
0.74,Premium,E,SI2,59.1,60.0,2553,5.98,5.94,3.52
1.13,Ideal,E,VVS1,61.8,57.0,13485,6.66,6.71,4.13
1.7,Ideal,H,VS2,62.8,55.0,10333,7.61,7.54,4.76
2.01,Good,G,SI2,63.6,59.0,11096,7.97,7.9,5.05
0.3,Premium,E,VS2,61.7,58.0,844,4.34,4.32,2.67
0.5,Premium,E,VS2,61.3,56.0,1629,5.16,5.11,3.15
2.01,Ideal,F,SI2,61.3,60.0,17798,8.05,8.1,4.95
0.4,Fair,E,VS2,64.7,58.0,813,4.63,4.67,3.01
0.35,Ideal,E,SI1,60.7,56.0,667,4.57,4.59,2.78
0.7,Very Good,D,VS1,63.4,59.0,3001,5.58,5.55,3.53
1.01,Ideal,G,SI1,61.1,58.0,5497,6.43,6.49,3.95
0.36,Ideal,E,VS2,61.0,54.0,747,4.6,4.64,2.82
0.33,Ideal,G,IF,62.7,56.0,861,4.39,4.44,2.77
0.76,Ideal,J,VS1,61.9,54.0,2307,5.88,5.84,3.63
0.38,Ideal,E,VVS1,62.4,56.0,1327,4.67,4.64,2.9
0.31,Ideal,E,VVS1,61.3,56.0,1064,4.39,4.43,2.7
0.3,Premium,D,SI2,61.0,61.0,574,4.31,4.25,2.61
0.53,Ideal,G,VVS2,61.4,57.0,2250,5.17,5.2,3.18
1.02,Ideal,F,SI1,60.3,60.0,5195,6.55,6.51,3.94
0.51,Premium,I,SI1,62.7,59.0,1080,5.09,5.06,3.18
0.55,Ideal,I,VS2,58.5,62.0,1327,5.4,5.39,3.16
0.31,Premium,F,VS2,59.3,60.0,625,4.39,4.41,2.61
0.41,Ideal,E,SI1,62.5,57.0,755,4.74,4.79,2.98
0.39,Very Good,F,SI1,60.0,55.0,661,4.76,4.79,2.86
1.51,Premium,I,SI2,60.4,56.0,7577,7.4,7.36,4.46
1.13,Ideal,G,VS1,61.7,54.0,7404,6.77,6.71,4.16
0.54,Ideal,G,VVS2,62.6,57.0,1801,5.19,5.23,3.26
0.55,Premium,G,VS1,59.4,62.0,1792,5.36,5.32,3.17
0.5,Ideal,E,VS1,61.9,55.0,1675,5.08,5.13,3.16
1.31,Ideal,I,SI2,61.0,59.0,5820,7.05,7.01,4.29
0.41,Very Good,E,VS1,62.9,56.0,931,4.72,4.78,2.99
0.37,Ideal,D,VS2,61.3,56.0,1124,4.64,4.6,2.83
0.37,Premium,E,VVS2,60.9,59.0,1082,4.65,4.61,2.82
0.41,Very Good,D,VS2,62.1,56.0,738,4.76,4.77,2.96
0.41,Premium,F,SI1,61.8,58.0,969,4.76,4.75,2.94
1.7,Good,G,SI1,58.2,64.0,11180,7.89,7.85,4.58
1.53,Ideal,I,SI1,62.4,57.0,8981,7.33,7.37,4.59
0.31,Premium,H,SI1,61.7,59.0,558,4.39,4.36,2.7
0.41,Very Good,E,SI1,63.2,58.0,904,4.72,4.68,2.97
0.51,Good,E,VS2,57.6,62.0,1812,5.33,5.3,3.06
0.57,Good,I,SI1,63.3,56.0,1072,5.27,5.29,3.34
0.4,Ideal,I,SI1,61.6,56.0,765,4.74,4.68,2.9
0.41,Premium,H,SI1,60.5,58.0,876,4.85,4.81,2.92
1.2,Ideal,H,VS1,61.9,57.0,5242,6.77,6.73,4.18
1.21,Very Good,H,SI1,60.2,58.0,6229,6.89,6.93,4.16
0.31,Ideal,F,VS2,60.8,57.0,749,4.41,4.38,2.67
0.91,Good,J,VS2,61.3,61.0,3290,6.18,6.25,3.81
1.0,Fair,F,SI1,65.8,58.0,4657,6.23,6.15,4.07
0.32,Very Good,G,VVS1,58.1,59.0,842,4.49,4.53,2.62
0.42,Very Good,D,SI1,63.3,58.0,942,4.75,4.73,3.0
0.99,Very Good,J,SI1,60.3,57.0,4002,6.44,6.49,3.9
1.0,Premium,F,SI1,60.8,59.0,4234,6.44,6.38,3.9
0.9,Fair,H,SI1,65.4,56.0,3387,6.11,6.04,3.97
0.52,Ideal,I,VVS2,62.2,57.0,1316,5.18,5.11,3.2
0.33,Ideal,F,VVS2,60.9,56.0,974,4.47,4.5,2.73
0.3,Fair,F,VVS2,65.5,61.0,743,4.19,4.15,2.73
1.53,Premium,I,VS1,61.2,59.0,10282,7.41,7.39,4.53
0.59,Ideal,G,VVS2,62.2,56.0,2070,5.4,5.37,3.35
0.41,Premium,E,SI2,61.7,58.0,953,4.8,4.76,2.95
1.05,Premium,F,VS2,62.6,58.0,7025,6.47,6.5,4.06
0.5,Ideal,F,SI2,60.5,56.0,1118,5.17,5.19,3.14
2.03,Very Good,J,SI2,60.9,60.0,11968,8.1,8.21,4.97
1.01,Premium,D,SI2,61.7,59.0,4072,6.41,6.37,3.94
1.54,Very Good,I,SI2,63.3,60.0,7437,7.34,7.31,4.64
1.51,Ideal,H,SI1,61.3,56.0,9833,7.4,7.44,4.55
0.53,Very Good,E,VS1,58.5,61.0,1852,5.28,5.39,3.12
0.35,Premium,E,VS1,60.8,58.0,829,4.55,4.58,2.78
0.3,Very Good,H,VVS2,60.8,58.0,605,4.34,4.37,2.65
1.84,Premium,H,SI1,59.7,58.0,13905,8.01,7.98,4.77
1.07,Very Good,F,VS1,62.0,56.0,7513,6.51,6.55,4.05
1.04,Ideal,I,SI1,61.4,55.0,4423,6.5,6.59,4.02
2.14,Premium,J,SI2,61.5,59.0,13326,8.3,8.25,5.11
0.37,Ideal,H,VVS1,61.9,54.0,815,4.63,4.65,2.87
0.54,Premium,F,SI2,60.0,60.0,1240,5.27,5.22,3.24
0.33,Premium,F,VS2,62.4,58.0,666,4.37,4.41,2.74
0.59,Ideal,F,VVS2,61.7,56.0,2551,5.38,5.41,3.33
0.95,Premium,G,SI2,59.5,56.0,3724,6.41,6.36,3.8
0.31,Good,E,IF,57.7,55.0,912,4.51,4.6,2.63
1.18,Very Good,E,I1,63.3,57.0,3965,6.7,6.64,4.22
0.56,Very Good,F,SI1,62.9,56.0,1436,5.25,5.27,3.31
0.53,Good,G,SI1,63.8,56.0,1363,5.18,5.14,3.29
1.33,Very Good,G,SI2,62.0,59.0,6603,7.1,7.04,4.38
1.01,Good,I,SI1,61.7,58.0,4171,6.33,6.4,3.93
0.32,Ideal,F,IF,60.9,57.0,943,4.42,4.45,2.7
1.01,Very Good,G,VVS2,62.5,54.0,7137,6.38,6.41,4.0
0.55,Ideal,F,VVS2,62.0,55.0,2268,5.26,5.29,3.27
0.42,Very Good,E,SI1,62.3,58.0,773,4.76,4.81,2.98
0.42,Good,F,SI1,63.6,57.0,926,4.76,4.7,3.01
1.02,Very Good,E,VVS1,62.2,57.0,10672,6.4,6.59,4.04
1.0,Premium,F,VVS2,60.6,54.0,8924,6.56,6.52,3.96
0.76,Ideal,G,VS1,59.4,57.0,2972,5.99,6.03,3.57
0.38,Very Good,E,IF,59.5,57.0,1421,4.77,4.84,2.86
0.27,Very Good,F,VS2,58.7,58.0,470,4.25,4.3,2.51
0.56,Ideal,H,VS1,61.8,55.0,1770,5.29,5.33,3.28
0.3,Ideal,I,VS1,62.6,54.0,518,4.24,4.29,2.67
1.08,Ideal,I,SI1,62.6,54.0,5141,6.56,6.51,4.09
0.78,Very Good,H,SI2,63.5,56.0,2265,5.82,5.86,3.71
1.99,Fair,H,VS2,60.5,63.0,17713,8.2,8.11,4.93
0.77,Ideal,H,SI2,60.8,57.0,2302,5.96,5.89,3.6
0.33,Premium,F,SI1,59.9,61.0,705,4.47,4.44,2.67
1.0,Premium,E,VS2,62.7,59.0,6600,6.31,6.38,3.98
1.7,Premium,G,SI2,62.0,57.0,11043,7.72,7.63,4.76
1.0,Very Good,D,SI1,62.3,59.0,5342,6.26,6.29,3.91
1.11,Ideal,H,VVS2,61.2,56.0,7136,6.74,6.7,4.11
2.09,Premium,J,VS1,61.2,59.0,15035,8.22,8.31,5.06
0.37,Ideal,G,VS2,61.5,56.0,649,4.59,4.64,2.84
0.41,Premium,G,VS1,60.5,58.0,961,4.8,4.76,2.89
0.57,Ideal,F,VS2,62.3,55.0,1637,5.3,5.36,3.32
1.23,Very Good,G,VVS2,60.6,55.0,10004,6.93,7.02,4.23
0.55,Premium,I,VVS1,61.3,59.0,1593,5.27,5.3,3.24
0.55,Premium,H,VS2,62.1,58.0,1363,5.24,5.29,3.27
0.9,Very Good,E,SI1,62.3,61.0,3868,6.12,6.17,3.83
1.5,Good,H,SI1,64.9,57.0,8112,7.08,7.15,4.62
0.4,Ideal,H,VVS2,62.2,56.0,1125,4.75,4.7,2.94
0.42,Ideal,I,VVS1,62.4,57.0,945,4.83,4.79,3.0
1.04,Very Good,F,SI2,63.2,58.0,4013,6.39,6.34,4.02
0.55,Ideal,G,VS1,60.9,55.0,1991,5.34,5.37,3.26
0.95,Very Good,I,SI1,61.0,61.0,3544,6.29,6.37,3.86
0.3,Premium,G,IF,58.4,62.0,1071,4.43,4.4,2.58
0.5,Premium,E,VS2,60.6,59.0,1654,5.17,5.06,3.1
1.21,Very Good,G,SI2,58.9,61.0,4887,6.91,6.98,4.09
0.3,Ideal,G,VVS1,61.7,57.0,684,4.31,4.34,2.67
0.71,Ideal,G,VS1,62.4,57.0,2950,5.68,5.73,3.56
1.52,Premium,G,VS2,62.9,60.0,12148,7.31,7.28,4.59
0.9,Very Good,E,SI2,61.6,59.0,3924,6.18,6.26,3.83
0.5,Very Good,E,SI2,61.5,58.0,1077,5.03,5.09,3.11
0.32,Good,H,SI2,63.8,56.0,517,4.38,4.36,2.79
0.33,Very Good,G,VVS1,61.8,55.0,795,4.44,4.48,2.76
1.72,Premium,H,SI1,62.2,59.0,9551,7.62,7.55,4.72
0.9,Very Good,J,SI1,63.6,57.0,3225,6.07,6.1,3.87
1.25,Premium,I,VS2,61.2,58.0,6300,6.94,6.89,4.23
1.12,Premium,H,SI2,61.0,59.0,4077,6.72,6.66,4.08
1.01,Premium,H,SI2,60.9,59.0,3394,6.42,6.35,3.89
0.4,Ideal,G,VS1,61.8,57.0,868,4.73,4.75,2.93
1.13,Ideal,F,VS2,62.1,56.0,7369,6.65,6.71,4.15
1.52,Premium,J,VS1,61.2,59.0,8216,7.36,7.39,4.51
0.53,Premium,D,SI1,61.4,58.0,1566,5.19,5.23,3.2
1.01,Premium,G,SI2,62.7,58.0,4327,6.44,6.38,4.02
0.71,Premium,D,SI1,62.7,60.0,2797,5.67,5.71,3.57
1.25,Premium,E,SI1,60.9,59.0,7260,6.98,7.02,4.26
1.2,Very Good,F,VS2,61.8,58.0,9007,6.75,6.78,4.18
0.44,Very Good,F,SI2,61.9,59.0,711,4.85,4.9,3.02
0.7,Premium,E,SI1,61.0,57.0,2777,5.73,5.68,3.48
2.06,Ideal,J,SI2,61.9,55.0,11337,8.23,8.19,5.08
0.4,Ideal,F,SI1,62.1,57.0,882,4.69,4.65,2.9
1.2,Very Good,F,VS2,62.4,58.0,8829,6.75,6.81,4.23
0.9,Good,H,VS2,63.1,60.0,3989,6.08,6.12,3.85
0.71,Ideal,I,VVS2,61.6,56.0,2145,5.72,5.8,3.56
0.71,Ideal,E,VS2,61.6,56.0,3553,5.73,5.77,3.54
1.12,Very Good,E,SI1,58.8,61.0,5447,6.74,6.8,3.98
0.74,Ideal,F,SI2,61.6,55.0,2410,5.81,5.87,3.6
1.13,Fair,F,VS1,64.5,55.0,7335,6.62,6.56,4.25
1.01,Very Good,H,VS1,64.0,54.0,5305,6.3,6.38,4.06
0.5,Ideal,G,VS2,62.2,54.1,1601,5.07,5.12,3.17
0.37,Premium,H,VVS2,61.3,58.0,746,4.6,4.63,2.83
1.5,Very Good,I,VS2,62.2,59.0,9611,7.34,7.3,4.55
1.34,Ideal,H,IF,60.9,57.0,11109,7.09,7.19,4.35
1.01,Premium,G,VS2,60.9,55.0,5288,6.5,6.48,3.95
0.36,Ideal,J,SI1,61.6,56.0,597,4.61,4.58,2.83
1.0,Very Good,I,SI2,58.3,63.0,3360,6.53,6.5,3.8
2.13,Ideal,I,SI2,62.6,56.0,12356,8.21,8.14,5.12
1.22,Premium,I,SI2,62.3,58.0,4831,6.8,6.85,4.25
0.57,Ideal,F,VS2,61.7,57.0,1847,5.36,5.33,3.3
1.02,Very Good,E,SI2,63.0,57.0,4398,6.39,6.44,4.04
0.31,Premium,I,VVS1,61.0,58.0,571,4.33,4.39,2.66
1.14,Premium,H,VS1,62.0,62.0,5809,6.74,6.65,4.15
0.71,Ideal,I,VVS1,61.2,57.0,2450,5.79,5.76,3.53
0.42,Premium,G,VS1,59.4,59.0,984,4.9,4.86,2.9
1.16,Premium,F,VS2,62.7,58.0,7003,6.71,6.65,4.19
1.2,Very Good,J,SI1,62.5,58.0,5082,6.74,6.79,4.23
0.32,Ideal,D,SI1,59.3,55.0,589,4.51,4.53,2.68
1.61,Very Good,E,SI2,63.0,59.9,10891,7.42,7.45,4.68
1.04,Premium,F,SI1,61.5,59.0,5504,6.54,6.46,4.0
0.36,Ideal,E,VS2,61.1,56.0,789,4.6,4.63,2.82
0.32,Ideal,E,VVS2,62.4,56.0,864,4.39,4.43,2.75
0.39,Premium,E,VS2,62.5,60.0,951,4.67,4.64,2.91
0.82,Premium,I,SI1,62.6,57.0,2405,5.98,5.94,3.73
1.02,Very Good,F,VVS2,60.9,56.0,9205,6.44,6.5,3.94
0.33,Premium,I,VVS2,61.0,59.0,743,4.44,4.41,2.7
2.15,Premium,G,SI2,59.7,60.0,13317,8.4,8.37,5.01
0.92,Premium,F,SI2,58.9,59.0,3282,6.38,6.35,3.75
0.47,Fair,E,VS2,56.3,64.0,1075,5.19,5.14,2.91
0.54,Good,D,SI1,63.2,55.0,1551,5.17,5.21,3.28
0.3,Ideal,F,IF,62.3,55.0,886,4.29,4.31,2.68
0.31,Ideal,F,VVS1,61.9,53.5,882,4.36,4.39,2.71
0.23,Very Good,D,VS1,61.9,58.0,402,3.92,3.96,2.44
0.31,Premium,H,VS2,62.7,59.0,489,4.29,4.32,2.7
0.33,Premium,H,IF,60.3,59.0,1114,4.49,4.47,2.7
0.7,Very Good,E,IF,60.3,59.0,4679,5.72,5.76,3.46
0.99,Ideal,F,SI1,62.8,57.0,5728,6.3,6.38,3.98
0.71,Very Good,D,VS2,63.0,57.0,3033,5.67,5.7,3.58
0.55,Premium,F,VS1,61.0,59.0,1755,5.26,5.29,3.22
0.51,Ideal,D,VS2,62.2,58.0,1678,5.1,5.12,3.18
1.31,Ideal,H,VS1,62.4,56.0,8392,7.0,6.98,4.36
1.04,Ideal,H,SI2,59.6,56.0,4077,6.64,6.59,3.94
0.32,Premium,H,VS2,61.4,60.0,648,4.41,4.39,2.7
1.2,Very Good,H,SI1,62.8,58.0,5567,6.73,6.8,4.25
1.51,Premium,G,SI1,58.7,60.0,10020,7.55,7.48,4.41
0.3,Very Good,E,VS1,61.5,57.0,578,4.28,4.31,2.64
0.73,Good,I,VS2,63.7,58.0,2144,5.69,5.64,3.61
0.5,Ideal,F,VVS2,62.0,53.6,2025,5.09,5.13,3.18
1.19,Ideal,E,SI2,60.2,57.0,5822,6.87,6.84,4.13
0.46,Ideal,I,IF,62.2,55.0,1192,4.94,4.97,3.08
1.02,Fair,H,SI1,56.9,58.0,4935,6.64,6.75,3.81
0.32,Very Good,E,VS2,61.6,58.0,594,4.4,4.47,2.73
0.79,Ideal,G,SI1,60.3,60.0,2907,5.98,6.02,3.62
1.32,Premium,H,SI1,61.5,61.0,7163,7.05,6.97,4.31
0.42,Ideal,F,VS1,61.6,56.0,1082,4.82,4.8,2.96
0.3,Premium,H,VS1,61.3,58.0,675,4.32,4.29,2.64
0.4,Premium,I,SI2,60.5,58.0,702,4.82,4.76,2.9
0.3,Ideal,E,VVS1,62.5,57.0,862,4.27,4.3,2.68
0.44,Ideal,G,VVS1,62.0,54.0,1160,4.89,4.91,3.04
0.55,Premium,F,VS2,62.5,58.0,2376,5.25,5.22,3.27
0.71,Premium,F,SI1,58.5,59.0,2345,5.87,5.82,3.42
1.2,Premium,H,SI1,61.8,58.0,5669,6.8,6.72,4.18
1.5,Premium,E,VS2,62.1,60.0,14386,7.31,7.27,4.53
1.41,Good,G,SI1,63.7,57.0,7738,7.13,7.03,4.51
0.38,Very Good,E,VS1,58.1,59.0,1083,4.78,4.82,2.79
1.8,Ideal,D,SI2,62.9,54.0,7862,7.77,7.74,4.88
0.38,Premium,J,VS1,62.1,60.0,600,4.6,4.64,2.87
0.43,Ideal,E,SI2,61.9,57.0,919,4.86,4.83,3.0
0.74,Premium,F,SI1,62.3,61.0,2723,5.8,5.76,3.6
1.04,Premium,H,VS1,59.7,59.0,5882,6.64,6.59,3.95
0.32,Premium,D,VS2,60.3,60.0,758,4.42,4.44,2.67
1.3,Ideal,G,VS2,61.9,55.0,9225,7.04,7.01,4.35
1.01,Fair,E,SI1,64.8,58.0,4480,6.34,6.29,4.09
0.33,Very Good,F,VVS1,63.3,57.0,980,4.44,4.38,2.79
0.32,Premium,G,VS2,61.9,58.0,720,4.43,4.36,2.72
1.01,Premium,H,I1,58.4,60.0,2206,6.53,6.48,3.8
0.31,Ideal,F,VS2,62.7,57.0,802,4.34,4.3,2.71
0.5,Very Good,E,VS2,62.1,62.0,1451,5.08,5.1,3.16
1.11,Ideal,G,SI2,61.9,55.0,4185,6.65,6.6,4.1
0.33,Ideal,G,IF,60.9,57.0,946,4.45,4.48,2.72
0.52,Fair,E,VVS2,57.2,64.0,2079,5.27,5.36,3.04
0.79,Premium,J,SI1,58.8,62.0,1924,6.03,6.01,3.54
2.01,Premium,H,SI1,60.6,59.0,13387,8.23,8.17,4.97
1.02,Ideal,J,VS2,62.0,56.0,4485,6.42,6.45,3.99
1.22,Ideal,I,SI1,62.3,58.0,6398,6.8,6.82,4.24
0.37,Ideal,I,SI1,60.7,60.0,532,4.6,4.62,2.8
0.92,Very Good,I,SI1,63.7,58.0,3345,6.12,6.18,3.92
0.61,Good,I,VS2,63.4,55.0,1303,5.42,5.46,3.45
1.19,Very Good,E,SI1,58.0,63.0,5956,6.9,6.97,4.02
2.01,Good,I,VS2,59.9,65.0,15587,8.14,8.19,4.89
0.3,Ideal,D,SI1,61.8,56.0,508,4.31,4.33,2.67
1.0,Very Good,E,SI2,63.9,57.0,4321,6.24,6.27,4.0
0.81,Good,F,SI1,64.3,53.0,2718,5.91,5.97,3.81
0.33,Ideal,H,VVS2,60.9,57.0,666,4.48,4.52,2.74
0.9,Good,E,SI2,63.4,60.0,3401,6.02,6.07,3.83
0.5,Very Good,F,SI2,63.5,58.0,1094,5.03,4.98,3.18
0.56,Ideal,G,VS1,60.7,57.0,1682,5.27,5.34,3.22
1.5,Ideal,I,VS1,62.2,54.0,10406,7.33,7.4,4.57
1.08,Ideal,G,VS2,61.3,56.0,6706,6.62,6.59,4.05
1.0,Good,G,VS2,59.3,61.0,5766,6.51,6.57,3.88
0.36,Ideal,D,SI1,61.6,56.0,801,4.59,4.6,2.83
0.36,Ideal,E,VS1,62.7,57.0,933,4.58,4.55,2.86
0.56,Ideal,E,SI2,61.9,55.0,1296,5.32,5.34,3.3
0.7,Very Good,F,SI1,59.1,59.0,2278,5.76,5.91,3.45
0.3,Ideal,D,SI2,61.1,55.0,447,4.32,4.35,2.65
1.01,Premium,F,VS2,61.7,58.0,7240,6.47,6.43,3.98
1.01,Very Good,E,VS2,63.5,58.0,6787,6.36,6.34,4.03
0.45,Ideal,I,VS2,61.3,55.0,748,4.92,4.96,3.03
1.18,Ideal,G,VVS2,61.3,55.0,10308,6.86,6.81,4.19
1.3,Premium,I,VS1,62.2,59.0,6806,6.91,6.97,4.32
0.4,Premium,F,VS2,61.0,58.0,842,4.72,4.79,2.9
0.3,Premium,E,VS2,62.5,59.0,844,4.3,4.27,2.68
0.3,Ideal,G,VVS2,61.8,54.0,665,4.33,4.34,2.68
1.02,Very Good,E,SI2,58.7,63.0,4414,6.61,6.55,3.86
0.55,Premium,D,SI1,60.5,60.0,1698,5.3,5.27,3.2
0.39,Premium,G,VS2,60.4,61.0,942,4.73,4.71,2.85
1.01,Premium,E,VS1,62.0,59.0,7964,6.42,6.38,3.97
0.7,Very Good,G,SI1,63.0,59.0,2276,5.64,5.67,3.56
0.32,Premium,G,VS2,61.5,60.0,561,4.4,4.42,2.71
1.01,Premium,F,SI1,58.5,60.0,4989,6.6,6.57,3.85
0.7,Premium,G,SI1,60.3,58.0,2170,5.73,5.77,3.47
0.73,Very Good,G,VS1,62.4,58.1,2999,5.71,5.75,3.58
0.42,Ideal,I,IF,61.7,55.0,961,4.83,4.86,2.99
1.0,Good,I,VS1,63.9,56.0,4581,6.37,6.18,4.01
1.67,Very Good,I,VS1,61.6,59.1,11867,7.61,7.64,4.7
0.56,Very Good,E,IF,59.9,60.0,2724,5.31,5.38,3.2
1.02,Good,I,VS1,63.7,58.0,4478,6.33,6.26,4.01
2.06,Good,J,SI1,64.1,56.0,11746,7.97,8.09,5.15
0.54,Ideal,D,VS2,61.1,57.0,1892,5.19,5.29,3.2
0.53,Ideal,D,VS2,60.6,57.0,1857,5.24,5.28,3.19
0.81,Premium,D,SI1,62.4,59.0,3266,5.96,5.89,3.7
1.51,Very Good,F,VVS2,63.1,56.0,17317,7.32,7.26,4.6
2.0,Ideal,F,I1,60.3,56.0,10494,8.16,8.27,4.94
0.4,Premium,F,VS1,60.3,60.0,982,4.77,4.81,2.89
0.42,Very Good,D,VVS1,61.4,55.0,1197,4.82,4.86,2.97
0.72,Ideal,E,SI1,62.1,57.0,2608,5.71,5.75,3.56
0.67,Good,G,VS2,63.8,60.0,1990,5.5,5.47,3.5
1.01,Ideal,G,VVS2,62.5,56.0,7941,6.38,6.41,4.0
0.91,Premium,E,SI1,62.2,58.0,3665,6.29,6.18,3.86
1.59,Ideal,I,VS2,61.7,57.0,10752,7.47,7.52,4.62
0.92,Ideal,I,SI1,62.1,55.0,3610,6.24,6.29,3.89
0.36,Very Good,D,SI1,60.1,57.0,663,4.62,4.66,2.79
0.24,Ideal,F,VS1,61.3,56.0,419,4.0,4.03,2.46
2.1,Very Good,I,VS2,59.4,60.0,17837,8.39,8.47,5.01
1.64,Ideal,H,VS2,60.6,57.0,12561,7.71,7.67,4.66
1.56,Premium,I,VS1,61.7,59.0,9959,7.46,7.41,4.59
0.41,Premium,G,SI1,59.1,58.0,923,4.88,4.83,2.87
1.51,Very Good,I,VS1,61.1,61.0,10215,7.32,7.37,4.49
0.84,Very Good,G,VS2,62.0,56.0,3535,6.07,6.09,3.77
1.0,Premium,G,VS2,61.6,58.0,5940,6.39,6.43,3.95
1.1,Good,F,SI2,60.5,61.0,4674,6.61,6.67,4.02
0.63,Ideal,H,VS1,61.2,57.0,2040,5.5,5.55,3.37
3.01,Fair,I,SI2,65.8,56.0,18242,8.99,8.94,5.9
0.3,Premium,E,VVS2,61.9,59.0,1013,4.32,4.27,2.66
1.04,Ideal,H,SI1,62.3,57.0,5102,6.45,6.48,4.03
1.51,Premium,F,VS2,61.6,58.0,14817,7.35,7.32,4.52
0.81,Very Good,G,SI2,63.2,60.0,2095,5.82,5.79,3.67
0.54,Ideal,F,VS2,61.0,56.0,1615,5.27,5.32,3.23
1.64,Premium,I,SI2,61.3,58.0,8587,7.58,7.62,4.66
0.7,Good,F,SI2,64.1,55.0,1851,5.58,5.52,3.56
1.05,Ideal,F,VS2,59.1,57.0,7697,6.67,6.66,3.94
0.41,Ideal,D,SI1,62.7,56.0,1015,4.78,4.73,2.98
1.0,Fair,E,SI2,65.2,59.0,4516,6.28,6.27,4.09
1.38,Premium,J,SI1,59.0,59.0,5912,7.38,7.32,4.34
0.4,Ideal,E,VVS2,61.7,55.0,1158,4.74,4.76,2.93
0.3,Ideal,E,VS1,61.6,57.0,729,4.3,4.33,2.66
0.41,Very Good,H,SI1,62.8,56.0,683,4.72,4.77,2.98
0.5,Good,G,SI1,63.9,57.0,1286,5.06,5.02,3.22
1.0,Very Good,E,SI2,62.5,55.0,4392,6.38,6.41,4.0
0.35,Ideal,H,VVS1,61.5,57.0,798,4.53,4.54,2.79
0.66,Ideal,H,SI1,62.4,58.0,1609,5.53,5.56,3.46
1.53,Ideal,H,I1,62.3,56.0,6477,7.38,7.34,4.59
0.39,Ideal,E,VVS1,60.8,58.0,1183,4.72,4.76,2.88
0.41,Very Good,G,IF,60.9,59.0,1197,4.8,4.85,2.94
1.08,Ideal,E,VS1,61.6,57.0,8674,6.58,6.61,4.06
0.62,Premium,H,VVS1,61.9,58.0,2232,5.49,5.46,3.39
1.24,Ideal,F,SI2,61.7,57.0,6111,6.91,6.86,4.25
1.0,Very Good,G,VS2,63.1,61.0,5806,6.38,6.33,4.01
0.34,Premium,F,SI2,63.0,58.0,574,4.47,4.45,2.81
1.02,Ideal,I,SI1,62.1,56.0,3713,6.44,6.39,3.98
1.2,Ideal,E,SI1,62.3,55.0,7074,6.78,6.84,4.24
0.25,Very Good,G,VVS1,61.8,56.0,525,4.03,4.06,2.5
0.52,Very Good,G,SI1,63.3,57.0,1338,5.11,5.08,3.22
1.51,Premium,J,VVS2,62.5,59.0,8770,7.29,7.34,4.57
0.31,Good,F,SI1,63.2,56.0,512,4.27,4.31,2.71
1.07,Good,F,I1,64.3,59.0,3354,6.37,6.42,4.11
0.38,Premium,G,VS1,60.6,58.0,833,4.64,4.67,2.82
0.53,Ideal,F,VS1,61.5,56.0,1856,5.26,5.22,3.22
0.53,Very Good,D,SI2,60.2,56.0,1307,5.23,5.26,3.16
1.5,Premium,E,SI2,60.1,60.0,9450,7.42,7.35,4.44
1.62,Ideal,F,VS2,61.2,57.0,18281,7.52,7.58,4.62
0.43,Ideal,D,VVS1,61.9,54.0,1754,4.83,4.87,3.0
1.7,Ideal,I,VS1,60.1,57.0,12099,7.8,7.77,4.68
0.51,Very Good,G,VVS2,62.9,57.0,1750,5.06,5.12,3.2
0.38,Premium,D,SI1,62.2,58.0,941,4.63,4.57,2.86
0.3,Good,H,VS1,63.2,58.0,491,4.22,4.26,2.68
0.34,Very Good,G,SI2,62.8,59.0,447,4.45,4.47,2.8
0.34,Very Good,G,VVS2,61.7,56.0,775,4.47,4.51,2.77
0.7,Very Good,F,I1,63.2,61.0,1736,5.57,5.48,3.49
0.76,Ideal,E,SI2,61.6,55.0,2680,5.87,5.92,3.63
0.4,Ideal,E,VVS1,61.5,56.0,1333,4.75,4.78,2.93
1.08,Premium,G,VS2,59.4,59.0,6532,6.75,6.68,3.99
1.53,Premium,F,SI1,58.5,59.0,11820,7.62,7.55,4.44
0.93,Premium,E,SI1,62.8,56.0,4739,6.26,6.2,3.91
0.71,Premium,F,SI2,62.1,60.0,2169,5.68,5.62,3.51
0.39,Ideal,F,VS1,62.5,57.0,895,4.66,4.69,2.92
0.7,Good,E,VS1,57.2,62.0,2782,5.81,5.77,3.31
0.39,Ideal,E,VVS1,60.4,56.0,1179,4.76,4.78,2.88
0.77,Ideal,E,SI2,62.4,56.0,2677,5.83,5.86,3.65
1.04,Ideal,F,SI2,62.1,57.0,4754,6.48,6.46,4.02
0.41,Premium,G,VS2,62.6,58.0,1061,4.74,4.71,2.96
0.33,Premium,G,VS2,62.6,58.0,579,4.41,4.44,2.77
0.76,Very Good,H,SI2,59.8,58.0,2418,5.94,5.96,3.56
0.52,Ideal,F,VVS2,61.5,55.0,2092,5.17,5.21,3.19
1.56,Ideal,F,SI1,61.2,57.0,11148,7.52,7.48,4.59
0.53,Ideal,E,SI1,61.2,54.0,1303,5.21,5.25,3.2
1.24,Premium,G,VS1,62.0,59.0,7800,6.92,6.88,4.28
0.71,Very Good,G,VS1,64.0,56.0,2630,5.65,5.67,3.62
1.6,Very Good,I,VS1,58.6,58.0,10824,7.66,7.72,4.51
1.72,Very Good,J,VS2,60.9,61.0,10477,7.77,7.79,4.74
0.25,Premium,E,VVS2,62.0,59.0,576,4.05,4.08,2.52
1.06,Premium,G,VS1,62.0,58.0,7130,6.56,6.51,4.05
0.9,Very Good,G,SI2,61.4,58.0,3489,6.16,6.21,3.8
1.06,Very Good,D,SI1,59.4,57.0,5713,6.65,6.72,3.97
0.41,Ideal,G,VS2,62.7,56.0,827,4.74,4.77,2.98
1.01,Premium,J,VS2,61.0,61.0,3722,6.28,6.22,3.81
0.93,Very Good,E,SI1,63.1,57.0,4531,6.19,6.17,3.9
1.1,Ideal,J,SI1,62.2,55.0,4275,6.62,6.65,4.13
1.01,Good,F,VS2,63.1,60.0,6159,6.29,6.39,4.0
1.0,Good,F,VS2,64.0,59.0,5864,6.29,6.25,4.03
0.63,Ideal,J,SI1,61.8,56.0,1565,5.47,5.52,3.39
0.58,Ideal,G,SI2,62.1,54.0,1213,5.36,5.39,3.34
0.35,Very Good,G,VS1,61.2,56.0,706,4.53,4.56,2.78
0.51,Good,E,SI1,57.4,62.0,1361,5.29,5.24,3.02
1.2,Very Good,J,SI2,61.8,56.0,4102,6.81,6.85,4.22
1.57,Very Good,H,SI2,58.6,62.0,9077,7.71,7.64,4.5
1.07,Ideal,G,VS2,61.9,55.0,7275,6.55,6.57,4.06
0.31,Ideal,H,VS2,61.9,55.0,628,4.38,4.35,2.7
1.05,Ideal,F,VS2,61.6,54.0,6810,6.54,6.58,4.04
0.4,Very Good,E,VVS2,60.3,59.0,1017,4.74,4.78,2.87
0.38,Ideal,F,IF,62.2,55.0,1333,4.64,4.66,2.89
0.33,Very Good,G,VS1,61.0,57.0,652,4.46,4.49,2.72
0.31,Very Good,F,VVS1,62.4,57.0,897,4.3,4.32,2.69
0.4,Very Good,D,VVS2,62.2,62.0,1010,4.68,4.71,2.92
0.9,Fair,G,SI1,64.5,57.0,3629,6.07,6.03,3.9
1.73,Very Good,H,VS2,61.7,56.0,12998,7.64,7.7,4.73
0.34,Ideal,E,VVS1,61.9,56.0,1084,4.51,4.47,2.78
0.91,Premium,H,VS2,61.9,59.0,4201,6.18,6.23,3.84
0.78,Premium,I,VS2,62.7,58.0,2646,5.89,5.82,3.68
0.3,Ideal,F,IF,61.7,56.0,873,4.31,4.35,2.67
1.21,Very Good,H,SI1,59.6,60.0,7203,6.93,6.94,4.13
0.9,Fair,F,SI1,66.0,57.0,3160,6.06,6.0,3.98
1.03,Premium,H,VS2,62.6,56.0,5364,6.43,6.38,4.01
1.23,Ideal,H,SI1,62.4,54.0,6617,6.83,6.89,4.28
0.9,Premium,F,SI2,61.4,58.0,3556,6.19,6.13,3.78
0.33,Good,E,SI1,63.1,56.0,540,4.42,4.45,2.8
0.77,Good,F,VS1,59.3,56.0,3393,5.98,6.03,3.56
0.43,Very Good,F,SI2,60.5,59.0,679,4.88,4.91,2.96
0.3,Ideal,E,VVS2,62.0,55.0,743,4.3,4.34,2.68
1.06,Ideal,G,VS1,61.7,57.0,8093,6.52,6.57,4.04
0.78,Ideal,D,SI1,61.2,58.0,3326,5.92,5.95,3.63
0.26,Ideal,F,VVS1,62.4,56.0,769,4.11,4.1,2.56
1.07,Ideal,H,VS2,62.0,57.0,5820,6.55,6.58,4.07
2.0,Fair,H,SI2,68.7,55.0,9549,7.9,7.67,5.35
0.9,Premium,F,SI2,58.5,60.0,2681,6.3,6.25,3.67
1.12,Ideal,F,VVS2,61.3,57.0,10764,6.67,6.7,4.1
0.76,Premium,J,SI1,58.4,59.0,1904,6.01,5.97,3.51
0.54,Good,F,VS1,63.7,55.0,2090,5.16,5.11,3.27
0.7,Good,H,VS2,59.1,65.0,2352,5.85,5.75,3.43
0.91,Very Good,H,VS1,60.0,58.0,4514,6.29,6.38,3.8
0.8,Premium,D,SI1,61.7,58.0,3312,5.96,5.93,3.67
1.09,Very Good,I,SI1,63.2,59.0,4639,6.54,6.5,4.12
1.01,Very Good,H,SI1,63.5,57.0,4659,6.31,6.35,4.02
0.3,Ideal,D,VS2,62.8,57.0,911,4.29,4.25,2.68
0.64,Good,J,SI2,64.7,54.0,1141,5.39,5.43,3.5
0.92,Premium,F,SI2,59.3,61.0,3864,6.36,6.29,3.75
1.06,Ideal,H,SI1,61.4,55.0,5194,6.62,6.58,4.05
1.26,Ideal,F,SI1,61.4,56.0,7824,6.99,6.93,4.27
0.31,Very Good,G,SI2,63.3,54.0,523,4.34,4.29,2.73
0.39,Ideal,E,VVS1,62.1,54.0,1183,4.67,4.7,2.91
0.25,Very Good,F,VS1,61.2,59.0,435,4.02,4.05,2.47
1.5,Ideal,I,VS2,60.0,61.0,9827,7.39,7.42,4.44
0.75,Ideal,G,VS1,62.3,57.0,2973,5.83,5.86,3.64
0.51,Ideal,F,VS1,61.8,54.0,1632,5.15,5.18,3.19
0.47,Ideal,G,VVS1,61.6,56.0,1421,4.99,5.05,3.09
0.7,Ideal,F,VS2,61.8,57.0,3011,5.67,5.75,3.53
0.78,Very Good,F,VS1,63.3,56.0,3563,5.84,5.89,3.71
0.83,Very Good,G,VS2,62.7,58.0,3195,5.97,6.03,3.76
0.33,Ideal,F,VS1,61.2,57.0,738,4.46,4.49,2.74
0.3,Good,H,SI1,63.4,60.0,432,4.23,4.25,2.69
0.35,Ideal,E,SI2,61.7,56.0,630,4.55,4.53,2.8
1.06,Ideal,F,VVS2,62.1,57.0,9118,6.54,6.5,4.05
0.7,Premium,E,SI1,60.7,58.0,2703,5.74,5.73,3.48
1.5,Very Good,J,I1,63.3,58.0,5141,7.27,7.23,4.59
0.32,Ideal,G,VVS1,61.1,55.0,814,4.43,4.45,2.71
0.52,Premium,I,VS1,59.6,60.0,1141,5.17,5.14,3.07
0.46,Premium,G,VS1,62.8,57.0,1087,4.92,4.83,3.06
0.9,Good,H,VS2,63.6,61.0,3701,6.03,5.97,3.8
0.32,Premium,H,VVS2,62.3,58.0,645,4.33,4.37,2.71
2.01,Premium,J,SI1,62.3,59.0,12048,8.03,7.97,4.98
0.74,Ideal,F,SI1,62.2,54.0,2583,5.79,5.85,3.62
0.73,Very Good,J,SI1,60.1,62.0,2031,5.85,5.9,3.53
0.31,Ideal,G,IF,61.8,54.0,891,4.36,4.38,2.7
0.87,Fair,I,VS2,57.3,59.0,3166,6.29,6.44,3.65
0.97,Very Good,G,SI2,59.8,58.0,3960,6.38,6.42,3.83
0.31,Ideal,E,SI1,62.8,57.0,698,4.34,4.32,2.72
0.42,Ideal,E,VVS1,61.6,56.0,1400,4.82,4.85,2.98
0.7,Very Good,E,SI2,63.2,61.0,2307,5.62,5.59,3.54
0.97,Premium,F,SI1,62.7,59.0,4481,6.31,6.28,3.95
0.3,Ideal,E,VS1,60.8,57.0,710,4.33,4.36,2.64
0.42,Ideal,H,IF,61.7,55.0,1216,4.82,4.84,2.98
0.53,Ideal,E,VS2,60.0,57.0,1721,5.24,5.3,3.16
1.01,Ideal,G,IF,62.8,57.0,8778,6.42,6.39,4.02
0.54,Ideal,H,SI1,62.2,56.0,1240,5.26,5.19,3.25
1.02,Good,F,SI1,64.3,58.0,4936,6.28,6.32,4.05
0.7,Ideal,E,SI1,61.8,56.0,2576,5.72,5.68,3.52
0.47,Premium,H,VS1,61.8,58.0,1221,4.99,4.94,3.07
0.52,Ideal,G,SI1,61.1,55.0,1197,5.22,5.26,3.2
0.61,Fair,I,VS2,57.4,60.9,1437,5.6,5.65,3.23
0.33,Premium,I,VS1,61.6,60.0,668,4.45,4.42,2.73
0.31,Premium,H,VS1,62.4,58.0,544,4.32,4.36,2.71
0.41,Ideal,E,VVS2,62.2,54.0,1187,4.76,4.79,2.97
0.32,Ideal,I,VVS1,62.5,55.0,756,4.4,4.37,2.74
1.73,Fair,H,SI2,65.9,58.0,6007,7.52,7.45,4.93
0.38,Premium,F,SI1,62.7,58.0,700,4.6,4.62,2.89
0.43,Ideal,D,VVS1,62.3,56.0,1584,4.81,4.82,3.0
0.7,Very Good,F,VS1,60.5,57.0,2726,5.77,5.8,3.5
1.51,Fair,I,I1,65.7,61.0,5074,7.08,7.02,4.63
0.73,Ideal,D,VS2,61.9,56.0,3255,5.76,5.81,3.58
0.41,Premium,G,SI1,60.3,60.0,923,4.8,4.76,2.88
0.38,Good,H,SI2,63.4,57.0,547,4.58,4.63,2.92
0.71,Ideal,G,VS2,61.6,55.0,2537,5.74,5.78,3.55
0.52,Ideal,E,VS1,61.7,56.0,1742,5.13,5.18,3.18
0.78,Ideal,G,SI1,62.2,55.0,3267,5.87,5.9,3.66
0.5,Premium,H,VS1,62.7,59.0,1253,5.03,4.98,3.14
1.73,Premium,I,VS1,62.2,59.0,12674,7.65,7.62,4.75
0.7,Premium,D,VS1,62.9,59.0,3214,5.72,5.66,3.58
1.01,Good,F,VS2,63.9,58.0,6446,6.39,6.32,4.06
2.01,Premium,H,SI2,61.6,58.0,16499,8.12,8.02,4.97
0.34,Very Good,G,VS2,60.3,54.0,596,4.53,4.56,2.74
1.13,Premium,D,SI2,62.0,58.0,5376,6.68,6.64,4.13
0.71,Ideal,E,VS1,62.7,57.0,3238,5.66,5.69,3.56
0.56,Ideal,I,SI1,62.1,54.0,1094,5.3,5.32,3.3
0.35,Very Good,G,VS1,61.7,61.0,706,4.49,4.52,2.78
1.1,Ideal,H,SI1,60.2,56.0,4827,6.74,6.82,4.08
0.31,Ideal,I,VS2,62.3,53.8,447,4.32,4.36,2.7
0.91,Fair,H,SI2,61.3,67.0,2825,6.24,6.19,3.81
0.42,Very Good,F,SI1,62.9,57.0,773,4.73,4.77,2.99
0.91,Good,G,SI2,62.5,60.0,3149,6.05,6.08,3.79
0.31,Ideal,E,SI1,62.1,56.0,582,4.35,4.38,2.71
0.31,Premium,I,VS2,59.9,60.0,558,4.44,4.41,2.65
0.9,Premium,E,VS2,62.6,60.0,5312,6.15,6.08,3.83
0.7,Ideal,G,VS1,60.6,57.0,3384,5.73,5.79,3.5
1.63,Ideal,I,VVS2,62.3,54.7,12174,7.49,7.52,4.69
0.5,Premium,E,SI2,59.7,59.0,1063,5.18,5.11,3.07
0.45,Premium,G,VVS1,60.8,58.0,1263,4.92,4.98,3.01
0.81,Ideal,H,VS2,61.6,56.0,3084,6.03,5.98,3.7
0.52,Ideal,G,VS2,62.0,55.0,1577,5.19,5.13,3.2
0.27,Very Good,E,VVS2,61.8,59.0,586,4.14,4.18,2.57
0.52,Premium,E,VS2,61.6,59.0,1576,5.14,5.16,3.17
1.07,Very Good,H,SI1,60.4,58.0,5367,6.67,6.73,4.05
0.3,Ideal,F,VVS1,61.8,54.0,802,4.33,4.37,2.69
0.32,Premium,F,VS2,62.1,59.0,645,4.35,4.41,2.72
0.51,Ideal,D,VS2,61.1,56.0,1986,5.16,5.2,3.17
0.25,Ideal,H,VVS1,62.5,56.0,577,4.06,4.03,2.53
0.31,Ideal,G,VVS2,61.7,54.0,907,4.38,4.34,2.69
1.22,Premium,G,VVS2,62.0,58.0,10111,6.9,6.85,4.26
1.42,Premium,F,SI2,59.7,57.0,7755,7.33,7.3,4.37
0.5,Good,E,SI1,63.7,59.0,1155,5.07,5.01,3.21
0.57,Premium,F,SI1,59.5,58.0,1571,5.43,5.36,3.21
1.51,Ideal,G,IF,61.7,55.0,18806,7.37,7.41,4.56
1.2,Good,H,SI2,59.7,63.0,5085,6.84,6.87,4.09
0.4,Ideal,H,VVS1,61.4,57.0,1017,4.74,4.81,2.93
0.54,Ideal,H,VVS1,61.7,57.0,1944,5.24,5.23,3.23
1.04,Good,D,SI1,63.7,58.0,5708,6.43,6.39,4.08
0.51,Very Good,F,VS1,61.0,59.0,1706,5.16,5.1,3.13
0.23,Very Good,E,VVS2,60.0,56.0,530,4.03,4.07,2.43
0.47,Premium,E,VS1,61.8,58.0,1640,5.03,4.97,3.09
1.2,Premium,J,SI1,62.8,58.0,4113,6.77,6.7,4.23
0.56,Ideal,E,VVS1,62.1,56.0,2750,5.28,5.29,3.28
1.02,Ideal,E,SI2,62.1,55.0,4798,6.51,6.4,4.01
1.25,Premium,I,VS1,60.4,59.0,6664,7.01,6.94,4.21
0.41,Fair,G,VVS2,64.7,56.0,833,4.68,4.72,3.04
0.63,Very Good,H,VS1,61.1,57.0,1991,5.5,5.54,3.37
0.5,Premium,F,SI1,61.7,57.0,1231,5.09,5.06,3.13
1.04,Ideal,G,VS2,62.0,57.0,6342,6.49,6.5,4.03
0.91,Premium,D,SI2,61.0,61.0,3943,6.24,6.16,3.78
0.33,Ideal,E,VS1,61.5,54.0,806,4.46,4.49,2.75
0.32,Ideal,G,SI1,60.9,57.0,612,4.46,4.44,2.71
0.9,Premium,F,SI1,61.4,55.0,4435,6.18,6.16,3.79
0.42,Ideal,E,VS2,62.3,55.0,1024,4.83,4.77,2.99
2.07,Premium,H,SI2,59.6,60.0,11094,8.3,8.24,4.93
1.12,Ideal,G,VS2,62.0,56.0,6652,6.64,6.69,4.13
0.37,Premium,D,SI1,62.3,56.0,874,4.64,4.61,2.88
0.42,Ideal,G,VVS1,61.1,56.0,1179,4.82,4.84,2.95
0.35,Ideal,E,VVS1,62.2,56.0,1116,4.53,4.51,2.81
1.05,Very Good,F,VS2,62.0,56.0,6545,6.48,6.52,4.03
1.12,Ideal,D,SI2,62.6,57.0,5456,6.61,6.65,4.15
0.32,Premium,H,SI1,61.9,59.0,576,4.41,4.38,2.72
0.44,Premium,E,VVS2,60.0,59.0,1334,4.99,4.95,2.98
0.92,Very Good,J,SI2,58.7,61.0,2880,6.34,6.43,3.75
1.09,Very Good,F,VS2,61.4,54.0,6990,6.66,6.7,4.1
0.31,Very Good,G,VVS1,59.9,62.0,816,4.35,4.37,2.61
1.21,Premium,H,VS2,60.8,58.0,6710,6.91,6.88,4.19
0.3,Ideal,E,VS2,62.3,56.0,844,4.32,4.28,2.68
0.3,Ideal,G,VVS1,62.3,55.0,789,4.29,4.31,2.68
0.35,Premium,E,SI1,61.2,58.0,788,4.59,4.53,2.79
0.41,Ideal,G,VVS1,61.8,55.0,1000,4.76,4.79,2.95
1.01,Ideal,G,VS2,62.7,56.0,6108,6.43,6.39,4.02
2.01,Very Good,H,SI2,63.2,57.0,14150,8.02,7.97,5.05
0.52,Ideal,E,VS2,61.7,55.0,1689,5.16,5.21,3.2
0.3,Ideal,E,VVS1,62.5,54.0,979,4.32,4.29,2.69
0.54,Ideal,G,VVS1,62.2,56.0,2236,5.22,5.2,3.24
2.0,Good,I,VS2,63.5,59.0,14889,7.93,7.98,5.05
0.5,Good,G,VS2,59.3,65.0,1259,5.1,5.12,3.03
0.43,Premium,D,VS2,59.7,59.0,963,4.93,4.89,2.93
0.44,Premium,E,VS2,60.4,58.0,1073,4.93,4.87,2.96
0.28,Ideal,F,VVS2,62.2,53.0,787,4.22,4.23,2.63
1.01,Ideal,E,VVS1,62.0,57.0,10954,6.39,6.45,3.98
0.35,Very Good,G,VVS2,62.4,56.0,798,4.47,4.53,2.81
0.31,Ideal,G,IF,62.5,56.0,871,4.33,4.37,2.71
0.28,Very Good,E,VVS1,62.1,57.0,707,4.17,4.21,2.6
1.11,Very Good,J,SI1,62.4,57.7,4316,6.57,6.64,4.12
2.32,Ideal,H,SI1,62.6,57.0,18080,8.46,8.52,5.32
0.32,Ideal,H,SI2,60.9,56.0,434,4.41,4.45,2.7
1.11,Ideal,I,VS2,62.2,56.0,5073,6.69,6.62,4.14
1.52,Ideal,I,SI2,61.3,60.0,7582,7.33,7.39,4.51
0.3,Premium,D,VS2,62.3,58.0,710,4.29,4.32,2.68
0.24,Ideal,H,VS2,61.1,56.0,391,3.99,4.03,2.45
0.57,Very Good,D,SI1,59.8,60.0,1906,5.4,5.34,3.21
1.5,Very Good,E,SI2,63.5,59.0,9450,7.28,7.25,4.61
0.33,Ideal,F,IF,61.2,56.0,1240,4.47,4.49,2.74
0.54,Ideal,E,SI1,60.3,57.0,1777,5.28,5.3,3.19
0.79,Premium,G,SI2,60.8,58.0,1877,6.0,5.98,3.61
0.33,Ideal,D,SI2,62.4,56.0,492,4.41,4.44,2.76
1.12,Very Good,E,SI2,60.9,63.0,3864,6.65,6.59,4.03
0.7,Ideal,D,SI1,60.7,56.0,2822,5.75,5.72,3.48
0.9,Ideal,G,VS2,62.6,57.0,4269,6.14,6.2,3.86
0.3,Ideal,D,VS2,61.4,55.0,911,4.34,4.32,2.66
0.51,Very Good,G,VS1,62.7,56.0,1656,5.08,5.13,3.2
1.0,Very Good,E,VS1,59.4,56.0,7367,6.53,6.56,3.89
0.55,Ideal,F,VS2,61.1,57.0,1819,5.3,5.27,3.23
1.5,Fair,G,VS2,64.4,56.0,12787,7.16,7.09,4.59
1.01,Very Good,D,SI1,63.1,60.0,5543,6.39,6.32,4.01
0.4,Very Good,F,VVS2,62.9,55.0,972,4.72,4.75,2.98
0.86,Very Good,H,SI1,63.8,56.0,3115,6.02,6.05,3.85
0.71,Premium,F,SI2,62.1,60.0,2275,5.7,5.66,3.53
0.5,Premium,E,VS2,62.1,62.0,1559,5.1,5.08,3.16
0.53,Ideal,G,VVS2,61.0,56.0,1946,5.21,5.25,3.19
1.52,Ideal,J,VS1,62.3,58.0,8608,7.32,7.35,4.57
1.0,Premium,G,VS2,61.5,58.0,5967,6.39,6.36,3.92
1.97,Very Good,H,VS2,62.9,59.0,17377,7.9,8.01,5.0
0.33,Ideal,F,VVS1,61.1,55.0,854,4.48,4.52,2.75
1.08,Premium,H,VS1,58.6,60.0,5818,6.84,6.78,3.99
1.25,Ideal,I,VS1,61.6,56.0,7485,6.91,6.95,4.27
0.98,Premium,F,SI2,61.8,58.0,4308,6.37,6.32,3.92
0.3,Premium,F,VS2,60.7,58.0,776,4.35,4.32,2.63
0.59,Ideal,D,SI1,62.1,56.0,1684,5.36,5.4,3.34
1.01,Fair,F,VS2,65.2,52.0,5090,6.31,6.29,4.11
0.53,Ideal,H,VS2,62.6,57.0,1412,5.17,5.15,3.23
1.03,Very Good,D,SI1,62.6,58.0,5498,6.44,6.49,4.05
0.41,Ideal,D,VVS1,62.2,56.0,1582,4.8,4.78,2.98
0.42,Ideal,H,VVS1,61.8,55.0,1035,4.85,4.8,2.98
0.4,Ideal,E,VVS1,61.7,57.0,1333,4.7,4.74,2.91
0.54,Ideal,E,VS2,61.7,55.0,1847,5.27,5.24,3.24
0.93,Premium,F,I1,61.3,59.0,2396,6.27,6.22,3.83
0.71,Very Good,I,VS1,59.0,57.0,2328,5.85,5.88,3.46
0.3,Premium,D,VS2,62.2,58.0,911,4.3,4.25,2.66
0.38,Ideal,F,I1,62.5,57.0,497,4.61,4.64,2.89
0.5,Premium,F,VS1,62.9,58.0,1666,5.09,5.05,3.19
0.53,Premium,E,SI1,61.8,60.0,2099,5.21,5.18,3.21
1.01,Premium,I,SI2,61.7,60.0,3749,6.34,6.4,3.93
0.32,Very Good,F,VVS1,62.8,60.0,834,4.32,4.34,2.72
1.51,Premium,H,VS2,60.2,60.0,10951,7.5,7.38,4.48
1.01,Premium,H,VS2,62.3,62.0,4769,6.39,6.35,3.97
1.14,Ideal,F,VVS1,60.1,60.0,11226,6.79,6.83,4.09
0.92,Premium,D,SI2,62.4,58.0,4168,6.18,6.19,3.86
1.02,Premium,G,VS1,61.0,61.0,7129,6.58,6.53,4.0
0.31,Ideal,D,VS2,61.6,55.0,804,4.4,4.37,2.7
0.88,Ideal,H,VVS1,62.0,59.0,4334,6.12,6.13,3.8
0.39,Very Good,F,VVS2,61.7,56.0,965,4.7,4.74,2.91
1.15,Good,H,SI1,60.2,61.0,5005,6.74,6.84,4.09
2.26,Very Good,D,SI2,61.6,61.0,18028,8.47,8.38,5.19
1.0,Good,G,SI1,62.2,65.0,3965,6.28,6.22,3.89
0.69,Fair,I,VS1,57.9,63.0,1692,5.73,5.77,3.33
0.97,Premium,H,SI1,58.0,62.0,3911,6.56,6.48,3.79
0.9,Good,G,VS1,63.9,60.0,4401,6.14,6.09,3.91
0.31,Ideal,D,VS2,61.9,56.0,734,4.37,4.38,2.71
0.33,Ideal,H,VVS1,61.7,56.0,752,4.46,4.48,2.76
1.0,Premium,F,SI1,60.3,61.0,4704,6.43,6.38,3.86
0.44,Ideal,I,VS2,61.9,54.0,732,4.91,4.95,3.05
1.01,Very Good,H,VS2,63.1,59.0,5260,6.34,6.3,3.99
0.56,Ideal,E,VS1,61.3,55.0,1930,5.29,5.32,3.25
0.51,Ideal,E,VS2,60.7,56.0,1877,5.17,5.21,3.15
0.34,Premium,I,SI1,60.2,59.0,574,4.55,4.52,2.73
1.01,Ideal,G,VS2,61.7,57.0,6104,6.48,6.45,3.99
0.32,Very Good,G,VVS2,61.5,54.0,672,4.4,4.42,2.71
1.08,Very Good,F,SI1,58.2,63.0,5256,6.69,6.78,3.92
0.34,Ideal,E,VS1,61.8,57.0,805,4.47,4.5,2.77
0.58,Very Good,H,VVS1,63.3,55.0,1979,5.27,5.31,3.35
1.35,Premium,G,VS2,62.8,59.0,9471,7.04,7.01,4.41
0.3,Ideal,F,VVS1,62.4,57.0,790,4.25,4.28,2.66
0.9,Very Good,I,VS2,58.7,60.0,3709,6.28,6.35,3.71
1.25,Premium,H,SI2,60.5,61.0,4200,6.97,6.91,4.2
1.01,Very Good,G,VS2,61.6,58.0,5919,6.4,6.45,3.96
0.91,Very Good,F,SI2,61.6,59.0,3653,6.14,6.24,3.81
0.5,Good,D,SI1,63.8,60.0,1433,5.03,5.0,3.2
1.04,Very Good,E,SI1,60.8,60.0,5231,6.49,6.56,3.97
0.51,Premium,D,SI1,61.6,58.0,1687,5.14,5.12,3.16
0.71,Good,D,SI2,56.6,63.0,2015,5.9,5.76,3.3
1.72,Premium,H,SI1,62.9,58.0,13078,7.63,7.59,4.79
0.54,Very Good,E,VVS2,63.3,60.0,1955,5.1,5.17,3.25
0.3,Very Good,G,VS1,62.2,59.0,605,4.24,4.28,2.65
2.11,Premium,G,SI1,61.6,59.0,17816,8.24,8.19,5.06
2.01,Fair,G,SI2,65.6,56.0,15562,7.89,7.84,6.16
0.23,Very Good,E,VVS2,64.1,58.0,505,3.85,3.89,2.48
0.5,Fair,F,VS2,64.6,58.0,1323,5.01,4.99,3.23
0.36,Premium,D,VS2,59.1,58.0,852,4.63,4.68,2.75
0.23,Very Good,E,VVS1,61.8,59.0,530,3.9,3.93,2.42
0.4,Premium,G,SI1,61.4,60.0,900,4.71,4.67,2.88
0.7,Very Good,E,SI1,63.2,60.0,2777,5.6,5.51,3.51
0.66,Very Good,E,VS1,61.0,57.8,2618,5.64,5.69,3.45
0.35,Fair,E,VVS2,66.2,61.0,738,4.4,4.36,2.9
0.51,Premium,D,SI1,61.0,60.0,1687,5.18,5.15,3.15
0.36,Very Good,G,SI2,61.9,56.0,473,4.55,4.59,2.83
0.33,Ideal,E,VVS1,61.6,56.0,1207,4.44,4.46,2.74
1.3,Very Good,H,VS1,61.9,56.0,7747,6.97,7.05,4.34
0.41,Very Good,E,SI1,60.5,61.0,755,4.78,4.8,2.9
0.24,Very Good,E,VVS2,60.3,58.0,552,4.03,4.06,2.44
0.5,Premium,D,VS2,60.2,57.0,1845,5.21,5.15,3.12
0.9,Fair,E,SI1,64.9,56.0,3743,6.12,6.18,3.99
1.01,Very Good,H,VS1,59.6,58.0,5055,6.46,6.5,3.86
0.31,Ideal,D,VVS2,61.9,55.0,997,4.39,4.36,2.71
0.41,Ideal,J,VS2,62.2,54.4,637,4.72,4.75,2.95
0.31,Premium,E,SI1,62.7,58.0,698,4.33,4.31,2.71
1.06,Very Good,H,SI2,61.7,59.5,4465,6.51,6.53,4.02
1.02,Premium,H,SI1,58.3,59.0,4819,6.68,6.59,3.87
1.03,Premium,F,SI1,58.6,62.0,5087,6.65,6.6,3.88
0.72,Ideal,D,SI2,62.3,57.0,2457,5.8,5.75,3.6
0.72,Ideal,G,SI2,62.6,52.0,2295,5.74,5.77,3.6
0.54,Premium,D,SI1,62.3,60.0,1595,5.18,5.22,3.24
1.01,Premium,F,VS2,59.9,61.0,6097,6.5,6.46,3.88
0.32,Ideal,F,VVS1,60.6,56.0,867,4.46,4.48,2.71
0.4,Very Good,H,SI1,62.1,62.0,666,4.7,4.73,2.93
0.34,Ideal,G,VS2,61.1,55.0,596,4.52,4.55,2.77
1.32,Premium,F,VS1,61.7,59.0,10977,6.95,6.99,4.3
0.51,Ideal,E,VS2,62.4,57.0,1656,5.1,5.13,3.19
0.79,Premium,H,SI1,60.1,60.0,2498,6.04,5.98,3.61
0.9,Very Good,G,IF,60.1,59.0,5754,6.22,6.26,3.75
0.56,Ideal,D,VS2,61.2,56.0,1991,5.31,5.38,3.27
1.12,Very Good,I,VS2,62.9,55.9,5249,6.59,6.62,4.16
0.77,Ideal,E,SI1,61.6,57.0,3189,5.87,5.91,3.63
0.72,Premium,D,VS1,62.7,58.0,2900,5.68,5.65,3.55
0.42,Ideal,H,VS1,62.0,57.0,1087,4.82,4.8,2.98
1.01,Good,E,VS1,63.8,55.0,7665,6.41,6.32,4.06
1.02,Very Good,G,SI1,62.8,57.0,4964,6.35,6.38,4.0
1.18,Premium,J,SI2,61.3,60.0,4274,6.83,6.78,4.17
1.3,Good,D,SI2,57.1,63.0,6443,7.27,7.22,4.14
0.34,Ideal,E,VS1,62.0,56.0,805,4.48,4.52,2.79
0.3,Good,G,VVS2,63.6,57.0,878,4.3,4.26,2.72
0.43,Ideal,E,SI1,61.5,56.0,792,4.85,4.9,3.0
0.31,Premium,G,VS2,61.2,59.0,605,4.4,4.36,2.68
0.55,Ideal,D,VS1,61.7,55.0,1990,5.26,5.25,3.24
1.01,Premium,F,SI2,58.3,58.0,3897,6.56,6.55,3.82
0.44,Ideal,D,VVS1,61.0,57.0,2290,4.91,4.93,3.0
1.52,Very Good,H,VS2,63.3,57.0,10618,7.33,7.32,4.64
1.02,Premium,G,SI2,62.5,58.0,4552,6.43,6.4,4.01
0.7,Ideal,F,VS1,61.0,55.0,2874,5.77,5.73,3.51
0.82,Very Good,I,VS1,63.6,58.9,2583,5.88,5.93,3.76
0.63,Premium,E,VVS1,60.9,60.0,2789,5.55,5.52,3.37
0.46,Very Good,D,VS2,63.2,56.0,1262,4.92,4.89,3.1
0.33,Premium,G,VVS1,61.5,59.0,810,4.42,4.46,2.73
0.51,Premium,G,SI1,62.4,58.0,1220,5.07,5.13,3.18
1.67,Very Good,J,SI1,62.3,59.0,7911,7.59,7.63,4.74
0.84,Very Good,I,VVS2,61.7,56.0,3392,6.03,6.07,3.74
0.34,Ideal,G,SI1,61.2,57.0,507,4.53,4.56,2.78
0.31,Very Good,I,VVS1,62.2,60.0,571,4.3,4.32,2.68
0.6,Ideal,E,VS2,61.2,56.0,2189,5.45,5.44,3.33
0.9,Fair,G,VS2,65.8,61.0,4309,5.99,5.96,3.93
1.01,Very Good,F,VS2,63.2,59.0,6540,6.3,6.36,4.0
1.5,Good,D,SI1,56.6,64.0,7980,7.51,7.43,4.23
0.3,Ideal,F,VS1,62.1,56.0,673,4.29,4.32,2.67
1.01,Premium,G,VS2,62.0,59.0,6108,6.41,6.36,3.96
0.53,Ideal,D,VS2,61.1,56.0,1825,5.28,5.24,3.21
0.77,Premium,E,SI2,59.8,56.0,2723,6.01,5.96,3.58
0.71,Ideal,G,VS1,60.9,56.6,3123,5.75,5.79,3.52
0.71,Very Good,G,VS2,63.3,56.0,2549,5.67,5.74,3.61
1.7,Premium,G,VS2,59.0,58.0,15941,7.85,7.8,4.62
0.9,Premium,J,SI1,60.4,59.0,3141,6.27,6.24,3.78
0.31,Premium,J,SI1,59.4,62.0,453,4.43,4.39,2.62
0.5,Premium,F,VS2,60.7,58.0,1654,5.16,5.12,3.12
0.92,Good,E,SI1,63.3,57.0,3649,6.17,6.22,3.92
1.0,Premium,J,SI1,61.9,62.0,3528,6.36,6.33,3.93
1.02,Premium,H,SI1,61.1,58.0,5084,6.51,6.46,3.96
0.32,Very Good,F,VS2,61.0,61.0,645,4.38,4.41,2.68
0.31,Very Good,E,VVS2,62.4,56.0,749,4.32,4.35,2.7
1.09,Ideal,F,SI1,62.0,56.0,5816,6.56,6.61,4.08
1.7,Very Good,G,VS2,63.1,57.0,15937,7.53,7.62,4.78
0.31,Ideal,D,SI1,62.6,57.0,571,4.3,4.32,2.7
0.3,Good,G,VS2,63.5,55.0,526,4.22,4.25,2.69
1.03,Ideal,G,SI2,62.1,57.0,4470,6.44,6.42,3.99
1.0,Premium,H,SI2,60.2,61.0,3920,6.48,6.44,3.89
1.52,Premium,J,VVS2,58.3,62.0,8202,7.61,7.49,4.4
1.01,Fair,F,SI2,64.8,55.0,3477,6.37,6.26,4.1
1.01,Very Good,D,SI2,61.9,58.0,4727,6.43,6.49,4.0
1.1,Ideal,G,SI1,62.5,57.0,4484,6.61,6.58,4.12
0.98,Ideal,I,SI2,62.6,54.0,3873,6.35,6.39,3.99
0.39,Good,F,SI1,63.6,58.0,718,4.6,4.65,2.94
0.71,Ideal,F,SI2,62.1,54.0,2365,5.72,5.74,3.56
1.0,Premium,G,VS2,62.0,62.0,5645,6.41,6.36,3.96
1.72,Fair,F,SI1,64.8,58.0,13622,7.5,7.46,4.85
1.37,Ideal,I,VS2,61.6,55.0,8000,7.13,7.16,4.4
0.41,Good,D,VS1,60.2,62.0,986,4.8,4.84,2.9
1.0,Very Good,D,SI2,62.8,58.0,4753,6.33,6.37,3.99
0.31,Ideal,G,VVS2,61.5,56.0,687,4.38,4.4,2.7
0.72,Ideal,F,SI2,61.6,57.0,2074,5.75,5.68,3.52
0.5,Good,E,VS2,63.1,61.0,1419,5.0,5.05,3.17
1.51,Premium,I,SI2,62.6,59.0,7162,7.28,7.31,4.57
0.52,Ideal,F,VS1,62.5,57.0,1707,5.17,5.13,3.22
0.51,Good,D,SI2,63.8,56.0,1268,5.09,5.07,3.24
1.21,Premium,H,SI2,62.7,59.0,5324,6.75,6.78,4.24
0.3,Ideal,F,VS2,62.8,55.0,776,4.33,4.27,2.7
2.24,Ideal,I,SI1,60.5,59.0,18299,8.45,8.5,5.13
0.5,Premium,G,VVS2,61.4,57.0,1909,5.16,5.1,3.15
0.7,Ideal,I,VS1,63.0,54.0,2142,5.63,5.7,3.57
1.02,Very Good,F,SI1,63.1,55.0,5058,6.45,6.38,4.05
0.58,Ideal,E,VS2,61.7,57.0,1809,5.42,5.35,3.32
2.01,Premium,H,SI1,59.6,59.0,17458,8.27,8.19,4.9
0.7,Good,E,SI1,61.4,64.0,2872,5.66,5.71,3.49
0.83,Premium,E,SI2,59.2,60.0,2859,6.17,6.12,3.64
0.79,Premium,E,SI2,61.0,58.0,2868,5.96,5.9,3.62
1.13,Ideal,D,VVS2,61.7,57.0,12261,6.68,6.65,4.11
0.51,Premium,E,VS2,62.5,60.0,1590,5.08,5.1,3.18
1.53,Premium,I,SI1,62.9,59.0,8911,7.36,7.32,4.62
0.33,Ideal,E,VS2,62.0,56.0,723,4.46,4.48,2.77
0.27,Very Good,J,VVS2,60.8,57.0,443,4.16,4.2,2.54
0.38,Premium,F,VS1,60.2,58.0,1117,4.73,4.71,2.84
0.91,Very Good,I,SI2,62.8,61.0,2832,6.15,6.18,3.87
0.3,Premium,F,VS2,62.8,58.0,776,4.29,4.24,2.68
0.7,Ideal,F,VS2,60.8,56.0,2942,5.78,5.79,3.52
1.06,Ideal,D,SI2,62.3,55.0,5159,6.5,6.54,4.06
1.35,Ideal,G,VS1,62.2,57.0,10244,7.09,7.05,4.4
0.27,Very Good,E,VS1,61.9,59.0,470,4.16,4.21,2.59
0.31,Ideal,I,SI1,61.3,56.0,436,4.37,4.4,2.69
0.51,Premium,G,VS1,62.1,60.0,1781,5.11,5.1,3.17
0.37,Premium,D,SI1,62.7,58.0,681,4.55,4.58,2.86
0.43,Ideal,E,VS2,61.6,54.0,1053,4.9,4.88,3.01
0.41,Ideal,E,VS1,62.2,55.0,964,4.76,4.79,2.97
1.26,Ideal,J,SI2,62.5,53.0,4656,6.86,6.9,4.3
0.31,Ideal,G,IF,62.6,57.0,924,4.3,4.32,2.7
0.77,Very Good,H,VS1,62.2,57.0,3152,5.81,5.86,3.63
1.01,Ideal,F,VS1,61.8,57.0,8860,6.41,6.46,3.98
0.33,Premium,D,VS2,61.2,58.0,781,4.41,4.44,2.71
1.16,Premium,I,SI1,60.0,58.0,4872,6.82,6.78,4.08
0.6,Very Good,H,VS2,60.8,60.0,1557,5.39,5.44,3.29
0.41,Ideal,D,VS1,61.0,57.0,1151,4.78,4.82,2.93
0.71,Premium,G,SI2,60.8,60.0,2039,5.74,5.78,3.5
0.7,Ideal,D,VVS2,61.7,55.0,5539,5.73,5.75,3.54
0.72,Very Good,G,VVS2,60.4,58.0,3043,5.77,5.82,3.5
0.9,Ideal,H,VS1,61.2,57.0,4064,6.28,6.24,3.83
0.62,Ideal,J,VS1,62.3,54.0,1297,5.46,5.49,3.41
0.31,Ideal,E,VVS2,61.6,56.0,837,4.35,4.39,2.69
0.7,Premium,I,I1,62.3,58.0,1107,5.69,5.55,3.51
0.55,Very Good,J,VS2,62.6,57.0,1062,5.17,5.21,3.25
1.0,Good,H,VVS1,63.5,60.0,6183,6.3,6.36,4.02
0.72,Ideal,G,SI1,60.7,56.0,2776,5.79,5.82,3.53
0.39,Ideal,F,VVS2,61.7,56.0,988,4.7,4.73,2.91
0.31,Very Good,D,SI1,63.5,58.0,732,4.3,4.27,2.72
0.31,Ideal,F,IF,62.2,56.0,979,4.31,4.34,2.69
0.7,Very Good,H,VS2,62.9,58.0,2276,5.6,5.65,3.54
0.81,Ideal,D,SI1,61.5,57.0,2748,6.0,6.03,3.7
0.33,Premium,G,VS1,61.9,58.0,854,4.46,4.43,2.75
1.7,Ideal,H,VS2,62.2,57.0,13756,7.67,7.63,4.76
0.54,Very Good,G,VVS2,61.8,57.0,1751,5.22,5.26,3.24
0.36,Ideal,D,SI1,62.5,56.0,851,4.57,4.55,2.85
1.54,Very Good,H,SI2,62.3,56.0,8301,7.33,7.38,4.58
0.24,Ideal,H,IF,62.1,57.0,504,4.0,4.04,2.5
0.39,Ideal,E,VS2,61.3,56.0,911,4.71,4.75,2.9
0.4,Ideal,I,VVS1,62.3,56.0,854,4.67,4.7,2.92
0.32,Very Good,J,SI1,62.3,57.0,389,4.33,4.44,2.73
0.27,Very Good,G,VS1,61.9,56.0,439,4.13,4.16,2.56
1.03,Very Good,I,SI2,63.5,58.0,5884,6.38,6.4,4.06
0.3,Very Good,D,SI1,63.3,59.0,709,4.25,4.22,2.68
0.9,Very Good,I,SI2,63.5,56.0,2826,6.17,6.07,3.88
0.32,Good,H,SI2,63.1,56.0,403,4.34,4.37,2.75
0.4,Good,D,SI2,63.4,59.0,622,4.67,4.7,2.97
0.51,Very Good,E,SI2,59.3,63.0,1427,5.18,5.25,3.09
0.35,Premium,H,VS1,61.7,59.0,614,4.51,4.53,2.79
1.11,Premium,F,VS1,59.4,58.0,7832,6.81,6.75,4.03
1.0,Very Good,H,SI2,62.0,57.0,4379,6.4,6.34,3.95
0.54,Premium,F,VS1,60.0,59.0,1770,5.3,5.23,3.16
0.91,Very Good,D,SI1,62.0,59.0,5342,6.19,6.16,3.83
0.5,Very Good,F,SI2,62.2,54.0,997,5.08,5.14,3.18
0.38,Ideal,H,VS2,62.2,54.0,703,4.64,4.68,2.9
1.74,Very Good,I,SI1,58.7,60.0,10823,7.84,7.9,4.62
0.34,Ideal,G,IF,61.9,54.0,974,4.5,4.52,2.79
0.4,Premium,F,VS1,62.6,58.0,1050,4.72,4.68,2.94
2.0,Good,I,VS1,58.8,65.0,15708,8.03,8.1,4.74
0.51,Premium,G,VVS1,60.2,58.0,1925,5.2,5.24,3.14
1.5,Very Good,I,VVS2,64.0,54.0,9618,7.19,7.27,4.63
0.81,Very Good,G,SI1,60.7,56.0,2733,6.06,6.09,3.69
0.33,Ideal,H,VS2,61.8,54.0,539,4.45,4.48,2.76
0.72,Ideal,F,VVS1,60.8,56.0,5051,5.83,5.81,3.54
0.9,Fair,H,SI2,65.6,58.0,3105,6.05,5.95,3.95
0.51,Ideal,H,VVS2,61.6,55.0,1877,5.11,5.14,3.16
0.7,Very Good,D,SI1,60.3,60.0,2656,5.74,5.77,3.47
0.32,Good,D,SI1,63.8,56.0,589,4.33,4.35,2.77
2.05,Ideal,J,SI1,60.3,60.0,14037,8.17,8.24,4.95
0.35,Premium,E,SI1,61.2,58.0,614,4.53,4.59,2.79
0.3,Ideal,E,SI1,62.3,56.0,499,4.29,4.32,2.68
0.9,Good,H,SI2,60.4,61.0,3114,6.14,6.22,3.73
1.41,Very Good,H,SI2,58.5,57.0,7339,7.36,7.44,4.33
1.03,Fair,E,SI2,65.3,59.0,3876,6.3,6.25,4.1
1.0,Premium,J,SI1,62.8,59.0,3780,6.37,6.27,3.97
0.32,Ideal,G,IF,61.6,55.0,918,4.42,4.45,2.73
0.79,Ideal,H,VVS2,62.0,55.9,3324,5.88,5.95,3.67
1.2,Ideal,J,SI1,62.5,55.0,4536,6.84,6.79,4.26
0.96,Premium,D,SI2,59.1,58.0,4388,6.53,6.44,3.83
0.51,Ideal,E,VVS1,61.9,54.0,2720,5.11,5.17,3.18
0.28,Very Good,D,VS1,61.7,58.0,487,4.19,4.24,2.6
0.34,Very Good,F,SI2,60.6,58.0,478,4.55,4.57,2.76
0.24,Very Good,D,VVS1,61.9,54.0,492,3.99,4.02,2.48
2.0,Very Good,G,SI1,63.5,56.0,18818,7.9,7.97,5.04
1.02,Premium,H,VS2,61.0,58.0,5666,6.56,6.49,3.98
1.02,Premium,G,SI1,61.4,55.0,4273,6.51,6.48,3.99
1.04,Premium,G,VS2,60.0,58.0,6122,6.62,6.54,3.95
1.14,Ideal,H,VS2,61.7,57.0,5937,6.73,6.68,4.14
0.32,Ideal,F,VS2,62.4,54.0,645,4.38,4.4,2.74
0.32,Good,D,IF,57.8,56.0,1252,4.55,4.65,2.66
0.32,Ideal,F,IF,62.2,55.0,1010,4.38,4.4,2.73
0.32,Premium,H,VS1,61.7,58.0,720,4.44,4.38,2.72
0.84,Ideal,G,SI2,62.0,56.0,2986,6.02,6.05,3.74
1.01,Very Good,G,VVS2,63.2,59.0,7267,6.35,6.27,3.99
0.29,Very Good,E,VS1,59.2,58.0,619,4.36,4.39,2.59
1.51,Very Good,H,VS2,60.9,54.0,11077,7.38,7.41,4.5
1.59,Premium,J,SI1,62.5,60.0,7836,7.46,7.42,4.65
1.05,Ideal,D,SI2,62.1,56.0,5156,6.48,6.54,4.04
1.01,Premium,G,VS2,61.8,59.0,5946,6.45,6.4,3.97
0.7,Very Good,F,SI2,63.4,58.0,1883,5.62,5.58,3.55
0.5,Very Good,G,VS1,62.7,59.0,1637,5.04,5.07,3.17
0.26,Ideal,G,IF,62.5,57.0,605,4.06,4.1,2.55
0.34,Ideal,E,VS2,62.2,55.0,956,4.49,4.48,2.79
1.52,Ideal,F,SI2,61.9,57.0,10129,7.37,7.33,4.55
1.0,Very Good,D,SI1,63.1,56.0,5645,6.34,6.3,3.99
0.9,Ideal,I,VVS2,61.9,55.0,4011,6.21,6.23,3.85
2.02,Very Good,F,SI1,62.7,59.0,17530,7.97,8.03,5.02
1.07,Ideal,E,VVS2,61.8,54.0,10453,6.56,6.61,4.07
0.7,Very Good,F,SI1,62.4,56.0,2196,5.64,5.7,3.54
0.91,Very Good,G,SI1,63.6,57.0,3961,6.09,6.12,3.88
0.43,Premium,E,VVS1,59.5,58.0,1433,4.92,4.96,2.94
0.5,Very Good,E,SI2,60.6,59.0,1104,5.07,5.12,3.09
0.47,Ideal,G,SI2,62.4,55.0,784,4.96,5.01,3.11
0.51,Very Good,E,SI1,61.4,58.0,1284,5.09,5.14,3.14
0.75,Very Good,I,VS1,63.3,57.0,2385,5.82,5.74,3.66
0.4,Ideal,J,VS2,62.9,57.0,765,4.75,4.7,2.97
1.72,Premium,H,VS2,61.3,59.0,13486,7.69,7.72,4.72
1.02,Good,J,SI2,63.4,56.0,3534,6.36,6.42,4.05
0.32,Ideal,H,VS2,62.0,55.0,648,4.42,4.39,2.73
0.5,Good,F,VS2,64.0,57.0,1323,5.08,5.04,3.23
0.7,Very Good,I,VVS2,60.1,63.0,2415,5.81,5.74,3.47
1.01,Very Good,G,SI1,60.2,58.0,4719,6.5,6.59,3.94
1.58,Ideal,H,VS1,60.4,57.0,13950,7.55,7.65,4.59
0.52,Ideal,H,VS1,62.0,56.0,1598,5.14,5.2,3.21
0.53,Very Good,D,VVS2,60.5,57.0,2542,5.23,5.31,3.19
2.01,Premium,H,VS2,60.1,61.0,17068,8.14,8.06,4.87
0.55,Ideal,G,SI1,61.9,57.0,1605,5.23,5.27,3.25
0.33,Premium,E,VVS1,60.1,58.0,984,4.47,4.51,2.7
0.71,Premium,E,SI2,59.0,60.0,2410,5.9,5.87,3.47
0.7,Premium,G,VS1,63.0,60.0,2838,5.64,5.57,3.53
0.74,Good,E,SI1,62.1,64.0,2366,5.76,5.71,3.56
0.31,Ideal,G,IF,61.4,55.0,891,4.35,4.38,2.68
0.38,Very Good,F,VS2,61.9,54.8,906,4.63,4.69,2.89
0.33,Ideal,F,IF,61.8,56.0,978,4.42,4.46,2.74
1.09,Premium,J,SI1,62.3,59.0,4046,6.55,6.59,4.09
1.34,Ideal,D,I1,61.7,55.0,6303,7.12,7.08,4.38
0.31,Premium,E,VS2,60.5,60.0,872,4.36,4.34,2.63
0.35,Good,G,SI1,63.8,54.0,522,4.46,4.48,2.85
1.01,Good,F,VVS2,62.7,61.0,7915,6.3,6.34,3.96
1.06,Premium,D,VS2,62.3,59.0,7679,6.52,6.48,4.05
0.35,Premium,F,VS2,60.4,59.0,879,4.57,4.54,2.75
0.37,Premium,G,VS2,59.3,60.0,833,4.71,4.67,2.78
0.41,Ideal,G,VS1,61.9,57.0,961,4.81,4.76,2.96
0.32,Ideal,G,VS1,61.4,56.0,628,4.42,4.47,2.73
0.62,Ideal,H,VS2,61.2,54.0,1616,5.51,5.6,3.4
0.54,Ideal,I,SI1,61.4,56.0,1114,5.25,5.27,3.23
1.0,Very Good,H,SI2,61.6,58.0,4172,6.43,6.47,3.97
1.45,Very Good,J,SI1,62.4,57.0,6316,7.16,7.23,4.49
0.41,Good,G,SI2,63.6,54.0,611,4.7,4.74,3.0
0.42,Premium,E,VS2,62.8,59.0,1024,4.8,4.76,3.0
0.31,Ideal,E,VVS2,60.8,56.0,767,4.39,4.42,2.68
0.35,Ideal,F,VVS2,62.1,56.0,745,4.52,4.56,2.82
0.51,Ideal,H,VVS1,61.8,55.0,1776,5.15,5.18,3.19
1.01,Good,F,VS1,63.3,60.0,6999,6.32,6.35,4.01
1.01,Ideal,H,VS2,62.1,54.0,4909,6.5,6.44,4.02
1.53,Very Good,E,SI2,63.1,59.0,8654,7.38,7.21,4.61
0.4,Ideal,F,VVS1,62.5,57.0,1323,4.75,4.72,2.96
0.55,Ideal,D,VS2,61.8,54.0,2030,5.29,5.26,3.26
1.01,Good,D,VS1,62.2,62.0,7303,6.29,6.41,3.95
0.3,Ideal,G,SI1,62.0,57.0,432,4.27,4.31,2.66
0.3,Ideal,E,VVS1,60.6,57.0,895,4.33,4.35,2.63
2.03,Ideal,I,SI1,61.8,57.0,15272,8.07,8.14,5.01
1.73,Premium,H,SI2,60.5,60.0,6968,7.79,7.71,4.69
0.56,Ideal,G,VS2,61.0,57.0,1580,5.32,5.34,3.25
1.01,Good,I,VS1,64.2,60.0,3484,6.35,6.27,4.05
0.43,Ideal,F,VVS1,61.0,56.0,1422,4.9,4.87,2.98
0.75,Premium,J,SI2,62.9,56.0,1588,5.76,5.72,3.61
0.71,Ideal,D,SI1,62.0,55.0,3252,5.71,5.76,3.56
0.33,Premium,E,SI1,59.6,60.0,545,4.51,4.48,2.68
0.4,Good,E,SI1,63.8,56.0,882,4.74,4.7,3.01
0.8,Ideal,H,VS1,62.2,56.0,3581,5.92,5.95,3.69
1.25,Ideal,I,SI2,62.0,57.0,5259,6.85,6.92,4.27
0.9,Fair,G,SI2,64.5,56.0,2858,6.06,6.0,3.89
1.33,Premium,I,SI2,62.4,58.0,5832,7.04,7.02,4.39
0.4,Very Good,J,IF,62.7,60.0,828,4.64,4.7,2.93
0.31,Ideal,D,VVS2,61.0,55.0,1074,4.38,4.41,2.68
0.7,Good,H,SI1,63.7,57.0,2394,5.58,5.57,3.55
0.4,Good,E,SI1,63.7,57.0,882,4.69,4.66,2.98
0.32,Very Good,I,VS1,63.2,54.0,648,4.42,4.38,2.78
0.56,Premium,G,VS2,62.5,57.0,1698,5.28,5.25,3.29
1.21,Ideal,G,VS2,61.1,57.0,7996,6.95,6.85,4.22
1.2,Very Good,J,SI2,61.4,55.0,4636,6.85,6.92,4.23
1.5,Premium,G,SI1,61.2,58.0,9645,7.34,7.44,4.52
1.26,Premium,H,SI2,60.9,57.0,5434,7.03,6.96,4.26
0.41,Ideal,E,VS2,61.6,55.0,935,4.75,4.79,2.94
0.36,Ideal,D,VVS2,62.0,54.0,1033,4.57,4.63,2.85
0.53,Ideal,G,VS2,60.4,57.0,1607,5.27,5.23,3.17
2.0,Premium,D,SI2,61.9,59.0,13098,8.02,8.0,4.98
0.42,Ideal,I,SI1,61.6,55.0,690,4.83,4.85,2.98
2.05,Very Good,F,SI2,61.9,56.0,15017,8.13,8.18,5.05
0.6,Ideal,D,SI1,61.4,55.0,1698,5.43,5.45,3.34
1.04,Premium,J,SI2,62.0,59.0,3669,6.49,6.47,4.02
1.02,Premium,E,VS2,60.0,59.0,7311,6.56,6.54,3.93
1.5,Good,I,SI1,64.0,60.0,8736,7.25,7.13,4.6
0.25,Ideal,H,VVS1,62.5,56.0,450,4.03,4.06,2.53
0.72,Premium,J,VS2,61.7,58.0,1941,5.67,5.77,3.53
0.5,Very Good,F,VVS2,61.0,61.0,2013,5.09,5.11,3.11
1.01,Good,F,SI2,64.9,60.0,4140,6.2,6.25,4.04
0.42,Ideal,F,VVS1,62.0,55.0,1326,4.81,4.84,2.99
1.3,Ideal,H,VVS1,62.8,55.2,9232,6.94,6.97,4.36
0.36,Premium,E,VS2,61.3,60.0,789,4.54,4.59,2.8
1.12,Very Good,G,SI1,62.5,58.0,5088,6.6,6.64,4.14
0.33,Ideal,E,VVS1,62.2,55.0,986,4.42,4.46,2.76
1.01,Premium,H,VS2,61.3,58.0,5028,6.46,6.49,3.97
0.31,Ideal,G,IF,62.6,53.0,891,4.36,4.39,2.74
0.7,Very Good,D,VS2,63.3,56.0,2826,5.6,5.58,3.54
0.32,Premium,D,SI1,62.3,55.0,756,4.42,4.38,2.74
0.31,Ideal,D,VS2,60.4,56.0,734,4.39,4.42,2.66
1.04,Very Good,H,SI1,62.0,58.0,5285,6.42,6.48,4.0
0.5,Ideal,F,SI1,59.9,56.0,1378,5.36,5.09,3.13
0.91,Premium,F,SI2,60.5,59.0,2461,6.21,6.19,3.75
1.28,Ideal,G,IF,61.7,56.0,13360,6.95,6.99,4.3
1.51,Good,I,VS2,62.2,59.0,8951,7.19,7.3,4.51
0.32,Ideal,F,VVS1,62.6,56.0,913,4.37,4.41,2.75
1.03,Ideal,I,VS1,61.3,53.0,5181,6.54,6.57,4.01
0.5,Ideal,E,VS2,62.8,57.0,1746,5.12,5.04,3.19
0.41,Ideal,G,SI1,62.6,54.0,923,4.78,4.74,2.98
0.41,Ideal,E,VVS2,60.9,56.0,1243,4.81,4.75,2.91
0.32,Ideal,G,VVS1,62.4,55.0,1080,4.38,4.37,2.73
0.91,Very Good,H,SI1,62.7,56.0,3762,6.14,6.18,3.86
0.41,Premium,F,VVS2,61.0,59.0,1192,4.83,4.77,2.93
0.29,Ideal,E,VS1,61.2,56.0,619,4.27,4.29,2.61
0.45,Very Good,H,VVS1,62.3,57.0,1274,4.9,4.93,3.06
1.0,Premium,G,VS2,61.6,54.0,6216,6.49,6.46,3.99
1.03,Ideal,D,SI1,62.2,56.0,6299,6.48,6.45,4.02
1.0,Very Good,I,SI1,59.3,63.0,3360,6.52,6.47,3.85
1.55,Premium,E,SI2,58.5,57.0,7161,7.66,7.57,4.46
0.33,Very Good,E,SI1,60.6,60.0,579,4.41,4.44,2.68
1.01,Good,G,VS2,63.1,59.0,5999,6.37,6.4,4.03
0.41,Premium,F,SI2,59.0,58.0,775,4.89,4.87,2.88
0.62,Ideal,H,VVS2,62.0,56.0,2052,5.46,5.48,3.39
0.32,Ideal,F,SI2,61.7,56.0,720,4.44,4.41,2.73
0.4,Ideal,I,VVS2,62.4,55.0,807,4.7,4.73,2.94
0.31,Ideal,H,VVS1,61.6,55.0,907,4.38,4.35,2.69
1.0,Very Good,E,SI2,62.4,57.0,4620,6.33,6.4,3.97
0.34,Very Good,F,VS1,61.1,57.0,739,4.51,4.54,2.76
0.56,Very Good,J,SI1,60.3,59.0,957,5.3,5.34,3.21
1.3,Premium,H,VS2,62.4,58.0,7536,6.92,6.95,4.33
0.73,Ideal,E,VS2,62.2,59.0,3198,5.74,5.77,3.58
2.0,Good,I,VS2,63.6,60.0,16291,7.95,8.03,5.08
0.32,Ideal,E,VS2,61.3,55.0,846,4.43,4.47,2.73
1.0,Ideal,E,SI1,61.6,55.0,5880,6.45,6.43,3.97
0.31,Ideal,G,VS2,61.4,56.0,544,4.34,4.36,2.67
1.2,Very Good,H,VS2,63.3,57.0,6000,6.78,6.68,4.26
0.74,Fair,F,VS2,61.1,68.0,2805,5.82,5.75,3.53
0.38,Ideal,H,VS1,60.6,57.0,871,4.7,4.73,2.85
1.2,Premium,H,SI1,59.3,60.0,5822,7.0,6.92,4.13
1.01,Ideal,I,I1,61.5,57.0,2896,6.46,6.45,3.97
1.05,Premium,J,SI2,60.9,60.0,3457,6.59,6.51,3.99
0.32,Ideal,G,IF,61.1,57.0,918,4.41,4.43,2.7
0.41,Ideal,D,VVS2,62.5,57.0,1181,4.75,4.72,2.96
0.42,Ideal,E,SI1,62.6,57.0,773,4.81,4.84,3.02
0.3,Ideal,G,VS2,61.3,56.0,675,4.3,4.28,2.63
0.64,Fair,F,VS2,57.0,62.5,2063,5.67,5.78,3.26
0.71,Ideal,F,SI1,61.2,55.0,3421,5.76,5.8,3.54
1.01,Good,F,SI1,62.4,59.0,4619,6.3,6.42,3.97
0.31,Ideal,F,VS2,61.6,55.0,757,4.38,4.39,2.7
0.9,Good,E,SI2,64.1,58.0,3595,6.04,6.09,3.89
1.03,Very Good,G,VS2,62.9,56.0,6164,6.43,6.45,4.05
1.25,Premium,F,VS2,60.8,58.0,9702,6.98,6.93,4.23
1.57,Premium,F,SI1,58.3,58.0,13288,7.72,7.68,4.49
1.6,Very Good,J,SI1,62.7,58.0,7550,7.37,7.41,4.63
1.6,Ideal,H,SI2,62.1,56.0,9275,7.43,7.51,4.64
0.51,Ideal,F,VS2,61.6,57.0,1661,5.14,5.15,3.17
0.44,Good,E,SI1,63.2,53.0,756,4.84,4.87,3.07
0.31,Ideal,D,VS2,61.8,56.0,942,4.36,4.32,2.68
0.7,Ideal,I,VVS1,62.3,55.0,2513,5.64,5.7,3.53
2.0,Premium,G,SI2,60.8,55.0,13007,8.09,7.95,4.88
0.35,Ideal,D,VS2,60.7,56.0,1063,4.6,4.56,2.78
0.34,Ideal,G,VS2,62.0,55.0,765,4.48,4.46,2.77
0.34,Ideal,G,VS2,61.9,55.0,765,4.53,4.49,2.79
0.74,Premium,D,VS2,59.3,60.0,3353,5.89,5.91,3.5
1.01,Ideal,G,SI2,61.6,54.0,4560,6.4,6.45,3.96
1.5,Very Good,J,VVS1,62.3,62.0,8415,7.16,7.23,4.48
1.2,Very Good,F,SI2,62.8,55.0,6085,6.74,6.8,4.25
0.9,Good,H,SI1,63.1,63.0,3484,6.04,6.1,3.83
1.2,Premium,G,SI1,62.2,58.0,5154,6.8,6.7,4.2
0.52,Very Good,G,VVS1,60.9,56.0,1913,5.18,5.24,3.17
0.31,Ideal,G,VS2,60.8,56.0,562,4.38,4.4,2.67
0.32,Ideal,F,VVS1,61.5,56.0,867,4.41,4.43,2.72
1.01,Premium,H,SI2,61.9,59.0,3790,6.42,6.37,3.96
0.31,Ideal,G,SI1,62.1,54.0,493,4.34,4.36,2.7
0.7,Ideal,F,VS1,62.5,56.0,2726,5.7,5.73,3.57
1.07,Premium,G,VS2,60.9,58.0,6471,6.6,6.56,4.01
1.16,Ideal,F,VVS2,60.5,58.0,10850,6.77,6.85,4.12
0.7,Premium,G,VS1,62.8,57.0,2535,5.67,5.64,3.55
1.01,Good,G,VS1,59.2,63.0,6407,6.5,6.48,3.84
0.32,Ideal,G,VVS1,61.2,56.0,814,4.42,4.44,2.71
1.04,Ideal,D,VVS2,60.9,57.0,11511,6.54,6.6,4.0
0.27,Ideal,F,VVS2,62.7,55.0,760,4.1,4.12,2.58
0.76,Very Good,H,SI1,61.4,57.0,2557,5.89,5.94,3.63
1.01,Ideal,F,SI1,60.9,55.0,5345,6.5,6.48,3.95
0.4,Premium,D,VVS2,60.4,59.0,1323,4.77,4.76,2.88
0.93,Good,D,SI2,64.5,58.0,3839,6.11,6.14,3.95
0.35,Ideal,E,VVS1,60.7,55.0,1030,4.56,4.6,2.78
1.01,Very Good,G,VS2,60.7,61.0,5759,6.42,6.46,3.91
0.8,Premium,F,SI2,61.4,58.0,2447,5.95,5.93,3.65
0.35,Very Good,G,VS1,62.9,58.0,706,4.48,4.49,2.82
0.26,Ideal,I,VS1,62.5,53.0,417,4.08,4.11,2.56
0.27,Good,E,VS1,57.5,63.0,377,4.24,4.28,2.45
0.41,Very Good,F,SI1,63.5,56.0,904,4.75,4.7,3.0
0.3,Ideal,G,VS1,61.4,55.0,776,4.36,4.31,2.66
0.38,Ideal,H,VVS1,61.1,56.0,949,4.68,4.71,2.87
0.35,Ideal,D,VS2,62.5,56.0,790,4.51,4.55,2.83
0.59,Very Good,I,VS2,60.3,59.0,1445,5.41,5.43,3.27
0.52,Good,H,SI1,57.6,61.0,1056,5.34,5.32,3.07
0.36,Ideal,H,VS2,62.1,55.0,729,4.58,4.57,2.84
1.28,Ideal,G,VS1,61.7,55.0,9342,6.97,7.02,4.32
0.77,Ideal,J,VS2,62.5,57.0,2257,5.8,5.91,3.66
1.25,Premium,E,VS1,61.5,59.0,11088,6.95,6.91,4.26
0.81,Good,I,VS2,63.8,58.0,2641,5.89,5.84,3.74
0.78,Very Good,I,SI2,62.5,58.0,2132,5.82,5.89,3.66
1.76,Ideal,G,VS2,60.3,57.0,17442,7.9,7.83,4.74
0.53,Ideal,F,VS1,62.1,57.0,1908,5.21,5.16,3.22
1.1,Premium,H,SI2,58.9,57.0,4497,6.86,6.82,4.03
0.23,Very Good,D,VVS2,61.0,59.0,530,3.95,3.98,2.42
0.32,Very Good,D,SI1,58.9,60.0,589,4.47,4.49,2.64
0.38,Ideal,G,SI1,61.6,54.0,710,4.68,4.71,2.89
0.79,Ideal,E,VS2,62.2,55.0,3827,5.9,5.97,3.69
2.14,Ideal,G,SI2,62.9,56.0,14359,8.18,8.14,5.13
0.7,Ideal,G,SI1,62.2,56.0,2352,5.72,5.69,3.55
0.61,Very Good,G,VS2,62.0,57.0,1861,5.44,5.47,3.38
0.31,Ideal,D,SI1,62.2,54.0,565,4.36,4.39,2.72
0.3,Ideal,E,VVS1,62.8,54.0,838,4.27,4.3,2.69
0.28,Ideal,D,VS2,61.2,57.0,487,4.2,4.23,2.58
1.01,Ideal,E,SI2,62.4,56.0,4808,6.43,6.39,4.0
0.3,Ideal,G,VS2,63.0,55.0,675,4.31,4.29,2.71
0.5,Very Good,G,VVS2,61.6,58.0,1784,5.07,5.09,3.13
1.25,Ideal,H,SI1,62.4,55.0,7573,6.9,6.86,4.3
0.3,Premium,H,VVS1,63.0,58.0,878,4.25,4.22,2.67
0.72,Premium,G,SI1,60.6,62.0,2246,5.81,5.77,3.51
1.11,Ideal,I,SI2,61.9,57.0,4377,6.62,6.66,4.11
0.91,Premium,H,SI1,60.2,52.0,2935,6.27,6.15,3.74
0.32,Ideal,E,VS1,61.8,55.0,972,4.43,4.4,2.73
0.58,Good,E,VS2,63.1,56.0,1758,5.26,5.33,3.34
0.41,Premium,E,SI1,61.3,58.0,755,4.76,4.8,2.93
1.2,Ideal,I,SI1,61.5,60.0,5655,6.85,6.8,4.2
0.72,Very Good,G,SI1,62.5,60.0,2488,5.69,5.73,3.57
0.31,Very Good,E,SI1,63.4,55.0,698,4.33,4.31,2.74
1.22,Ideal,I,SI1,60.2,58.0,5807,6.96,6.9,4.17
1.3,Premium,H,VS2,62.7,58.0,5824,7.01,6.97,4.38
0.32,Ideal,G,VS1,62.1,55.0,645,4.4,4.42,2.74
0.4,Ideal,G,VVS2,62.4,57.0,917,4.7,4.73,2.94
0.5,Premium,G,VS1,59.7,60.0,1624,5.11,5.14,3.06
0.53,Ideal,G,VVS2,61.7,56.0,2051,5.23,5.2,3.22
0.59,Very Good,I,SI1,62.8,59.0,1109,5.34,5.36,3.36
2.0,Premium,I,SI2,62.3,57.0,10528,8.12,8.05,5.03
0.5,Fair,G,VS2,65.7,57.0,1031,4.97,4.9,3.24
1.7,Premium,I,VS2,62.4,58.0,10910,7.61,7.56,4.73
1.27,Premium,H,SI1,60.2,58.0,6892,7.04,6.99,4.22
0.32,Ideal,F,VVS1,61.4,56.0,926,4.38,4.42,2.7
0.26,Very Good,H,VVS2,62.5,56.0,486,4.07,4.09,2.55
1.01,Very Good,D,IF,63.4,59.0,15219,6.39,6.26,4.01
0.9,Premium,H,VS1,62.9,58.0,4234,6.12,6.06,3.83
0.35,Ideal,I,VS2,61.1,57.0,509,4.55,4.58,2.79
1.7,Premium,I,SI2,61.7,56.0,7140,7.66,7.57,4.7
0.71,Good,G,SI1,64.1,58.0,2240,5.6,5.63,3.6
0.31,Ideal,H,VS2,62.4,55.0,628,4.36,4.33,2.71
0.42,Very Good,G,VVS2,60.4,59.0,1031,4.78,4.82,2.9
0.35,Ideal,D,VS1,60.8,57.0,952,4.61,4.57,2.79
0.51,Very Good,G,VS1,63.4,57.0,1709,5.08,5.04,3.21
0.56,Good,H,SI1,63.2,57.0,1197,5.23,5.27,3.32
0.31,Ideal,D,VS2,61.7,55.0,734,4.35,4.4,2.7
0.42,Ideal,G,VS2,61.7,57.0,847,4.8,4.83,2.97
2.06,Premium,G,SI2,60.7,58.0,13908,8.18,8.25,4.99
0.5,Ideal,E,VVS2,62.2,57.0,2346,5.08,5.05,3.15
0.33,Ideal,E,VVS2,61.2,57.0,1114,4.47,4.45,2.73
1.18,Premium,J,SI1,62.5,55.0,4460,6.82,6.74,4.24
2.58,Very Good,D,SI2,58.9,63.0,14749,9.08,9.01,5.33
0.33,Premium,G,VVS2,61.7,59.0,965,4.42,4.39,2.72
1.16,Ideal,G,VVS1,60.5,57.0,9075,6.78,6.83,4.12
0.32,Ideal,G,VS2,61.6,57.0,561,4.39,4.41,2.71
0.43,Ideal,D,VS1,62.1,56.0,1264,4.87,4.85,3.02
0.71,Very Good,D,VS1,63.2,57.0,3406,5.63,5.67,3.57
0.32,Premium,D,SI1,63.0,58.0,756,4.4,4.36,2.76
1.21,Premium,H,VS2,58.8,59.0,6708,7.01,6.98,4.11
0.37,Ideal,D,VS1,61.8,56.0,872,4.61,4.64,2.86
0.41,Ideal,G,IF,61.0,57.0,1367,4.79,4.81,2.93
1.7,Good,G,VS1,63.5,56.0,14445,7.53,7.64,4.82
0.52,Very Good,E,VS2,62.5,56.0,1689,5.15,5.18,3.23
2.1,Fair,G,I1,67.4,59.0,6597,7.82,7.76,5.24
1.25,Ideal,E,I1,60.9,56.0,3276,6.95,6.91,4.22
0.71,Ideal,E,SI1,62.9,57.0,2651,5.67,5.72,3.58
0.9,Premium,H,SI1,62.0,62.0,3679,6.13,6.03,3.77
0.91,Ideal,H,SI1,62.1,57.0,4919,6.18,6.21,3.85
1.0,Very Good,F,SI1,63.8,56.0,5030,6.25,6.29,4.0
1.52,Very Good,H,VVS2,63.0,60.0,11904,7.25,7.3,4.58
1.41,Ideal,H,VS1,60.7,56.0,9752,7.31,7.22,1.41
0.92,Premium,F,SI2,62.1,60.0,3083,6.21,6.26,3.87
2.02,Ideal,J,SI1,62.7,54.2,12884,8.03,8.08,5.05
1.0,Very Good,E,SI2,61.4,61.0,4620,6.36,6.41,3.92
0.7,Very Good,E,SI2,59.8,58.0,2335,5.74,5.76,3.44
1.21,Premium,J,VVS2,60.8,60.0,5572,6.86,6.88,4.18
0.31,Premium,G,VVS1,60.5,60.0,816,4.33,4.4,2.64
1.5,Good,I,I1,62.6,63.0,4620,7.19,7.25,4.52
1.34,Premium,G,VS2,61.0,60.0,7780,7.13,7.07,4.33
0.32,Ideal,G,IF,61.2,57.0,954,4.4,4.43,2.7
0.36,Premium,D,VS2,60.5,58.0,852,4.6,4.63,2.79
2.14,Ideal,I,SI2,60.7,57.0,14267,8.4,8.34,5.08
1.51,Ideal,H,SI2,62.3,58.0,7990,7.27,7.33,4.55
0.71,Good,I,VS1,64.2,57.0,2007,5.62,5.57,3.59
2.0,Very Good,H,SI1,63.2,54.0,13320,7.97,7.88,5.01
1.01,Very Good,D,SI1,61.6,60.0,5443,6.43,6.47,3.97
2.38,Premium,J,VS2,62.1,58.0,18559,8.54,8.49,5.29
0.77,Premium,E,SI1,60.9,58.0,2896,5.94,5.88,3.6
0.81,Ideal,I,SI1,61.3,56.0,3043,6.27,6.23,3.83
0.3,Ideal,E,VS2,62.1,56.0,844,4.31,4.25,2.66
1.15,Very Good,H,VS2,62.4,56.0,5646,6.66,6.68,4.16
0.3,Good,H,SI2,63.9,56.0,368,4.24,4.27,2.72
0.7,Premium,I,VS1,62.9,61.0,2234,5.64,5.62,3.54
0.35,Ideal,G,IF,61.3,56.0,910,4.51,4.53,2.77
1.03,Fair,I,SI2,65.2,56.0,3530,6.42,6.35,4.16
0.7,Premium,E,SI2,62.1,57.0,2376,5.68,5.6,3.5
0.33,Ideal,G,VS2,62.6,57.0,743,4.47,4.45,2.79
1.54,Premium,F,VS2,62.4,59.0,14578,7.43,7.38,4.62
0.5,Good,E,SI2,63.1,58.0,1077,5.05,5.09,3.2
1.01,Fair,H,VS2,65.2,56.0,3733,6.23,6.19,4.05
0.7,Premium,G,VVS2,60.6,60.0,2999,5.77,5.69,3.47
0.32,Ideal,G,IF,61.8,55.0,954,4.41,4.43,2.73
0.3,Ideal,G,IF,61.9,55.0,863,4.33,4.36,2.69
0.64,Good,G,VS2,64.1,55.3,1906,5.43,5.45,3.49
0.71,Very Good,F,VVS1,63.3,58.0,3104,5.67,5.64,3.58
0.42,Premium,E,SI1,62.0,58.0,722,4.82,4.85,3.0
0.57,Premium,E,VS2,61.0,58.0,1851,5.31,5.34,3.25
0.54,Good,E,SI2,63.4,56.0,1163,5.14,5.18,3.27
0.3,Very Good,D,SI1,63.1,55.0,709,4.31,4.28,2.71
1.0,Good,J,VVS2,63.7,57.0,3265,6.34,6.31,4.03
1.55,Ideal,E,SI1,61.5,56.0,13291,7.4,7.36,4.54
0.6,Premium,F,SI2,58.9,59.0,1378,5.55,5.52,3.26
0.78,Premium,F,SI1,60.8,60.0,2826,5.97,5.94,3.62
0.82,Premium,E,SI1,61.2,61.0,3211,5.98,5.95,3.65
0.31,Ideal,D,VS1,62.1,57.0,683,4.32,4.35,2.69
0.62,Very Good,E,SI2,63.4,56.0,1426,5.4,5.45,3.44
1.07,Premium,E,VS2,59.3,56.0,7670,6.71,6.69,3.97
0.51,Ideal,E,VS2,61.7,54.0,1781,5.18,5.13,3.18
0.32,Premium,H,VS1,61.3,60.0,561,4.33,4.38,2.67
0.79,Ideal,D,SI2,62.8,57.0,2853,5.9,5.85,3.69
0.52,Ideal,D,VS2,61.8,55.0,1822,5.16,5.19,3.2
0.32,Ideal,I,SI1,60.7,57.0,432,4.42,4.47,2.7
0.32,Ideal,F,VVS1,62.0,56.0,867,4.37,4.41,2.72
0.71,Premium,E,VS2,62.5,60.0,2735,5.7,5.66,3.55
0.41,Ideal,J,VS2,62.2,54.0,613,4.76,4.79,2.97
1.01,Good,E,SI1,63.4,59.0,4912,6.34,6.38,4.03
0.83,Ideal,E,VS2,61.3,56.0,4271,6.06,6.08,3.72
1.2,Premium,E,I1,62.3,60.0,3871,6.78,6.71,4.2
0.25,Good,E,VS1,63.3,60.0,361,3.99,4.04,2.54
1.33,Ideal,J,SI1,62.4,54.0,5857,7.04,7.07,4.4
0.7,Good,E,SI2,63.7,61.0,2192,5.6,5.64,3.58
0.7,Ideal,G,VS1,60.9,56.0,2995,5.76,5.8,3.52
0.51,Premium,D,SI1,62.3,61.0,1574,5.11,5.07,3.17
0.31,Premium,I,VS2,62.3,57.0,558,4.35,4.32,2.7
0.53,Very Good,G,VS1,59.6,58.0,1655,5.24,5.31,3.15
2.4,Ideal,I,SI2,62.8,57.0,11988,8.52,8.49,5.34
1.27,Premium,F,VVS2,61.3,60.0,11797,6.9,6.99,4.26
0.33,Ideal,E,SI1,61.9,56.0,702,4.46,4.49,2.77
0.3,Ideal,E,VVS2,61.9,59.0,766,4.27,4.3,2.65
1.01,Very Good,E,SI1,61.9,56.0,5759,6.33,6.41,3.94
0.28,Very Good,E,VS1,60.9,59.0,487,4.19,4.22,2.56
0.37,Ideal,E,VVS2,62.2,56.0,844,4.6,4.63,2.87
0.41,Ideal,D,SI1,62.7,56.0,791,4.73,4.78,2.98
0.34,Ideal,H,VVS2,62.2,55.0,880,4.49,4.48,2.79
0.3,Premium,G,SI2,62.5,59.0,394,4.27,4.31,2.68
0.52,Ideal,E,VS2,62.2,55.0,1571,5.16,5.22,3.23
1.01,Good,E,SI2,63.9,58.0,3611,6.37,6.31,4.05
0.31,Ideal,E,SI1,62.1,55.0,516,4.33,4.36,2.7
0.6,Ideal,H,SI2,61.9,55.0,1238,5.43,5.46,3.37
0.62,Fair,F,VS1,60.0,64.0,2083,5.69,5.48,3.36
1.25,Very Good,H,SI2,62.8,55.0,5775,6.82,6.87,4.3
2.3,Ideal,I,SI2,61.8,57.0,16329,8.48,8.45,5.23
0.3,Very Good,G,VS1,62.8,57.0,605,4.25,4.29,2.68
2.08,Very Good,D,SI2,60.1,59.0,18405,8.29,8.37,5.01
0.71,Premium,D,SI1,60.9,59.0,2743,5.72,5.71,3.48
1.53,Ideal,F,SI1,60.3,57.0,11713,7.45,7.52,4.51
1.04,Very Good,D,SI2,63.1,58.0,3780,6.39,6.33,4.01
0.53,Very Good,F,SI1,59.2,59.0,1284,5.31,5.34,3.15
0.71,Ideal,G,VS1,62.2,56.0,2962,5.69,5.72,3.55
1.17,Ideal,H,SI1,62.1,54.0,5751,6.83,6.77,4.22
1.01,Very Good,I,VS1,59.7,58.0,4858,6.53,6.57,3.91
1.66,Premium,E,SI2,62.6,58.0,10553,7.53,7.48,4.7
0.71,Ideal,E,VS1,62.3,56.0,3198,5.66,5.7,3.54
1.01,Fair,E,SI1,64.7,56.0,5034,6.34,6.27,4.08
0.3,Very Good,G,VS2,62.6,62.0,491,4.21,4.25,2.65
1.2,Premium,G,VS1,62.0,58.0,8911,6.76,6.73,4.18
0.7,Ideal,H,SI1,61.2,58.0,2138,5.74,5.77,3.52
1.2,Ideal,J,SI1,62.1,55.0,5002,6.81,6.84,4.24
0.51,Good,D,SI1,63.6,57.0,1574,5.08,5.05,3.22
0.7,Ideal,D,SI2,62.6,57.0,2373,5.63,5.68,3.54
0.34,Premium,H,SI1,62.1,59.0,612,4.5,4.46,2.78
0.4,Good,G,VVS1,59.1,61.0,1013,4.86,4.88,2.88
1.24,Very Good,I,VS2,60.1,59.0,5783,6.95,7.02,4.2
2.01,Ideal,G,SI2,61.5,55.0,11602,8.15,8.11,5.0
0.42,Ideal,D,VVS2,61.7,53.0,1223,4.85,4.87,3.0
0.31,Very Good,H,VVS1,61.2,56.0,651,4.37,4.39,2.68
0.9,Very Good,J,VVS1,60.4,60.0,3746,6.23,6.28,3.78
0.51,Ideal,E,VS1,62.7,56.0,1758,5.14,5.1,3.21
0.34,Ideal,E,VVS2,62.3,55.0,826,4.49,4.53,2.81
1.2,Premium,G,IF,59.4,61.0,10169,6.95,6.92,4.12
0.5,Good,F,VS2,63.3,57.0,1436,5.01,5.07,3.19
1.71,Ideal,G,VVS2,62.1,55.0,18768,7.66,7.63,4.75
0.31,Ideal,I,VS1,61.9,54.0,489,4.34,4.38,2.7
1.0,Very Good,F,SI1,61.4,62.0,4851,6.32,6.36,3.89
1.54,Ideal,J,VS2,61.9,57.0,8275,7.39,7.5,4.6
1.51,Premium,F,VS2,62.0,60.0,14165,7.23,7.35,4.52
0.95,Very Good,G,VS1,61.7,58.0,5111,6.26,6.34,3.89
0.41,Ideal,G,SI1,61.6,57.0,1110,4.77,4.81,2.95
0.73,Fair,I,SI2,61.3,67.0,1892,5.77,5.64,3.51
1.02,Very Good,E,SI1,63.1,57.0,4524,6.43,6.37,4.04
0.4,Very Good,D,VVS2,58.4,60.0,977,4.81,4.84,2.82
0.32,Very Good,E,VVS1,60.8,58.0,954,4.38,4.41,2.67
0.51,Ideal,G,VS1,62.5,57.0,1656,5.07,5.14,3.19
0.91,Good,D,SI2,64.1,62.0,3408,6.01,6.06,3.87
0.72,Ideal,H,VS1,61.4,56.0,2998,5.79,5.81,3.56
0.25,Very Good,E,VVS2,62.0,56.0,560,4.05,4.08,2.52
0.3,Very Good,I,VS1,58.8,61.0,473,4.38,4.43,2.59
1.09,Very Good,G,VVS2,59.8,61.0,7583,6.64,6.7,3.99
0.4,Ideal,H,SI1,62.9,56.0,855,4.7,4.65,2.94
0.4,Premium,F,VS2,62.1,58.0,1080,4.76,4.71,2.94
1.0,Very Good,F,SI2,61.3,61.0,4372,6.36,6.39,3.91
1.02,Ideal,I,SI2,60.6,56.0,4113,6.57,6.53,3.97
1.51,Premium,E,VS2,60.1,58.0,15025,7.57,7.51,4.53
0.32,Good,I,VS1,63.1,56.0,505,4.38,4.4,2.77
0.52,Ideal,G,VS1,61.1,55.0,1815,5.19,5.15,3.16
0.27,Ideal,H,VVS2,62.2,56.0,527,4.15,4.18,2.59
0.8,Very Good,G,SI1,62.9,56.0,3070,5.88,5.95,3.72
2.11,Premium,E,SI2,62.4,61.0,18034,8.19,8.1,5.08
0.54,Ideal,G,IF,61.5,55.0,2289,5.24,5.3,3.23
0.32,Premium,D,SI1,61.4,58.0,756,4.42,4.38,2.7
0.23,Very Good,E,VS1,60.4,62.0,378,3.93,3.99,2.39
0.91,Ideal,G,SI1,61.8,57.0,4049,6.16,6.2,3.82
0.32,Ideal,G,VS2,61.4,57.0,720,4.4,4.39,2.7
0.32,Very Good,E,IF,61.4,55.0,1018,4.43,4.46,2.73
0.72,Premium,J,I1,62.9,59.0,945,5.8,5.63,3.58
0.36,Ideal,E,VS1,61.6,57.0,852,4.54,4.58,2.81
1.08,Ideal,F,SI1,62.7,57.0,5534,6.53,6.57,4.11
0.71,Ideal,F,SI1,62.7,55.0,2346,5.65,5.74,3.57
0.3,Ideal,H,IF,61.6,57.0,764,4.31,4.33,2.66
1.08,Very Good,J,SI2,63.2,59.0,3810,6.57,6.4,4.1
0.72,Very Good,G,SI1,63.3,53.0,2318,5.73,5.68,3.61
0.43,Ideal,D,VS2,61.8,56.0,1129,4.83,4.81,2.98
0.54,Ideal,G,VS1,62.3,55.0,1847,5.24,5.2,3.25
0.28,Very Good,E,VVS1,60.9,60.0,612,4.25,4.26,2.59
0.32,Ideal,G,SI1,60.8,56.0,612,4.48,4.44,2.71
0.31,Ideal,G,VVS2,61.3,56.0,687,4.37,4.41,2.69
0.31,Very Good,E,VVS2,60.8,55.0,816,4.38,4.43,2.68
0.4,Ideal,G,VS1,62.9,55.0,1104,4.76,4.71,2.98
0.9,Premium,I,SI2,62.2,59.0,2826,6.11,6.07,3.79
1.51,Very Good,D,VS2,63.2,58.0,14416,7.29,7.33,4.62
1.0,Premium,J,SI1,62.7,57.0,3416,6.4,6.33,3.99
0.55,Ideal,F,VS2,61.7,56.0,1692,5.26,5.3,3.26
0.3,Premium,G,VS1,62.8,58.0,776,4.28,4.26,2.68
0.42,Ideal,H,SI1,60.9,56.0,760,4.89,4.86,2.97
1.35,Ideal,D,VS2,61.3,57.0,10602,7.09,7.13,4.36
0.3,Ideal,F,VS1,62.2,56.0,621,4.31,4.34,2.69
0.31,Ideal,F,VS2,61.9,57.0,583,4.32,4.34,2.68
0.8,Ideal,D,VS2,61.3,56.0,4781,5.97,6.0,3.67
0.34,Premium,I,VS1,61.0,60.0,537,4.48,4.51,2.74
0.27,Premium,E,VS1,61.5,58.0,603,4.22,4.17,2.58
0.33,Very Good,E,VS1,58.3,62.0,886,4.49,4.57,2.64
1.0,Premium,E,VS1,61.1,60.0,7452,6.41,6.43,3.92
0.27,Very Good,F,VVS1,61.8,56.0,682,4.15,4.17,2.57
0.32,Ideal,G,VVS1,61.4,57.0,796,4.4,4.44,2.71
1.04,Premium,H,SI2,62.4,58.0,3611,6.49,6.4,4.02
1.2,Ideal,G,VVS1,62.2,57.0,9009,6.77,6.81,4.22
0.5,Ideal,G,VVS2,61.4,57.0,1838,5.1,5.13,3.14
0.71,Very Good,D,VS1,58.1,62.0,3145,5.84,5.89,3.41
0.41,Premium,F,VS1,61.1,58.0,1076,4.78,4.74,2.91
1.01,Premium,D,SI2,60.4,60.0,4694,6.52,6.46,3.92
1.5,Very Good,D,SI1,63.4,63.0,9895,7.23,7.19,4.57
1.1,Premium,J,SI2,60.0,58.0,3216,6.77,6.66,4.03
0.38,Premium,F,VS1,62.4,59.0,933,4.57,4.63,2.87
1.01,Good,E,VS2,63.8,59.0,5430,6.26,6.22,3.98
1.7,Very Good,G,VS2,61.6,58.0,16086,7.63,7.67,4.71
0.52,Ideal,H,SI2,61.5,56.0,1035,5.17,5.21,3.19
1.2,Ideal,I,SI2,61.1,57.0,5373,6.86,6.89,4.2
0.57,Ideal,H,VS2,60.2,59.0,1573,5.35,5.38,3.23
0.7,Ideal,I,VS2,61.9,57.0,3298,5.68,5.73,3.53
1.01,Ideal,F,VS2,60.3,56.0,6672,6.5,6.56,3.94
1.01,Very Good,G,SI1,63.4,58.0,4672,6.33,6.28,4.0
0.53,Ideal,G,VS1,62.1,57.0,1813,5.18,5.16,3.21
0.57,Ideal,D,SI1,62.4,56.0,1847,5.32,5.29,3.31
1.1,Very Good,G,VS2,61.9,56.7,7405,6.57,6.63,4.09
0.33,Ideal,I,VVS2,62.7,54.0,743,4.45,4.42,2.78
0.79,Ideal,H,VVS1,62.0,56.0,3675,5.92,5.96,3.68
0.5,Very Good,G,VVS2,62.9,57.0,1838,5.04,5.11,3.19
1.2,Very Good,G,SI1,63.2,59.0,5665,6.77,6.74,4.27
0.72,Very Good,F,VS1,63.2,57.0,3083,5.69,5.73,3.61
0.63,Ideal,H,SI2,61.7,55.0,1196,5.51,5.56,3.41
0.34,Very Good,I,SI1,61.3,61.0,447,4.45,4.49,2.74
0.35,Ideal,D,VS2,60.9,57.0,829,4.51,4.55,2.76
1.02,Ideal,F,VVS2,60.9,56.0,9870,6.54,6.49,3.97
0.37,Ideal,E,VS1,61.6,54.7,886,4.61,4.63,2.85
1.0,Premium,D,SI2,59.9,59.0,4928,6.48,6.44,3.87
1.01,Premium,F,SI2,60.0,59.0,4497,6.61,6.48,3.93
0.38,Very Good,D,VS2,58.5,59.0,818,4.76,4.82,2.8
0.51,Ideal,E,SI1,62.0,55.0,1443,5.14,5.12,3.18
0.5,Good,G,SI1,62.5,64.0,1286,4.99,4.93,3.1
1.03,Premium,I,SI1,61.6,59.0,4362,6.46,6.49,3.99
1.2,Ideal,J,SI2,61.7,56.0,4659,6.79,6.87,4.21
1.46,Premium,G,VS1,62.3,58.0,12151,7.2,7.25,4.5
0.75,Very Good,E,VVS2,62.8,57.0,4005,5.74,5.78,3.62
0.32,Ideal,G,VVS1,61.4,55.0,842,4.42,4.44,2.72
0.5,Premium,E,VS2,61.4,59.0,1746,5.13,5.09,3.14
0.34,Ideal,I,IF,61.3,55.0,695,4.52,4.55,2.78
0.72,Ideal,F,SI1,60.2,57.0,3242,5.83,5.86,3.52
0.32,Ideal,E,VS2,62.1,54.0,702,4.4,4.42,2.74
0.33,Ideal,D,VS2,62.1,56.0,781,4.44,4.48,2.77
1.5,Good,D,SI1,63.1,57.0,11756,7.24,7.31,4.59
0.6,Good,I,VS1,60.1,62.0,1378,5.42,5.49,3.28
0.3,Ideal,F,VS2,62.1,55.0,605,4.26,4.31,2.66
0.24,Good,E,VVS1,58.0,60.0,526,4.08,4.12,2.38
1.2,Very Good,F,VS1,62.6,59.0,8983,6.64,6.71,4.18
1.15,Premium,D,SI1,61.1,53.0,7213,6.83,6.76,4.15
0.58,Ideal,F,VVS2,61.8,56.0,2263,5.37,5.41,3.33
1.01,Fair,G,VS2,64.9,56.0,4887,6.27,6.21,4.05
1.02,Premium,H,SI1,59.6,57.0,5055,6.63,6.55,3.93
1.08,Premium,D,SI2,62.1,58.0,5138,6.62,6.59,4.1
0.94,Very Good,E,SI2,62.0,58.0,3886,6.23,6.29,3.88
1.07,Ideal,H,SI2,59.2,57.0,4434,6.7,6.64,3.95
0.3,Ideal,E,VS2,62.1,55.0,844,4.33,4.3,2.68
0.38,Good,F,VS2,62.7,58.0,752,4.56,4.6,2.87
0.52,Very Good,D,SI1,60.5,61.0,1408,5.19,5.23,3.15
0.52,Very Good,E,VS2,62.3,57.0,1689,5.1,5.17,3.2
0.81,Premium,G,SI2,62.5,57.0,2515,5.95,5.89,3.7
1.08,Good,D,SI1,63.8,59.0,5821,6.39,6.47,4.1
0.39,Very Good,G,VS2,59.8,61.0,734,4.72,4.75,2.83
0.5,Fair,F,VS1,62.9,68.0,1348,5.02,4.96,3.14
0.7,Very Good,E,VS1,61.1,55.0,3061,5.72,5.77,3.51
0.31,Premium,G,VS1,62.4,59.0,802,4.34,4.32,2.7
0.25,Very Good,F,VVS2,63.0,57.0,548,3.98,4.08,2.54
1.07,Good,D,SI2,61.0,62.0,4710,6.6,6.68,4.05
0.38,Ideal,I,SI1,62.3,56.0,581,4.58,4.63,2.87
0.26,Ideal,H,VS1,62.6,56.0,448,4.07,4.09,2.55
0.31,Ideal,G,IF,62.7,57.0,988,4.34,4.31,2.71
2.0,Very Good,E,SI2,58.1,60.0,15840,8.25,8.32,4.81
1.5,Good,I,VS2,61.9,60.0,8316,7.25,7.28,4.5
0.7,Good,I,VS2,57.1,61.0,2010,5.9,5.93,3.38
1.03,Very Good,J,VS1,63.4,58.0,4292,6.36,6.42,4.05
0.65,Ideal,E,VS2,62.0,56.0,2282,5.6,5.57,3.46
0.4,Very Good,G,VVS1,61.7,58.0,1123,4.69,4.71,2.9
0.75,Fair,D,SI1,65.1,57.0,2376,5.64,5.6,3.66
0.53,Ideal,G,IF,62.1,57.0,2372,5.16,5.21,3.22
0.31,Good,I,SI1,64.3,55.0,488,4.29,4.27,2.75
0.32,Good,E,VS1,59.5,64.0,756,4.42,4.45,2.64
0.42,Ideal,G,IF,62.3,54.0,1289,4.82,4.85,3.01
2.31,Premium,J,VVS1,62.1,58.0,16100,8.49,8.42,5.25
0.51,Very Good,E,VS1,58.1,60.0,1583,5.28,5.32,3.08
1.06,Very Good,J,SI2,62.0,58.0,3754,6.45,6.53,4.04
0.33,Premium,D,VS2,60.7,58.0,1002,4.5,4.46,2.72
0.31,Premium,G,VS1,62.1,58.0,625,4.31,4.35,2.69
1.15,Very Good,E,SI2,61.7,60.0,4250,6.7,6.78,4.16
0.51,Premium,F,SI1,59.4,60.0,1308,5.19,5.21,3.09
0.31,Premium,G,SI1,61.8,60.0,593,4.35,4.32,2.68
0.93,Premium,G,VS2,62.2,59.0,4834,6.21,6.26,3.88
0.3,Premium,I,VVS2,61.8,58.0,526,4.28,4.33,2.66
0.7,Very Good,G,VS2,62.7,57.0,2507,5.65,5.7,3.56
0.32,Premium,J,VS1,61.7,58.0,540,4.4,4.38,2.71
2.16,Ideal,J,VS1,61.4,55.0,18462,8.34,8.27,5.1
1.15,Good,H,VS1,64.3,54.0,5935,6.66,6.62,4.27
1.05,Ideal,G,VVS1,60.1,57.0,8546,6.63,6.68,4.0
0.71,Very Good,E,VS2,63.7,58.0,2922,5.6,5.64,3.58
1.7,Very Good,J,VS1,63.6,58.0,9683,7.52,7.54,4.79
1.03,Ideal,G,VS2,60.3,56.0,6229,6.59,6.55,3.96
0.41,Very Good,G,VVS2,61.1,55.0,932,4.8,4.82,2.94
1.59,Very Good,I,VS2,60.5,63.0,10106,7.52,7.45,4.53
0.39,Premium,G,VS1,61.7,62.0,951,4.69,4.65,2.88
0.7,Very Good,E,VVS2,61.5,58.0,3429,5.67,5.71,3.5
0.7,Very Good,F,VS2,62.2,56.0,2400,5.7,5.74,3.56
2.19,Good,I,SI2,63.7,57.0,11522,8.23,8.19,5.23
1.51,Premium,G,SI1,60.3,59.0,9710,7.39,7.44,4.47
0.63,Good,H,VS1,62.9,54.0,1767,5.47,5.56,3.47
1.01,Ideal,G,SI1,63.0,57.0,5555,6.37,6.4,4.02
1.58,Very Good,H,VS2,61.4,60.0,10608,7.49,7.44,4.58
1.36,Very Good,J,SI1,62.0,59.0,5723,7.01,7.06,4.36
0.4,Very Good,F,SI1,59.6,58.0,694,4.81,4.82,2.87
1.01,Premium,H,VS2,61.6,59.0,5166,6.45,6.47,3.98
1.1,Ideal,H,VVS2,59.7,58.0,6616,6.76,6.7,4.01
0.4,Ideal,I,VS2,62.5,57.0,727,4.67,4.71,2.93
0.71,Premium,G,VS1,60.9,58.0,2694,5.77,5.73,3.5
0.7,Ideal,G,SI1,61.6,55.0,3145,5.71,5.76,3.53
0.25,Good,E,VVS1,61.3,61.0,575,4.04,4.08,2.49
0.33,Very Good,E,SI2,60.0,59.0,463,4.47,4.49,2.69
0.63,Ideal,G,SI1,62.3,58.0,1711,5.44,5.48,3.4
0.5,Ideal,H,IF,62.4,54.0,1844,5.1,5.13,3.19
0.38,Ideal,F,VS2,62.2,57.0,800,4.6,4.63,2.87
0.4,Very Good,D,VS2,64.4,52.0,915,4.63,4.68,3.0
0.3,Very Good,G,IF,60.5,58.0,743,4.35,4.38,2.64
0.51,Ideal,E,SI1,61.7,55.0,1343,5.13,5.17,3.18
1.23,Premium,G,SI1,62.5,59.0,6909,6.84,6.77,4.25
0.34,Premium,E,SI1,61.9,59.0,765,4.48,4.44,2.76
1.45,Fair,J,SI2,58.6,68.0,4570,7.45,7.33,4.34
2.11,Ideal,J,VS2,61.2,55.0,14638,8.33,8.3,5.09
2.01,Premium,E,SI2,62.0,61.0,17179,8.1,8.04,5.0
0.3,Ideal,E,VS2,62.4,57.0,844,4.29,4.24,2.66
0.57,Very Good,D,VS2,60.4,57.0,1651,5.35,5.38,3.24
0.71,Ideal,E,VS2,62.5,56.0,3304,5.69,5.71,3.56
0.4,Premium,G,VS2,60.4,58.0,966,4.78,4.75,2.88
0.36,Premium,H,VS1,60.8,59.0,810,4.62,4.59,2.8
0.75,Premium,D,SI1,59.2,58.0,3024,5.96,5.93,3.52
0.34,Ideal,F,VS2,62.2,55.0,641,4.47,4.5,2.79
1.0,Premium,G,VVS1,62.9,53.0,7848,6.39,6.32,4.0
1.13,Ideal,E,VVS1,61.5,56.0,11641,6.68,6.71,4.12
0.39,Ideal,D,VS1,61.8,54.0,988,4.69,4.73,2.91
1.55,Ideal,J,SI2,62.0,56.0,6805,7.42,7.38,4.59
0.39,Very Good,E,VS2,61.3,61.0,889,4.66,4.7,2.87
1.4,Ideal,G,VVS1,60.8,57.0,15134,7.21,7.23,4.39
1.3,Very Good,J,VS2,63.3,57.0,4106,6.98,6.96,4.41
1.5,Ideal,J,SI1,61.1,56.7,7520,7.35,7.38,4.5
0.32,Ideal,E,SI1,63.2,55.0,528,4.37,4.33,2.75
1.31,Very Good,I,SI2,63.5,55.0,5612,6.97,6.89,4.4
0.5,Premium,F,VS2,60.9,58.0,1436,5.1,5.14,3.12
0.31,Ideal,F,VVS1,62.0,55.0,828,4.34,4.37,2.7
1.11,Premium,F,VS1,60.7,59.0,7623,6.64,6.61,4.02
0.92,Premium,D,SI2,62.5,59.0,3550,6.24,6.2,3.89
0.71,Very Good,G,SI1,62.9,56.0,2184,5.68,5.73,3.59
0.31,Premium,E,VS1,61.0,58.0,942,4.39,4.37,2.67
1.02,Premium,H,SI2,59.2,59.0,3769,6.57,6.54,3.88
1.01,Premium,J,I1,60.7,59.0,2488,6.39,6.42,3.89
0.65,Premium,D,SI1,60.5,58.0,2134,5.61,5.57,3.38
0.3,Very Good,H,VS1,62.9,57.0,526,4.26,4.29,2.69
0.54,Very Good,G,VS1,61.6,56.0,1754,5.23,5.26,3.23
0.24,Very Good,D,VS1,62.2,58.0,419,3.95,3.99,2.47
0.56,Ideal,H,VS2,61.8,54.0,1694,5.34,5.31,3.29
0.9,Very Good,D,SI1,62.4,63.0,3997,6.18,6.15,3.85
0.57,Ideal,E,VVS2,62.1,54.6,2442,5.31,5.35,3.31
1.02,Premium,D,SI2,61.5,58.0,4381,6.51,6.33,3.95
1.01,Very Good,G,VVS1,63.1,59.0,7412,6.42,6.33,4.02
2.05,Premium,J,VS1,62.5,60.0,15109,8.14,8.09,5.07
1.0,Very Good,E,SI2,61.9,59.0,4311,6.39,6.43,3.97
0.35,Ideal,F,IF,60.7,57.0,1073,4.6,4.56,2.78
0.3,Very Good,I,SI1,61.6,62.0,394,4.27,4.3,2.64
0.38,Premium,E,VS1,60.2,58.0,1000,4.66,4.71,2.82
0.75,Good,F,I1,64.0,59.0,1013,5.78,5.62,3.66
1.04,Ideal,G,SI2,61.7,56.0,4455,6.57,6.52,4.04
0.33,Ideal,E,SI1,62.4,56.0,579,4.41,4.43,2.76
0.72,Ideal,E,SI1,62.6,56.0,2907,5.7,5.73,3.58
0.31,Ideal,H,SI1,61.3,55.0,421,4.35,4.39,2.68
1.71,Good,J,VS2,62.8,58.0,8831,7.48,7.55,4.72
0.57,Ideal,F,SI1,61.4,57.0,1571,5.35,5.3,3.27
0.3,Good,I,SI1,63.8,57.0,394,4.19,4.27,2.7
0.53,Ideal,G,VS1,61.5,57.0,1791,5.21,5.23,3.21
0.3,Ideal,E,VS2,62.3,57.0,658,4.29,4.32,2.68
1.0,Good,D,SI2,61.1,61.0,4727,6.37,6.43,3.91
1.62,Premium,J,SI2,61.8,59.0,5157,7.48,7.44,4.61
0.51,Ideal,D,VS1,62.5,57.0,1779,5.08,5.13,3.19
0.8,Very Good,F,VS1,63.7,56.0,3460,5.87,5.9,3.75
0.78,Premium,H,SI1,60.0,60.0,2489,5.93,5.92,3.62
0.9,Good,G,VS1,61.0,62.0,4395,6.16,6.24,3.78
0.52,Good,G,IF,59.8,57.0,2093,5.24,5.27,3.14
0.3,Ideal,E,VVS1,61.3,57.0,1071,4.32,4.36,2.66
0.7,Good,D,SI2,59.3,64.0,2312,5.8,5.76,3.43
0.43,Ideal,E,VS2,62.1,56.0,1048,4.87,4.83,3.01
0.42,Ideal,J,VS1,60.9,57.0,663,4.83,4.86,2.95
0.54,Ideal,F,VS2,60.3,55.0,1662,5.26,5.32,3.19
1.13,Very Good,H,SI2,62.7,55.0,4661,6.61,6.69,4.17
1.51,Good,J,SI1,62.4,64.0,7162,7.31,7.23,4.54
0.3,Premium,H,SI1,60.8,61.0,540,4.3,4.25,2.6
1.45,Very Good,J,VS2,62.6,58.0,6980,7.28,7.16,4.52
0.64,Ideal,I,SI2,61.2,55.0,1257,5.54,5.6,3.41
1.51,Good,H,VS2,63.8,56.0,7949,7.24,7.17,4.6
0.9,Very Good,I,SI1,63.1,54.0,3211,6.13,6.16,3.88
0.33,Premium,D,SI2,59.5,59.0,631,4.5,4.48,2.67
0.71,Good,H,VS1,63.6,55.0,2315,5.58,5.65,3.57
0.36,Ideal,F,VVS2,61.7,57.0,896,4.58,4.61,2.83
1.02,Premium,G,SI1,63.0,55.0,4718,6.45,6.4,4.05
0.4,Ideal,H,VVS2,62.3,57.0,877,4.71,4.73,2.94
0.28,Very Good,E,VS2,60.4,59.0,487,4.22,4.26,2.56
0.35,Ideal,E,SI1,60.9,55.0,788,4.57,4.53,2.77
0.3,Very Good,I,VS1,61.8,63.0,442,4.26,4.29,2.64
0.61,Ideal,F,VS1,61.8,57.0,2283,5.43,5.47,3.37
0.91,Premium,F,SI2,59.8,58.0,2564,6.29,6.26,3.75
0.3,Ideal,E,SI1,62.1,56.0,499,4.31,4.36,2.69
0.51,Premium,D,SI1,59.9,61.0,1574,5.18,5.14,3.09
1.11,Ideal,E,SI1,62.1,55.0,7218,6.66,6.68,4.14
0.7,Very Good,I,VS2,62.3,58.0,2273,5.58,5.65,3.5
0.72,Ideal,G,SI2,61.7,56.0,2177,5.76,5.71,3.54
0.35,Ideal,D,VS2,61.9,55.0,1063,4.54,4.5,2.8
1.61,Premium,H,SI1,62.5,58.0,10942,7.51,7.46,4.68
1.54,Good,J,I1,61.7,60.0,4492,7.26,7.32,4.5
0.45,Ideal,G,VVS1,61.7,56.0,1358,4.96,4.93,3.05
0.46,Good,E,VVS2,60.7,62.0,1778,4.97,5.01,3.03
0.7,Very Good,G,IF,63.0,59.0,3725,5.58,5.62,3.53
0.31,Ideal,G,VS1,62.1,55.0,625,4.33,4.37,2.7
1.51,Very Good,G,SI1,59.6,60.0,11029,7.43,7.47,4.44
2.01,Ideal,G,SI1,61.6,57.0,12829,8.08,8.0,4.95
0.3,Ideal,F,VVS1,62.6,55.0,814,4.28,4.31,2.69
0.71,Good,J,VS2,60.6,61.0,1922,5.7,5.79,3.48
0.56,Ideal,H,VS2,61.2,57.0,1388,5.29,5.33,3.25
0.55,Ideal,F,VS1,61.5,56.0,1896,5.26,5.3,3.25
0.41,Ideal,H,VS1,62.7,56.0,827,4.73,4.77,2.98
0.5,Good,E,SI1,64.0,56.0,1090,5.03,4.97,3.2
0.3,Ideal,F,IF,61.8,55.0,873,4.31,4.33,2.67
0.51,Very Good,E,VS2,63.3,55.0,1638,5.12,5.09,3.23
0.45,Very Good,G,VVS1,62.2,58.0,1327,4.9,4.97,3.07
1.7,Premium,G,VVS2,61.5,60.0,17228,7.64,7.59,4.68
0.3,Ideal,E,VVS2,61.4,55.0,1053,4.34,4.36,2.67
0.32,Premium,H,SI2,61.8,55.0,517,4.42,4.35,2.71
1.25,Premium,J,VS1,62.2,58.0,5637,6.88,6.92,4.29
1.54,Ideal,G,VS1,62.3,57.0,13846,7.35,7.38,4.59
0.3,Premium,I,VS1,61.7,58.0,473,4.27,4.32,2.65
1.2,Premium,H,VS2,62.8,59.0,6500,6.75,6.7,4.22
0.41,Ideal,F,SI1,61.4,56.0,824,4.77,4.8,2.94
1.15,Ideal,G,SI1,61.7,56.0,5224,6.72,6.76,4.16
0.44,Good,F,SI1,56.9,61.0,1018,5.12,5.07,2.9
0.82,Ideal,D,SI1,61.9,56.0,4113,5.99,6.02,3.72
0.32,Very Good,G,VS2,62.6,58.0,561,4.37,4.39,2.74
1.01,Ideal,E,VS2,61.3,57.0,6968,6.49,6.46,3.97
0.7,Ideal,E,VS2,61.5,54.0,2835,5.7,5.75,3.52
0.4,Ideal,J,SI1,61.6,56.0,612,4.72,4.77,2.93
0.47,Ideal,D,VS1,60.5,57.0,2086,5.04,5.07,3.06
2.02,Good,G,SI2,57.5,61.0,12929,8.37,8.35,4.81
1.22,Ideal,H,VS2,61.9,55.0,4914,6.88,6.83,4.24
1.32,Very Good,G,SI2,61.6,57.0,7173,6.98,7.05,4.32
0.6,Ideal,D,VVS2,61.9,55.0,3382,5.41,5.45,3.36
1.01,Premium,H,VS1,60.9,62.0,5000,6.52,6.49,3.96
0.3,Very Good,H,VVS2,60.6,58.0,605,4.33,4.35,2.63
0.55,Ideal,D,VS1,61.7,55.0,1890,5.25,5.26,3.24
0.7,Ideal,H,VVS2,61.8,55.0,3325,5.69,5.74,3.53
0.71,Premium,F,SI2,62.3,60.0,2169,5.7,5.67,3.54
0.41,Ideal,I,VVS1,62.3,53.0,785,4.77,4.79,2.98
1.41,Premium,G,SI1,59.5,59.0,8758,7.35,7.3,4.36
0.9,Ideal,E,SI2,61.8,56.0,4770,6.18,6.22,3.83
0.33,Ideal,D,SI1,62.4,54.0,608,4.41,4.44,2.76
0.72,Very Good,H,SI1,63.0,58.0,2198,5.68,5.71,3.59
0.55,Premium,G,SI1,61.3,59.0,1415,5.28,5.23,3.22
0.33,Premium,I,VVS1,61.9,60.0,608,4.41,4.44,2.74
1.01,Premium,I,SI2,62.6,58.0,3818,6.43,6.38,4.01
0.76,Premium,D,SI1,61.6,59.0,2942,5.84,5.82,3.59
0.77,Very Good,F,SI1,59.6,60.0,3044,5.95,5.97,3.55
0.41,Ideal,G,SI1,61.4,56.0,759,4.81,4.83,2.96
1.51,Very Good,E,SI2,63.4,59.0,9513,7.26,7.19,4.58
1.2,Ideal,D,VS1,61.0,59.0,11053,6.79,6.85,4.16
0.9,Very Good,E,SI1,62.2,60.0,4054,6.14,6.17,3.83
0.71,Fair,D,VS2,55.6,73.0,2368,6.01,5.96,3.33
1.37,Very Good,H,VS1,62.0,59.0,9046,7.08,7.12,4.4
0.51,Premium,F,VS1,60.7,59.0,1627,5.11,5.13,3.11
1.31,Very Good,H,VS2,60.4,58.0,8261,7.04,7.09,4.27
0.5,Good,G,VS1,61.9,61.5,1565,5.03,5.04,3.12
1.22,Very Good,J,SI2,62.6,58.0,4652,6.78,6.84,4.26
1.06,Ideal,I,SI1,61.8,55.0,5697,6.54,6.57,4.04
0.3,Ideal,G,IF,61.0,56.0,844,4.34,4.37,2.65
0.72,Ideal,D,SI1,62.2,56.0,3322,5.77,5.74,3.58
0.32,Ideal,E,IF,62.3,53.0,1018,4.39,4.41,2.74
2.2,Premium,I,SI2,63.0,59.0,15238,8.22,8.19,5.17
1.0,Ideal,D,IF,60.7,57.0,16469,6.44,6.48,3.92
0.41,Ideal,I,VVS2,61.6,57.0,827,4.76,4.78,2.94
0.33,Premium,H,VS1,59.2,58.0,579,4.5,4.55,2.68
0.51,Very Good,E,VS1,61.8,54.7,1970,5.12,5.15,31.8
1.02,Premium,F,SI2,63.0,58.0,4398,6.43,6.37,4.03
0.31,Ideal,G,IF,61.0,57.0,891,4.36,4.39,2.67
0.73,Good,E,SI1,57.9,55.0,2749,6.0,5.96,3.46
0.41,Very Good,F,SI1,62.6,55.0,755,4.74,4.78,2.98
0.6,Ideal,F,VVS2,60.8,57.0,2856,5.44,5.49,3.32
1.07,Very Good,H,VS2,61.3,58.0,5820,6.59,6.62,4.05
1.58,Ideal,H,VVS2,62.0,56.0,12897,7.44,7.49,4.63
0.5,Ideal,D,SI1,61.6,55.0,1654,5.13,5.1,3.15
0.29,Very Good,G,VVS2,60.9,57.0,541,4.28,4.32,2.61
0.73,Ideal,I,VVS2,60.1,56.0,2451,5.88,5.86,3.53
0.41,Premium,H,SI1,60.0,61.0,876,4.83,4.77,2.88
0.37,Premium,F,VS2,59.7,62.0,894,4.7,4.68,2.8
0.54,Good,D,SI1,57.9,60.0,1767,5.36,5.39,3.11
0.5,Very Good,G,VS1,62.9,55.0,1592,5.06,5.09,3.19
0.91,Ideal,D,SI2,62.2,57.0,2803,6.21,6.15,3.85
0.42,Good,F,SI2,64.1,56.0,646,4.76,4.72,3.04
0.3,Very Good,G,VVS2,61.3,58.0,684,4.28,4.34,2.64
1.09,Ideal,G,VS1,61.7,54.0,7992,6.65,6.7,4.12
0.52,Premium,G,VVS2,61.1,59.0,2012,5.2,5.15,3.16
0.31,Premium,F,VS1,61.8,60.0,872,4.39,4.35,2.7
1.32,Ideal,G,VVS2,61.6,56.0,13261,7.03,7.08,4.35
1.51,Very Good,G,VS2,64.0,56.0,13068,7.22,7.3,4.65
1.01,Premium,F,VS2,60.9,58.0,6446,6.47,6.41,3.92
0.35,Ideal,H,IF,61.7,54.0,859,4.53,4.55,2.8
0.71,Premium,E,SI2,62.7,59.0,2322,5.66,5.7,3.56
0.38,Ideal,H,VS1,60.6,57.0,1117,4.73,4.7,2.85
1.5,Good,E,SI2,63.9,58.0,9072,7.26,7.21,4.62
1.0,Premium,H,SI2,63.0,61.0,4088,6.35,6.31,3.99
0.5,Premium,E,VS2,61.8,58.0,1746,5.11,5.05,3.14
1.02,Ideal,G,VVS1,61.5,57.0,8317,6.47,6.44,3.97
0.5,Good,D,VVS2,62.4,64.0,3017,5.03,5.06,3.14
0.44,Ideal,F,SI1,61.4,56.0,761,4.89,4.94,3.02
0.71,Ideal,H,IF,61.2,56.0,3146,5.74,5.79,3.53
0.42,Ideal,D,VS1,61.4,55.0,1075,4.9,4.8,2.98
0.74,Very Good,J,VS2,60.8,58.0,2003,5.79,5.85,3.54
0.32,Good,E,SI1,63.3,56.0,561,4.34,4.35,2.75
1.64,Premium,H,SI1,59.2,58.0,10874,7.76,7.68,4.57
0.7,Very Good,E,VS2,62.4,58.0,2952,5.66,5.68,3.54
0.42,Ideal,E,VVS1,62.1,55.0,1400,4.78,4.81,2.98
0.42,Premium,G,VS2,59.5,59.0,1087,4.89,4.83,2.89
0.34,Ideal,D,SI1,61.3,57.0,626,4.44,4.5,2.74
0.38,Ideal,D,VVS1,62.0,57.0,1173,4.6,4.69,2.88
0.7,Premium,E,SI1,61.1,60.0,1971,5.69,5.56,3.44
2.1,Very Good,I,SI2,60.6,60.0,12612,8.29,8.33,5.04
0.44,Very Good,G,SI2,60.6,55.0,1016,4.94,4.96,3.0
0.7,Very Good,D,SI1,61.1,61.0,2724,5.67,5.76,3.49
0.52,Premium,G,VVS2,61.1,59.0,1911,5.15,5.2,3.16
1.23,Good,I,SI1,60.7,61.0,6165,6.91,6.93,4.2
0.42,Ideal,G,VVS2,61.3,56.0,1103,4.82,4.81,2.95
1.01,Ideal,F,VVS2,63.0,57.0,9463,6.36,6.4,4.02
1.86,Good,G,SI2,63.8,55.0,9791,7.79,7.73,4.95
0.28,Ideal,H,VS1,62.2,54.0,476,4.18,4.21,2.61
1.0,Premium,F,VS1,62.6,58.0,7244,6.4,6.37,4.0
0.71,Good,E,SI2,64.0,56.0,1816,5.68,5.61,3.62
1.51,Good,D,SI1,64.1,62.0,9674,7.21,7.15,4.6
1.2,Very Good,H,SI2,60.2,58.0,5408,6.88,6.94,4.16
0.41,Very Good,E,SI1,61.5,61.0,705,4.75,4.78,2.93
0.32,Premium,E,IF,61.6,58.0,1170,4.39,4.38,2.7
0.35,Premium,F,SI1,62.3,58.0,748,4.53,4.49,2.81
1.22,Very Good,G,SI1,63.4,56.0,6421,6.75,6.78,4.29
0.58,Premium,E,VS1,61.8,55.0,2192,5.39,5.35,3.32
0.3,Ideal,E,VVS1,61.2,58.0,838,4.28,4.31,2.63
1.0,Premium,E,VS2,60.4,57.0,6720,6.49,6.46,3.91
1.56,Ideal,E,SI2,61.2,56.0,8518,7.53,7.49,4.59
0.41,Ideal,F,VS1,61.5,55.0,1180,4.8,4.83,2.96
0.5,Very Good,G,SI1,62.3,58.0,1153,5.06,5.08,3.16
0.32,Premium,F,VS2,61.7,58.0,645,4.38,4.41,2.71
2.02,Premium,D,SI2,61.1,57.0,12108,8.12,8.05,4.94
0.56,Ideal,F,SI1,61.4,57.0,1441,5.3,5.28,3.25
0.46,Ideal,H,VS2,61.5,55.0,1252,4.98,5.01,3.07
0.71,Ideal,F,SI1,61.6,56.0,2416,5.71,5.75,3.53
0.93,Ideal,F,SI2,62.0,57.0,3266,6.31,6.28,3.9
1.46,Ideal,G,VS2,62.3,56.0,10302,7.28,7.2,4.51
0.35,Very Good,H,VVS2,61.0,57.0,650,4.54,4.57,2.77
2.0,Very Good,J,SI2,62.8,57.0,11510,8.02,8.05,5.04
0.83,Ideal,E,SI2,62.2,57.0,2870,6.0,6.05,3.75
1.69,Ideal,D,SI1,60.8,57.0,15011,7.69,7.71,4.68
0.3,Very Good,G,VS1,61.4,58.0,605,4.32,4.35,2.66
0.47,Very Good,G,VS1,60.5,59.4,1203,5.03,5.08,3.06
2.14,Premium,G,SI2,60.1,58.0,12792,8.4,8.35,5.03
1.0,Good,E,VS2,57.4,58.0,6160,6.61,6.57,3.78
2.07,Ideal,J,VVS2,62.7,54.0,16617,8.12,8.17,5.11
0.55,Very Good,D,VVS1,61.5,56.0,2815,5.23,5.27,3.23
0.43,Premium,F,VS2,61.2,59.0,968,4.87,4.84,2.97
0.56,Ideal,E,VS2,61.5,57.0,1915,5.3,5.27,3.25
1.21,Premium,I,SI1,62.1,56.0,5421,6.92,6.76,4.25
0.51,Very Good,F,VS2,63.1,59.0,1552,5.1,5.04,3.2
0.71,Very Good,I,VS2,59.5,57.0,2111,5.85,5.88,3.49
1.52,Very Good,D,SI2,61.2,63.0,9030,7.39,7.31,4.5
0.53,Premium,F,VS1,61.5,61.0,1558,5.17,5.11,3.16
0.32,Premium,G,SI1,59.6,60.0,477,4.43,4.46,2.65
1.51,Ideal,I,VS2,60.6,56.0,9442,7.44,7.47,4.52
0.26,Ideal,H,VS1,62.1,56.0,448,4.13,4.15,2.56
0.31,Premium,F,VVS1,59.7,59.0,1028,4.49,4.45,2.67
0.9,Very Good,E,SI2,63.5,58.0,3697,6.08,6.14,3.88
1.5,Ideal,G,VS2,62.0,55.0,13135,7.33,7.36,4.56
0.38,Ideal,E,VVS1,61.3,55.0,1200,4.67,4.72,2.88
0.4,Very Good,G,SI1,62.8,60.0,702,4.66,4.7,2.94
1.2,Very Good,G,VS1,61.0,59.0,8577,6.81,6.86,4.17
0.78,Ideal,D,VS1,62.1,55.0,4336,5.9,5.95,3.68
0.58,Ideal,E,VS2,62.3,54.0,1809,5.43,5.39,3.37
1.53,Ideal,G,VS2,61.6,57.0,13369,7.4,7.3,4.53
0.3,Very Good,H,VVS1,61.3,61.0,684,4.26,4.29,2.62
0.3,Ideal,F,SI1,60.2,56.0,475,4.36,4.41,2.64
0.33,Ideal,E,VS2,62.1,56.0,723,4.43,4.46,2.76
0.5,Good,D,SI1,61.1,64.0,1374,5.05,5.07,3.09
1.21,Ideal,J,VS2,62.2,57.0,4879,6.78,6.82,4.23
1.14,Ideal,F,SI2,61.7,56.0,4591,6.71,6.67,4.13
1.13,Premium,E,SI1,60.8,58.0,5179,6.77,6.71,4.1
0.36,Premium,F,VS1,60.7,58.0,1013,4.62,4.57,2.79
0.24,Very Good,F,VVS2,62.8,58.0,552,3.95,3.98,2.49
1.7,Premium,G,SI1,62.4,59.0,9777,7.63,7.57,4.74
0.32,Very Good,D,VVS2,60.0,57.0,809,4.45,4.49,2.68
0.72,Fair,I,VVS2,65.7,57.0,2131,5.56,5.64,3.68
0.32,Ideal,G,IF,61.3,55.0,918,4.43,4.47,2.73
0.51,Premium,D,VS1,59.5,57.0,1873,5.24,5.21,3.11
0.9,Premium,D,SI1,61.7,56.0,3568,6.16,6.09,3.78
0.43,Good,G,SI1,63.6,55.0,704,4.79,4.83,3.06
0.42,Ideal,E,VVS2,61.8,56.0,1273,4.8,4.78,2.96
1.06,Good,I,VS1,58.8,62.0,4887,6.65,6.72,3.93
0.61,Premium,D,VS2,62.3,55.0,2251,5.47,5.42,3.39
0.51,Very Good,H,VVS1,60.9,56.0,1668,5.17,5.22,3.16
1.01,Very Good,G,VS1,61.9,58.0,6152,6.42,6.5,4.0
0.31,Ideal,E,VS1,61.9,54.4,685,4.33,4.37,2.69
0.31,Ideal,G,VS1,61.3,56.0,802,4.38,4.36,2.68
0.41,Very Good,E,SI1,63.1,57.0,904,4.78,4.73,3.0
0.31,Ideal,E,VS2,61.8,56.0,680,4.34,4.36,2.69
1.02,Premium,H,SI2,59.2,59.0,3701,6.57,6.54,3.88
0.9,Very Good,E,VS2,62.7,56.0,4858,6.13,6.21,3.87
0.9,Good,D,VS2,65.8,58.0,4682,5.99,6.01,3.95
1.04,Very Good,I,SI2,61.6,58.0,3449,6.47,6.58,4.02
1.31,Very Good,I,SI1,62.6,59.0,6686,6.97,6.86,4.33
0.91,Very Good,F,SI1,60.1,58.0,3879,6.3,6.35,3.8
0.31,Ideal,F,VVS2,62.4,55.0,977,4.36,4.33,2.71
0.7,Fair,G,SI1,61.7,66.0,2352,5.7,5.58,3.48
0.44,Ideal,F,SI1,61.0,57.0,1040,4.91,4.89,2.99
1.01,Ideal,F,IF,62.0,58.0,10688,6.41,6.46,3.99
0.53,Ideal,G,VVS2,62.5,54.0,1818,5.19,5.21,3.25
0.57,Ideal,E,SI1,61.9,56.0,1613,5.33,5.3,3.29
0.3,Premium,G,VVS1,62.6,58.0,789,4.27,4.29,2.68
0.52,Very Good,G,VS1,61.2,57.0,1420,5.17,5.23,3.18
1.12,Very Good,H,SI2,62.4,55.0,4538,6.63,6.68,4.15
0.7,Ideal,D,VS2,61.3,57.0,2960,5.72,5.76,3.52
1.01,Fair,G,VS2,64.5,57.0,5538,6.26,6.2,4.02
0.91,Premium,D,SI1,59.0,61.0,4663,6.35,6.29,3.73
0.27,Ideal,G,VS1,62.3,56.0,490,4.14,4.16,2.58
0.3,Very Good,D,SI1,63.4,54.0,662,4.31,4.27,2.72
0.57,Ideal,E,SI1,61.5,56.0,1436,5.32,5.35,3.28
1.0,Ideal,J,VS1,62.3,56.0,4032,6.43,6.38,3.99
0.4,Ideal,F,VS1,62.7,55.0,982,4.74,4.76,2.98
0.41,Ideal,D,VVS1,62.3,55.0,1582,4.78,4.75,2.97
1.56,Good,H,SI1,63.7,57.0,7862,7.34,7.25,4.65
2.0,Fair,J,SI1,66.4,55.0,11189,7.82,7.67,5.15
0.38,Premium,J,SI1,61.3,59.0,513,4.62,4.68,2.85
0.3,Ideal,F,IF,61.7,58.0,886,4.3,4.32,2.66
0.3,Ideal,H,SI1,61.7,56.0,465,4.33,4.35,2.68
0.32,Good,I,SI2,63.1,58.0,374,4.34,4.41,2.76
0.42,Ideal,G,IF,61.9,53.0,1289,4.83,4.87,3.0
0.41,Ideal,E,VS1,61.4,55.0,1076,4.84,4.8,2.96
0.24,Good,F,VS1,58.3,61.0,373,4.09,4.14,2.4
0.52,Very Good,J,VVS1,61.7,55.5,1363,5.17,5.19,3.19
1.46,Premium,D,SI2,62.0,55.0,8683,7.32,7.23,4.51
0.53,Ideal,G,VS1,61.9,55.0,1695,5.22,5.25,3.24
0.32,Ideal,G,IF,62.1,55.0,918,4.4,4.46,2.75
0.3,Ideal,J,VVS1,60.4,57.0,464,4.36,4.38,2.64
1.55,Premium,I,SI2,61.5,58.0,7256,7.39,7.46,4.57
1.08,Ideal,H,SI2,61.4,57.0,5049,6.6,6.66,4.07
0.73,Ideal,I,VS2,60.8,56.0,3438,5.82,5.85,3.55
0.41,Ideal,F,VS1,61.3,55.0,1007,4.79,4.83,2.95
0.5,Ideal,H,SI1,59.2,62.0,1160,5.17,5.2,3.07
2.0,Very Good,I,SI2,63.7,61.0,12221,7.85,7.97,5.04
0.33,Ideal,F,VVS1,61.9,56.0,1021,4.47,4.42,2.75
0.4,Ideal,E,VVS2,61.8,55.0,1158,4.74,4.78,2.94
0.72,Very Good,G,SI1,62.8,59.0,2265,5.69,5.74,3.59
0.77,Premium,E,SI2,60.8,58.0,2519,5.96,5.98,3.63
0.5,Premium,G,VVS2,60.9,59.0,1935,5.12,5.09,3.11
0.42,Very Good,H,VS2,62.9,56.0,773,4.72,4.79,2.99
1.27,Premium,E,SI1,60.9,59.0,7980,7.03,6.97,4.26
0.55,Ideal,E,VS2,61.4,56.0,1667,5.26,5.32,3.25
0.31,Ideal,D,VS2,61.6,55.0,734,4.36,4.37,2.69
0.26,Very Good,F,VVS1,60.6,56.0,657,4.12,4.16,2.51
0.52,Premium,G,SI1,60.6,61.0,1249,5.19,5.17,3.14
0.46,Ideal,E,VVS1,62.6,57.0,1661,4.98,4.89,3.09
1.05,Ideal,H,SI2,61.2,57.0,4331,6.55,6.62,4.03
1.51,Very Good,H,SI2,60.4,59.0,7723,7.27,7.3,4.4
0.32,Very Good,I,VS2,62.8,58.0,449,4.33,4.37,2.73
0.31,Ideal,H,IF,62.2,54.0,789,4.38,4.4,2.73
0.56,Ideal,E,VS1,60.0,55.0,2352,5.43,5.4,3.25
0.75,Very Good,F,SI1,63.4,58.0,2811,5.72,5.76,3.64
0.4,Very Good,G,VVS2,63.2,55.0,868,4.72,4.74,2.99
0.34,Premium,D,VS2,60.4,60.0,1033,4.56,4.51,2.74
0.56,Ideal,E,VS1,60.8,55.0,1791,5.37,5.32,3.25
0.88,Good,J,VS1,64.0,56.0,1964,5.98,5.9,3.8
1.25,Ideal,G,SI2,61.6,57.0,5355,6.98,6.91,4.28
1.71,Very Good,H,VS2,58.8,60.0,12493,7.8,7.85,4.6
1.01,Premium,I,VS2,62.5,58.0,4676,6.44,6.39,4.01
0.51,Ideal,H,VS1,61.8,57.0,1573,5.11,5.14,3.16
0.55,Very Good,E,SI2,62.5,54.0,1238,5.21,5.25,3.27
0.46,Premium,D,VVS1,60.0,59.0,1947,5.04,5.0,3.01
0.3,Ideal,G,VVS2,62.0,57.0,684,4.29,4.32,2.67
1.12,Premium,G,SI2,60.8,55.0,4798,6.84,6.69,4.11
0.31,Ideal,D,VVS2,61.2,59.0,805,4.37,4.39,2.68
1.0,Ideal,G,VS1,62.7,54.0,6465,6.42,6.37,4.01
0.3,Premium,E,VS2,62.1,58.0,658,4.29,4.31,2.67
0.3,Ideal,G,VS2,63.0,55.0,675,4.31,4.29,2.71
1.0,Good,E,SI1,63.9,55.0,4646,6.28,6.34,4.03
0.3,Ideal,G,SI1,62.1,53.0,422,4.32,4.37,2.7
1.05,Very Good,H,VS2,63.3,56.0,5614,6.48,6.41,4.08
0.59,Ideal,I,VS2,61.8,56.0,1371,5.39,5.42,3.34
0.27,Ideal,H,IF,61.6,56.0,566,4.18,4.21,2.58
1.01,Premium,H,SI2,62.0,60.0,3507,6.39,6.25,3.92
1.01,Ideal,E,SI2,63.0,56.0,4118,6.34,6.3,3.98
0.5,Very Good,G,VVS1,59.6,63.0,1987,5.16,5.11,3.06
0.41,Very Good,G,VVS2,62.9,56.0,1007,4.7,4.74,2.97
0.5,Very Good,G,VS2,62.8,56.0,1373,5.05,5.08,3.18
0.7,Premium,D,SI2,59.3,59.0,2562,5.79,5.74,3.42
1.0,Ideal,E,VS2,61.9,56.0,6048,6.45,6.4,3.98
1.03,Premium,H,VS2,62.4,58.0,5078,6.47,6.39,4.01
0.7,Ideal,H,VS2,62.8,55.0,2607,5.67,5.63,3.55
0.72,Good,H,SI2,65.8,59.0,1945,5.51,5.58,3.65
0.93,Premium,I,VS2,62.7,61.0,4073,6.24,6.14,3.88
0.23,Very Good,E,VVS2,62.3,55.0,505,3.9,3.93,2.44
1.01,Very Good,E,SI2,63.3,57.0,4270,6.39,6.31,4.02
1.14,Ideal,D,SI2,61.4,56.0,5650,6.77,6.69,4.13
0.41,Premium,J,VVS1,62.2,59.0,994,4.75,4.71,2.94
1.04,Premium,F,SI1,59.8,59.0,5284,6.61,6.56,3.94
1.23,Premium,F,SI2,61.7,57.0,5695,6.89,6.86,4.24
0.8,Very Good,H,SI1,63.8,56.0,2739,5.85,5.91,3.75
1.05,Ideal,F,SI1,61.8,57.0,4816,6.54,6.51,4.03
2.33,Premium,H,I1,60.7,58.0,8220,8.64,8.56,5.22
0.3,Ideal,F,VVS1,62.2,53.0,857,4.3,4.32,2.68
0.31,Ideal,D,SI1,62.0,56.0,533,4.35,4.39,2.71
0.7,Ideal,G,VS1,60.5,56.0,3384,5.77,5.79,3.5
1.7,Ideal,F,SI1,59.7,57.0,10853,7.73,7.65,4.59
0.5,Ideal,E,SI1,62.3,56.0,1410,5.06,5.12,3.17
0.73,Ideal,F,VS2,62.7,53.0,2762,5.8,5.75,3.62
0.54,Ideal,G,VS1,62.2,56.0,1760,5.23,5.19,3.24
0.3,Ideal,H,VVS1,61.6,57.0,665,4.3,4.34,2.66
0.9,Good,H,SI2,64.1,58.0,3105,6.05,6.02,3.87
1.26,Premium,I,VS2,62.4,58.0,6023,6.88,6.94,4.31
1.01,Good,E,SI1,64.3,59.0,4766,6.31,6.34,4.07
0.9,Premium,E,VS2,58.0,61.0,4385,6.45,6.34,3.71
1.01,Very Good,F,VS2,63.1,57.0,5226,6.39,6.29,4.0
2.01,Good,F,SI2,62.9,58.0,16013,7.89,8.01,5.0
0.39,Premium,G,VS2,62.3,59.0,1009,4.69,4.65,2.91
0.41,Ideal,F,SI1,61.2,58.0,764,4.76,4.81,2.93
0.71,Good,J,SI1,61.5,62.0,1755,5.61,5.66,3.47
1.21,Ideal,D,VVS2,61.3,57.0,12375,6.85,6.88,4.21
0.35,Very Good,F,IF,62.0,54.0,1027,4.55,4.58,2.83
1.36,Premium,I,VS2,59.3,58.0,6017,7.21,7.18,4.27
1.52,Fair,H,SI2,64.9,58.0,6129,7.16,7.13,4.64
0.32,Premium,G,VVS2,60.2,60.0,730,4.42,4.45,2.67
0.38,Premium,D,VS1,61.2,58.0,1140,4.68,4.63,2.85
1.0,Fair,F,VS2,64.7,59.0,4829,6.22,6.15,4.0
0.8,Ideal,E,VS2,61.4,55.0,3192,5.96,5.99,3.67
1.5,Very Good,I,SI2,63.2,52.0,6115,7.28,7.24,4.59
1.58,Very Good,G,SI2,60.0,53.0,9037,7.59,7.64,4.57
0.38,Very Good,D,SI2,62.1,55.0,633,4.62,4.65,2.88
0.4,Premium,D,VS1,62.5,60.0,1123,4.66,4.72,2.93
0.32,Ideal,E,SI2,61.6,56.0,427,4.4,4.43,2.72
0.5,Good,F,VS2,58.8,64.0,1433,5.21,5.16,3.05
0.32,Ideal,G,IF,62.2,53.0,918,4.41,4.43,2.75
0.33,Ideal,G,VS1,61.7,56.0,854,4.47,4.44,2.75
1.22,Ideal,H,SI1,61.8,57.0,6776,6.85,6.83,4.23
0.7,Premium,D,SI2,61.8,55.0,2222,5.71,5.68,3.52
0.32,Ideal,J,VS2,62.1,54.0,504,4.44,4.38,2.74
0.31,Premium,I,VS1,59.2,60.0,489,4.4,4.45,2.62
0.9,Ideal,H,SI1,62.1,56.0,4492,6.14,6.19,3.83
0.31,Premium,G,VS1,59.5,59.0,625,4.4,4.47,2.64
0.36,Premium,F,SI1,61.9,59.0,770,4.54,4.51,2.8
0.9,Very Good,H,VVS1,62.3,59.0,4977,6.09,6.15,3.81
0.39,Premium,D,VS2,60.2,59.0,1024,4.76,4.74,2.86
0.38,Very Good,G,VS2,60.8,61.0,766,4.65,4.66,2.83
1.5,Good,G,VS2,63.8,56.0,11508,7.2,7.15,4.58
0.33,Ideal,D,VS1,61.1,57.0,727,4.46,4.48,2.73
0.57,Ideal,F,VS1,62.6,56.0,1949,5.27,5.33,3.32
1.0,Ideal,D,SI1,60.5,57.0,5775,6.48,6.52,3.93
0.71,Ideal,G,VS1,61.5,55.0,3431,5.72,5.77,3.54
0.73,Very Good,H,VS1,60.8,57.0,2916,5.8,5.83,3.54
0.4,Very Good,I,VS1,63.0,56.0,737,4.68,4.72,2.96
1.07,Ideal,G,SI2,62.0,57.0,4401,6.58,6.55,4.07
0.31,Ideal,F,VS1,61.5,54.0,642,4.36,4.39,2.69
1.01,Ideal,J,VS2,61.1,56.0,4617,6.49,6.51,3.97
1.5,Premium,H,SI2,61.5,58.0,6132,7.38,7.32,4.52
0.7,Premium,H,SI2,61.7,58.0,1982,5.72,5.69,3.52
0.3,Premium,D,VVS2,59.6,61.0,1099,4.39,4.34,2.6
0.31,Ideal,G,SI1,61.2,55.0,446,4.37,4.39,2.68
1.2,Very Good,I,SI1,61.2,62.0,5226,6.75,6.84,4.16
1.33,Premium,G,VS1,62.7,58.0,9876,7.01,6.96,4.38
1.15,Premium,I,SI1,62.5,60.0,4939,6.72,6.68,4.19
0.36,Ideal,E,VS1,62.4,55.0,1094,4.61,4.59,2.87
0.51,Very Good,E,VS2,63.3,56.0,1781,5.12,5.08,3.23
0.51,Ideal,E,SI1,62.4,55.0,1443,5.14,5.09,3.19
1.51,Good,H,SI2,59.9,64.0,7340,7.53,7.39,4.47
1.5,Premium,E,SI2,61.5,59.0,8064,7.3,7.23,4.47
0.3,Ideal,H,VVS2,62.1,56.0,776,4.32,4.28,2.67
1.0,Ideal,F,SI1,62.7,57.0,5221,6.44,6.38,4.02
0.91,Premium,D,VS2,62.0,60.0,4969,6.23,6.19,3.85
0.72,Premium,I,VS2,60.9,60.0,2216,5.76,5.8,3.52
1.11,Premium,G,SI1,62.3,58.0,5408,6.61,6.52,4.09
0.51,Ideal,G,VVS2,61.3,56.0,1902,5.16,5.19,3.17
1.02,Ideal,I,SI2,60.7,57.0,3786,6.54,6.57,3.98
0.96,Very Good,F,SI2,60.9,57.0,4142,6.38,6.42,3.9
1.51,Good,I,SI1,63.7,58.0,8313,7.22,7.26,4.61
0.5,Good,D,VS2,63.7,56.0,1758,5.09,5.05,3.23
0.71,Good,G,VS2,58.9,61.0,2649,5.81,5.84,3.43
0.31,Very Good,F,VVS1,60.7,58.0,767,4.36,4.4,2.66
0.34,Good,F,SI2,63.9,56.0,536,4.43,4.4,2.82
1.52,Premium,E,SI2,61.0,59.0,10214,7.39,7.33,4.49
0.84,Ideal,D,VVS1,62.0,54.0,6399,6.04,6.08,3.76
0.31,Premium,G,SI2,61.8,59.0,523,4.34,4.3,2.67
1.06,Very Good,E,VVS2,61.8,58.0,9997,6.52,6.56,4.04
0.71,Premium,E,VS2,61.5,60.0,2858,5.76,5.68,3.52
0.58,Ideal,E,SI2,62.7,56.0,1234,5.29,5.34,3.33
0.3,Ideal,F,IF,60.8,57.0,873,4.34,4.38,2.65
0.9,Good,E,SI2,64.1,57.0,3139,6.07,6.09,3.9
0.71,Ideal,F,SI1,62.5,55.0,2788,5.71,5.65,3.55
0.41,Ideal,H,VVS2,62.0,56.0,899,4.74,4.78,2.95
1.4,Ideal,J,SI1,62.1,57.0,6350,7.17,7.14,4.44
1.04,Ideal,D,IF,61.8,57.0,14626,6.52,6.49,4.02
0.59,Ideal,E,SI2,61.6,54.0,1248,5.42,5.45,3.35
2.27,Premium,H,SI2,60.7,59.0,15783,8.5,8.45,5.15
0.4,Ideal,E,VVS2,62.4,59.0,1166,4.7,4.73,2.94
1.53,Very Good,H,SI1,63.1,56.0,7862,7.32,7.27,4.6
0.43,Ideal,F,VVS2,62.2,55.0,1169,4.83,4.85,3.01
0.3,Good,H,VVS2,63.6,56.0,605,4.26,4.29,2.72
0.82,Very Good,E,VS2,60.4,61.0,3795,6.06,6.09,3.67
1.12,Premium,I,SI1,62.0,56.0,4641,6.73,6.65,4.15
0.58,Ideal,G,VVS1,61.3,56.0,2256,5.36,5.4,3.3
0.54,Ideal,I,SI2,60.9,57.0,935,5.26,5.31,3.22
0.24,Ideal,F,VVS2,61.5,56.0,540,3.99,4.01,2.46
0.55,Ideal,G,VS2,61.8,58.0,1659,5.23,5.26,3.24
1.32,Ideal,G,VS2,61.1,57.0,9580,7.13,7.07,4.34
1.42,Good,E,SI2,60.1,61.0,8019,7.32,7.42,4.43
0.51,Ideal,F,VS2,61.9,55.0,1591,5.11,5.15,3.18
0.41,Ideal,I,VVS1,61.0,56.0,875,4.79,4.82,2.93
1.16,Very Good,G,SI1,60.5,60.0,5372,6.86,6.77,4.12
1.01,Fair,F,VS2,65.5,62.0,5501,6.19,6.23,4.07
0.39,Very Good,H,VS2,63.1,58.0,921,4.66,4.63,2.93
1.21,Premium,F,VS1,61.1,57.0,9846,6.93,6.89,4.22
1.13,Premium,I,VS1,61.7,54.0,5316,6.74,6.71,4.15
1.03,Premium,E,SI2,58.8,62.0,4070,6.58,6.51,3.85
0.8,Very Good,D,SI2,63.7,57.0,2708,5.87,5.9,3.75
0.3,Ideal,E,VVS2,61.4,55.0,837,4.32,4.34,2.66
0.8,Ideal,F,VS2,62.7,54.0,3369,5.95,5.91,3.72
1.16,Premium,F,VVS1,60.4,60.0,10809,6.9,6.77,4.13
0.23,Ideal,F,VS2,60.9,57.0,498,3.96,3.99,2.42
1.51,Good,F,VS2,64.0,59.0,8794,7.16,7.08,4.56
0.41,Very Good,F,VVS1,63.7,54.0,1169,4.71,4.74,3.01
0.42,Good,H,SI1,63.6,57.0,653,4.74,4.79,3.03
0.43,Ideal,F,IF,60.9,57.0,1580,4.89,4.86,2.97
0.76,Ideal,J,SI2,61.5,54.0,1833,5.9,5.93,3.64
0.4,Good,F,VS2,62.0,61.3,929,4.69,4.72,2.91
2.05,Ideal,F,SI2,62.2,57.0,12743,8.19,8.12,5.07
0.54,Ideal,G,VS2,60.4,57.0,1637,5.33,5.26,3.2
1.2,Very Good,G,IF,59.4,61.0,9987,6.92,6.95,4.12
1.21,Premium,H,VS2,60.5,60.0,6722,6.95,6.9,4.19
0.31,Very Good,H,VS2,62.2,59.0,489,4.34,4.38,2.71
1.01,Good,G,SI2,63.5,58.0,4079,6.34,6.39,4.04
1.01,Ideal,F,VS1,61.7,59.0,7056,6.44,6.42,3.97
1.17,Premium,F,VS2,60.2,58.0,8256,6.88,6.85,4.13
0.5,Fair,G,VVS2,64.9,58.0,1712,5.0,4.95,3.23
0.37,Ideal,E,VS1,61.2,56.0,1124,4.67,4.64,2.85
1.13,Premium,D,SI2,62.0,58.0,5280,6.64,6.68,4.13
0.71,Ideal,E,VS2,61.6,56.0,2891,5.74,5.76,3.54
0.43,Good,F,SI1,63.7,57.0,984,4.79,4.73,3.04
0.36,Ideal,I,VS1,60.5,57.0,729,4.59,4.56,2.77
1.27,Ideal,J,SI2,61.2,56.0,5021,6.99,6.95,4.27
0.91,Ideal,E,SI1,61.2,58.0,4513,6.24,6.3,3.84
1.04,Premium,G,SI1,60.3,58.0,3780,6.6,6.55,3.96
0.31,Ideal,D,SI1,62.1,56.0,571,4.33,4.37,2.7
1.57,Ideal,G,SI1,61.8,55.0,11596,7.43,7.49,4.61
0.38,Premium,F,VVS1,59.2,58.0,1257,4.8,4.76,2.83
1.53,Premium,I,VS1,62.0,57.0,9877,7.39,7.35,4.57
1.01,Premium,G,SI1,59.8,58.0,4719,6.54,6.58,3.92
0.35,Ideal,G,IF,61.8,56.0,1041,4.57,4.52,2.81
0.38,Premium,G,VS2,59.9,58.0,983,4.77,4.72,2.84
1.5,Very Good,H,SI1,58.8,63.0,9573,7.42,7.38,4.35
0.93,Ideal,I,SI1,61.9,57.0,3359,6.23,6.21,3.85
1.32,Very Good,I,SI2,60.9,59.0,4965,7.02,7.19,4.33
0.62,Very Good,D,VVS2,58.1,63.0,3050,5.59,5.66,3.27
1.5,Very Good,I,VS2,63.3,55.0,9533,7.3,7.26,4.61
0.3,Premium,H,VVS2,63.0,56.0,776,4.28,4.23,2.68
0.71,Ideal,J,SI1,61.6,57.0,1889,5.72,5.75,3.53
0.71,Premium,F,VVS1,60.9,58.0,3604,5.76,5.8,3.52
0.3,Good,D,SI1,63.8,57.0,552,4.27,4.29,2.73
0.3,Fair,D,VVS2,65.2,59.0,772,4.2,4.18,2.73
1.6,Very Good,I,VVS1,59.8,56.0,11170,7.6,7.68,4.57
0.52,Ideal,E,VS2,60.5,56.0,1897,5.27,5.21,3.17
0.34,Ideal,H,VVS1,62.0,54.0,775,4.46,4.48,2.77
0.9,Very Good,E,VS2,62.2,59.0,4580,6.13,6.18,3.83
0.42,Ideal,G,VS2,62.2,54.0,1087,4.82,4.8,2.99
1.34,Ideal,E,VVS2,62.6,54.0,14593,7.05,7.07,4.42
0.58,Ideal,F,VS2,62.1,56.0,1666,5.33,5.37,3.32
0.33,Ideal,F,VS2,61.2,54.0,854,4.49,4.47,2.74
1.86,Premium,G,SI2,62.5,60.0,10572,7.9,7.8,4.91
0.66,Very Good,F,SI1,59.2,58.0,1918,5.69,5.72,3.38
2.2,Premium,I,VS2,62.0,57.0,18364,8.38,8.34,5.18
1.01,Good,E,VS2,61.2,62.0,5972,6.34,6.38,3.89
0.3,Ideal,D,VS2,62.0,55.0,710,4.31,4.34,2.68
1.08,Ideal,H,SI1,59.7,60.0,5154,6.71,6.69,4.0
0.31,Ideal,D,SI1,61.1,56.0,732,4.38,4.36,2.67
0.7,Very Good,G,SI1,63.6,58.0,2209,5.61,5.65,3.58
0.31,Very Good,F,IF,61.9,54.0,914,4.36,4.39,2.71
0.51,Ideal,E,VS2,61.8,56.0,1781,5.14,5.12,3.17
0.9,Premium,G,VS2,59.0,58.0,3841,6.29,6.25,3.7
0.23,Very Good,H,VVS2,59.2,61.0,389,4.0,4.04,2.38
0.5,Ideal,D,VS2,62.5,54.0,1845,5.09,5.05,3.17
0.7,Very Good,D,SI1,62.4,57.0,3075,5.64,5.67,3.53
0.51,Very Good,F,IF,59.4,60.0,2304,5.18,5.23,3.09
0.45,Very Good,F,SI2,61.5,61.0,729,4.9,4.95,3.03
0.57,Very Good,G,VS1,61.0,55.0,1817,5.36,5.43,3.28
1.7,Very Good,G,VS2,61.9,55.0,18107,7.64,7.68,4.74
1.83,Premium,J,SI1,60.4,58.0,10709,7.96,7.94,4.8
1.0,Fair,G,VS1,63.1,68.0,4892,6.32,6.17,3.94
0.73,Ideal,J,SI1,62.0,56.0,1902,5.74,5.78,3.57
0.42,Ideal,D,VVS1,61.6,56.0,1547,4.79,4.82,2.96
1.03,Ideal,G,SI2,61.7,55.0,4391,6.48,6.52,4.01
0.57,Ideal,E,VVS2,61.5,55.9,2615,5.31,5.35,3.28
0.9,Ideal,D,SI2,62.7,57.0,3990,6.1,6.15,3.84
0.37,Premium,I,VS1,61.4,59.0,749,4.61,4.55,2.81
0.38,Ideal,H,SI1,61.2,56.0,697,4.7,4.74,2.89
0.9,Good,G,VVS2,62.6,63.0,4485,6.1,6.14,3.83
0.72,Ideal,I,VS1,61.0,57.0,2048,5.76,5.83,3.56
0.64,Very Good,G,VS2,62.7,59.0,1873,5.44,5.5,3.43
0.41,Ideal,F,VS2,62.7,56.0,863,4.72,4.78,2.98
1.21,Very Good,H,VS1,60.4,59.0,7196,6.88,6.97,4.18
1.01,Premium,F,VS1,61.7,58.0,7372,6.4,6.43,3.96
0.39,Ideal,G,VVS2,62.1,56.0,886,4.67,4.7,2.91
0.62,Ideal,G,VVS2,62.6,57.0,2507,5.42,5.47,3.41
0.34,Premium,E,VS2,61.9,58.0,956,4.45,4.43,2.75
0.71,Premium,E,SI1,61.1,57.0,2629,5.73,5.69,3.49
1.01,Very Good,E,SI1,62.4,58.0,5229,6.36,6.4,3.99
0.51,Premium,H,VS2,60.9,60.0,1202,5.19,5.16,3.15
0.72,Very Good,E,SI2,59.7,59.0,2655,5.77,5.82,3.46
0.32,Premium,H,VS1,60.6,60.0,561,4.4,4.44,2.68
0.9,Premium,G,VS2,62.8,60.0,4052,6.14,6.08,3.84
0.3,Ideal,H,SI1,62.1,56.0,450,4.29,4.31,2.67
1.0,Premium,E,SI2,62.2,59.0,4390,6.38,6.35,3.96
0.91,Good,I,SI1,64.0,58.0,2348,6.01,5.99,3.84
1.04,Ideal,H,SI1,61.9,57.0,4515,6.49,6.46,4.01
0.34,Premium,F,VS2,59.8,59.0,854,4.55,4.51,2.71
0.3,Ideal,F,VS2,62.3,55.0,573,4.3,4.34,2.69
1.08,Premium,F,SI2,62.3,58.0,4414,6.55,6.52,4.07
1.12,Premium,G,I1,60.4,59.0,2383,6.71,6.67,0.0
0.33,Ideal,H,SI2,61.4,56.0,554,4.85,4.79,2.95
0.9,Very Good,F,VS2,59.6,59.0,4397,6.27,6.31,3.75
1.21,Very Good,F,VS2,63.3,58.0,7826,6.73,6.67,4.24
1.24,Premium,D,VS2,59.3,58.0,9916,7.09,7.03,4.19
0.51,Very Good,E,VS1,60.4,59.0,1697,5.16,5.2,3.13
0.35,Good,F,SI2,63.8,56.0,460,4.45,4.48,2.85
0.4,Premium,G,VVS2,61.7,59.0,1050,4.76,4.73,2.93
1.01,Premium,E,SI2,58.6,58.0,4308,6.66,6.62,3.89
2.01,Good,J,VS1,63.7,59.0,11526,7.93,7.86,5.03
0.7,Very Good,F,VVS1,60.6,60.0,3536,5.67,5.7,3.45
0.31,Premium,D,VS1,59.7,58.0,1011,4.45,4.4,2.64
0.32,Ideal,G,VVS1,62.2,55.0,842,4.38,4.4,2.73
0.26,Premium,E,VVS1,62.3,60.0,599,4.07,4.09,2.54
0.34,Premium,E,SI2,61.5,58.0,612,4.52,4.49,2.77
0.37,Ideal,E,VVS2,61.8,54.0,844,4.6,4.63,2.85
0.77,Very Good,G,SI1,58.4,63.0,2635,5.95,6.03,3.5
0.7,Very Good,H,SI2,62.8,59.0,2034,5.62,5.65,3.54
0.9,Good,F,SI1,61.0,62.0,3733,6.17,6.26,3.79
0.41,Ideal,G,VS2,62.7,56.0,827,4.72,4.76,2.97
0.41,Premium,I,VVS1,61.5,59.0,863,4.75,4.81,2.94
0.3,Very Good,D,VS1,63.5,55.0,697,4.24,4.29,2.71
0.9,Very Good,F,VS2,61.8,57.0,5218,6.16,6.23,3.83
0.3,Ideal,G,SI1,60.6,57.0,487,4.34,4.37,2.63
0.5,Very Good,E,VVS2,62.4,55.0,2275,5.08,5.11,3.18
1.01,Very Good,F,SI1,63.3,59.0,4989,6.42,6.38,4.05
1.5,Premium,E,SI1,60.8,58.0,11795,7.36,7.32,4.46
0.53,Ideal,D,VS2,62.2,56.0,1956,5.19,5.16,3.22
1.3,Premium,G,VVS2,60.2,58.0,10763,7.17,7.08,4.29
2.01,Ideal,I,SI1,64.8,62.0,16287,7.92,7.82,5.1
1.59,Premium,E,SI2,60.5,59.0,9082,7.59,7.55,4.58
0.3,Ideal,E,VS2,61.5,55.0,844,4.4,4.32,2.68
1.0,Ideal,D,SI2,62.3,56.0,4427,6.39,6.33,3.96
0.33,Ideal,F,VVS1,62.6,54.0,880,4.44,4.47,2.79
0.33,Ideal,H,VS1,61.5,56.0,743,4.47,4.44,2.74
1.07,Ideal,F,SI2,61.2,57.0,4128,6.62,6.59,4.04
0.4,Ideal,E,VS1,62.0,54.0,1053,4.74,4.77,2.95
0.59,Good,E,VS2,61.3,62.0,1845,5.36,5.4,3.3
1.02,Ideal,G,VS2,62.8,57.0,6169,6.46,6.41,4.04
0.9,Good,H,SI2,63.6,60.0,3250,6.06,6.11,3.87
0.23,Very Good,E,VVS1,62.4,54.0,583,3.95,3.98,2.47
1.01,Good,G,VS1,63.8,57.0,6759,6.35,6.38,4.06
1.74,Ideal,E,SI2,62.3,57.0,10085,7.8,7.7,4.83
1.04,Very Good,F,IF,59.8,56.0,10515,6.64,6.71,3.99
0.32,Premium,I,VS1,61.9,58.0,505,4.36,4.4,2.71
0.35,Ideal,G,IF,61.1,56.0,1116,4.59,4.54,2.79
0.28,Ideal,F,VVS2,61.8,56.0,642,4.22,4.26,2.62
1.09,Ideal,D,SI2,61.7,59.0,5410,6.64,6.62,4.09
0.33,Ideal,F,VS2,62.3,55.0,666,4.42,4.47,2.77
0.8,Ideal,G,SI2,63.0,56.0,2657,5.85,5.9,3.7
0.77,Very Good,F,SI2,60.1,56.0,2667,5.94,5.97,3.58
1.22,Very Good,J,SI2,60.5,58.5,4861,6.84,6.96,4.17
0.51,Premium,G,VVS1,60.1,56.0,2111,5.35,5.16,3.16
0.6,Ideal,D,SI1,61.7,56.0,2263,5.39,5.44,3.34
1.03,Premium,H,SI2,62.3,59.0,4153,6.46,6.42,4.01
1.14,Ideal,J,SI2,61.5,57.0,4212,6.73,6.77,4.15
1.11,Premium,E,VS2,62.2,58.0,7619,6.61,6.64,4.12
0.41,Good,E,VS2,58.1,59.0,772,4.89,4.95,2.86
0.3,Ideal,E,VS2,61.8,56.0,658,4.31,4.33,2.67
0.36,Ideal,G,VVS1,60.9,57.0,1080,4.63,4.57,2.8
0.51,Very Good,E,VS1,61.1,59.0,1839,5.14,5.2,3.16
0.3,Premium,I,VS1,60.5,60.0,473,4.3,4.33,2.61
0.32,Premium,G,VS2,62.6,59.0,720,4.36,4.33,2.72
0.23,Ideal,G,SI1,62.0,54.0,364,3.95,3.99,2.46
0.55,Ideal,I,VS2,61.8,55.0,1374,5.28,5.32,3.27
1.13,Premium,G,VS1,61.6,58.0,7720,6.76,6.68,4.14
0.7,Fair,F,SI2,64.6,57.0,1947,5.6,5.57,3.61
1.33,Ideal,H,SI2,62.3,55.0,6791,7.01,7.08,4.39
1.25,Ideal,H,VS1,62.1,57.0,8365,6.89,6.92,4.29
1.7,Premium,F,VS1,60.6,58.0,18430,7.68,7.71,4.66
0.63,Ideal,D,SI1,62.0,56.0,1992,5.55,5.48,3.42
0.91,Very Good,F,SI2,63.5,56.0,3496,6.16,6.12,3.89
0.56,Ideal,H,VVS1,61.4,56.0,1941,5.3,5.32,3.26
0.41,Ideal,F,VS1,62.5,57.0,1076,4.76,4.75,2.97
0.55,Ideal,F,SI2,62.4,56.0,1263,5.26,5.22,3.27
0.27,Good,F,VVS1,61.7,61.0,498,4.1,4.14,2.54
1.5,Very Good,J,VS2,62.6,58.0,7492,7.25,7.29,4.55
0.47,Ideal,H,VS2,62.0,54.0,1006,4.99,5.01,3.1
0.23,Very Good,D,VS1,61.8,57.0,357,3.9,3.93,2.42
0.7,Very Good,G,VS1,60.0,56.0,2741,5.77,5.83,3.48
1.05,Ideal,H,SI1,62.5,56.0,5027,6.52,6.43,4.05
1.11,Ideal,D,SI2,61.3,56.0,6129,6.68,6.74,4.12
0.72,Premium,J,SI1,60.9,57.0,1579,5.84,5.78,3.54
2.31,Very Good,I,SI1,62.5,55.0,17715,8.39,8.44,5.26
0.9,Fair,F,SI1,65.3,61.0,3326,6.0,5.95,3.9
1.7,Very Good,D,SI2,60.8,59.0,11431,7.76,7.83,4.75
1.52,Premium,D,SI2,59.8,60.0,10433,7.42,7.5,4.46
1.1,Ideal,H,SI2,62.0,56.5,5002,6.58,6.63,4.09
0.66,Good,G,VS1,61.6,61.0,2139,5.56,5.63,3.43
0.31,Ideal,F,IF,61.2,56.0,914,4.37,4.39,2.68
1.0,Very Good,H,SI1,62.7,59.0,4702,6.3,6.37,3.97
0.3,Ideal,D,VS2,62.3,58.0,670,4.25,4.29,2.66
1.08,Ideal,G,SI1,61.7,56.0,5439,6.6,6.63,4.08
0.53,Ideal,E,SI2,61.2,55.0,1229,5.23,5.26,3.21
1.0,Good,G,SI2,64.0,55.0,3941,6.3,6.26,4.02
1.09,Premium,F,SI1,60.9,59.0,5287,6.59,6.64,4.03
1.51,Premium,H,SI1,60.3,62.0,9762,7.54,7.41,4.51
2.01,Premium,H,SI1,61.2,62.0,12829,8.18,8.12,4.99
0.3,Very Good,G,SI1,63.2,55.0,536,4.29,4.26,2.7
1.03,Very Good,G,VS2,62.3,57.0,6036,6.43,6.51,4.03
0.32,Very Good,H,VS1,63.0,55.0,561,4.4,4.42,2.78
0.83,Very Good,G,SI1,62.3,58.0,3171,5.97,6.01,3.73
1.05,Premium,I,I1,61.8,56.0,2339,6.53,6.48,4.02
0.71,Ideal,E,VVS1,62.3,55.0,4231,5.68,5.72,3.55
1.0,Very Good,H,SI2,63.3,57.0,4200,6.37,6.3,4.01
1.0,Ideal,G,VS1,62.7,54.0,6349,6.37,6.42,4.01
0.3,Premium,E,SI1,60.6,58.0,675,4.34,4.3,2.62
1.01,Very Good,G,VS1,60.9,60.0,6669,6.47,6.43,3.93
0.72,Ideal,J,VS2,60.8,59.0,1904,5.76,5.81,3.52
1.51,Ideal,I,SI1,61.8,56.0,10232,7.37,7.34,4.55
1.22,Premium,E,SI1,62.3,59.0,7395,6.8,6.74,4.22
1.11,Very Good,E,SI1,62.4,57.0,6563,6.58,6.6,4.11
1.01,Good,F,VS2,60.8,61.0,6271,6.42,6.45,3.91
0.33,Ideal,G,IF,61.0,56.0,946,4.48,4.5,2.74
0.3,Ideal,D,VS2,62.5,54.0,911,4.32,4.29,2.69
1.24,Very Good,H,VVS2,61.3,55.0,8438,6.94,6.96,4.26
0.33,Premium,G,VS1,62.0,59.0,854,4.42,4.36,2.72
0.61,Very Good,G,SI1,62.0,58.0,1659,5.43,5.48,3.38
0.73,Fair,I,VVS2,64.4,59.0,2351,5.65,5.62,3.63
0.53,Very Good,F,VS2,61.9,58.0,1631,5.17,5.2,3.21
0.9,Very Good,F,SI1,63.6,58.0,3679,6.1,6.13,3.89
0.72,Premium,D,SI1,63.0,57.0,2567,5.74,5.69,3.6
0.32,Ideal,G,VS1,61.8,55.0,559,4.42,4.45,2.74
0.7,Premium,E,VS2,60.8,58.0,2697,5.74,5.7,3.48
1.01,Good,E,VVS2,64.2,57.0,7293,6.3,6.34,4.06
0.31,Good,G,VS2,63.2,58.0,507,4.28,4.3,2.71
0.29,Very Good,E,VVS1,60.9,61.0,629,4.23,4.27,2.59
0.6,Premium,D,VS2,60.9,61.0,1808,5.43,5.4,3.3
0.58,Ideal,F,VVS1,61.7,55.0,3090,5.36,5.39,3.31
0.87,Premium,D,SI1,58.8,56.0,3742,6.3,6.26,3.69
1.0,Premium,H,SI1,62.3,60.0,4788,6.38,6.34,3.96
0.26,Very Good,E,VS2,62.8,58.0,601,4.0,4.06,2.53
1.01,Good,D,SI1,61.7,62.0,5443,6.3,6.34,3.9
1.0,Premium,H,SI2,59.1,62.0,3640,6.5,6.47,3.83
0.9,Good,H,SI1,59.0,62.0,3577,6.23,6.27,3.69
1.21,Good,E,SI1,63.6,58.0,6861,6.65,6.77,4.27
0.38,Ideal,F,VS2,62.8,57.0,1026,4.62,4.58,2.89
1.07,Ideal,E,VS2,60.0,56.0,7190,6.64,6.62,3.98
0.34,Ideal,E,VS2,62.1,55.0,956,4.49,4.47,2.78
1.02,Ideal,J,VS2,60.7,57.0,4397,6.5,6.54,3.96
0.55,Ideal,E,VS2,59.3,57.0,1767,5.43,5.39,3.21
1.71,Very Good,F,SI1,63.3,53.0,13152,7.54,7.59,4.79
0.35,Ideal,D,VS2,60.6,57.0,964,4.63,4.58,2.79
0.41,Ideal,E,VVS1,61.3,55.0,1431,4.8,4.76,2.93
1.12,Premium,H,SI1,61.6,59.0,5363,6.67,6.63,4.1
1.0,Good,I,VS2,62.6,59.0,4081,6.28,6.33,3.95
0.3,Premium,F,VS2,60.4,58.0,776,4.33,4.31,2.61
0.59,Very Good,E,VS2,61.7,60.0,1857,5.36,5.4,3.32
0.3,Premium,G,VVS2,62.0,60.0,684,4.25,4.33,2.66
0.31,Ideal,G,IF,61.6,55.0,891,4.37,4.39,2.7
1.51,Very Good,I,SI1,62.7,61.0,8637,7.27,7.33,4.58
1.05,Ideal,G,VVS1,60.7,55.0,8946,6.6,6.65,4.02
2.72,Ideal,J,SI2,62.1,56.0,17801,8.97,8.93,5.56
0.43,Premium,G,SI1,60.4,58.0,968,4.9,4.87,2.95
0.7,Very Good,G,SI1,62.1,58.0,2106,5.66,5.7,3.53
0.55,Very Good,E,VVS2,60.8,55.0,2238,5.26,5.33,3.22
0.86,Premium,F,SI2,59.3,62.0,2818,6.36,6.22,3.73
0.9,Very Good,H,VS1,63.0,62.0,4021,6.09,6.0,3.81
0.3,Good,G,VVS2,63.8,56.0,684,4.27,4.29,2.73
0.38,Very Good,D,VS1,58.2,58.0,995,4.77,4.81,2.79
1.72,Premium,H,SI1,61.4,59.0,12880,7.64,7.71,4.71
0.51,Premium,G,VS2,62.2,57.0,1546,5.15,5.1,3.19
0.7,Ideal,H,SI2,61.6,56.0,2326,5.77,5.72,3.53
0.72,Very Good,J,SI1,63.0,57.0,1966,5.69,5.74,3.6
2.0,Premium,I,SI2,60.7,61.0,13820,8.09,8.03,4.89
0.32,Premium,F,VS2,59.7,62.0,773,4.43,4.38,2.63
1.01,Premium,F,VS1,62.5,58.0,7602,6.42,6.37,4.0
1.51,Very Good,E,SI2,60.6,58.0,8916,7.41,7.43,4.5
1.02,Premium,H,VS2,62.4,58.0,5356,6.39,6.43,4.0
0.31,Premium,G,VS1,62.4,58.0,625,4.31,4.34,2.7
0.7,Ideal,I,VS2,62.2,55.0,2232,5.66,5.69,3.53
0.41,Premium,D,VVS1,62.2,58.0,1349,4.71,4.77,2.95
0.42,Ideal,H,VVS2,62.4,56.0,984,4.8,4.78,2.99
1.11,Premium,G,SI2,61.5,58.0,4755,6.67,6.6,4.08
1.01,Good,D,SI2,64.0,56.0,4234,6.25,6.29,4.01
1.53,Ideal,G,SI1,60.1,57.0,10947,7.46,7.57,4.52
0.59,Ideal,E,VS2,60.2,61.0,1941,5.43,5.47,3.28
0.31,Ideal,I,VVS1,61.2,55.6,536,4.33,4.38,2.67
1.02,Premium,H,SI2,62.7,59.0,4455,6.41,6.34,4.0
0.7,Good,G,VS1,60.6,61.0,2591,5.71,5.77,3.48
1.25,Premium,J,SI2,61.3,58.0,4018,6.98,6.95,4.27
2.0,Fair,I,VS1,66.3,54.0,12907,7.98,7.88,5.26
0.56,Very Good,H,SI1,63.2,57.0,1286,5.27,5.23,3.32
0.58,Ideal,G,VS1,62.0,57.0,1884,5.32,5.35,3.31
0.37,Ideal,G,VS2,60.3,56.0,682,4.67,4.7,2.83
1.02,Premium,E,SI2,62.9,56.0,4478,6.43,6.36,4.02
0.9,Good,F,SI1,64.3,57.0,3427,6.08,6.01,3.89
2.5,Ideal,I,VS2,61.9,57.0,16955,8.7,8.68,5.38
0.7,Very Good,I,VVS2,63.1,57.0,2398,5.63,5.68,3.57
0.36,Premium,E,VS2,61.3,60.0,1013,4.59,4.54,2.8
1.01,Premium,E,VS1,60.8,59.0,7964,6.46,6.42,3.92
0.28,Very Good,F,VVS1,61.5,56.0,707,4.24,4.27,2.61
1.04,Ideal,I,SI1,59.7,56.0,3669,6.6,6.54,3.92
2.08,Premium,I,SI1,60.3,59.0,15065,8.26,8.22,4.97
0.7,Very Good,G,VS2,60.6,60.0,2507,5.67,5.78,3.47
0.32,Good,D,SI1,63.8,56.0,756,4.35,4.33,2.77
0.9,Premium,F,SI1,59.9,59.0,4158,6.29,6.26,3.76
1.0,Good,H,SI1,57.9,54.0,4469,6.68,6.62,3.85
0.4,Ideal,G,IF,61.8,55.0,1229,4.76,4.79,2.95
0.31,Ideal,F,VS2,62.2,56.0,749,4.39,4.36,2.72
0.31,Ideal,F,VVS2,62.4,55.0,761,4.33,4.36,2.71
0.93,Good,D,SI2,61.4,63.0,4165,6.22,6.26,3.83
1.23,Premium,H,VS2,59.3,58.0,5979,7.0,6.94,4.13
0.56,Ideal,F,VS1,62.1,56.0,2097,5.32,5.28,3.29
0.32,Very Good,F,VS2,60.2,59.0,645,4.4,4.43,2.66
0.33,Ideal,H,VVS2,61.9,55.0,854,4.47,4.45,2.76
0.5,Ideal,F,SI1,61.0,56.0,1286,5.15,5.17,3.15
0.42,Premium,G,SI1,61.7,58.0,737,4.76,4.8,2.95
1.08,Ideal,D,VS1,61.1,56.0,9545,6.59,6.63,4.04
0.89,Ideal,F,VS2,61.5,55.0,4854,6.18,6.21,3.81
0.57,Ideal,E,VVS2,61.9,54.3,2615,5.31,5.33,3.29
0.74,Ideal,E,SI1,60.8,56.0,3497,5.85,5.89,3.57
0.71,Good,I,VVS2,63.7,56.0,2283,5.68,5.63,3.6
1.01,Good,E,SI1,63.8,60.0,4179,6.31,6.36,4.04
0.32,Ideal,D,VS2,61.5,56.0,972,4.42,4.39,2.71
0.7,Ideal,E,VS1,60.5,56.0,2973,5.74,5.79,3.49
0.36,Premium,F,SI1,61.1,60.0,616,4.62,4.57,2.81
0.55,Very Good,F,VS2,62.5,56.0,1625,5.23,5.27,3.28
0.31,Very Good,G,IF,61.6,54.0,891,4.4,4.43,2.72
0.5,Good,F,VS2,62.8,61.0,1447,4.94,5.0,3.12
0.57,Ideal,G,VS2,60.2,59.0,1642,5.38,5.42,3.25
0.42,Ideal,D,VVS1,61.8,56.0,1621,4.82,4.79,2.97
0.51,Premium,E,VS2,61.6,58.0,1567,5.18,5.15,3.18
1.02,Premium,G,SI1,61.3,58.0,4341,6.47,6.45,3.96
0.34,Ideal,E,VS1,62.2,57.0,698,4.46,4.51,2.79
1.2,Very Good,E,VVS1,61.3,60.0,13015,6.77,6.84,4.17
0.7,Premium,F,SI2,59.5,61.0,1662,5.78,5.68,3.41
0.34,Ideal,E,VS1,61.8,56.0,1033,4.51,4.47,2.78
2.01,Very Good,F,SI1,63.4,58.0,13275,8.03,7.96,5.07
0.38,Ideal,E,VS2,61.9,57.0,751,4.61,4.66,2.87
0.54,Ideal,G,VVS2,62.1,56.0,1985,5.19,5.22,3.23
1.28,Premium,J,SI2,62.3,58.0,4553,6.89,6.94,4.31
1.54,Very Good,I,VS2,62.0,58.0,8537,7.38,7.43,4.59
0.41,Very Good,D,VS2,61.7,54.0,939,4.77,4.82,2.96
0.57,Very Good,D,VS2,62.5,59.0,1748,5.28,5.32,3.31
2.01,Very Good,I,SI2,61.4,63.0,10009,8.19,7.96,4.96
0.9,Good,H,SI1,64.4,58.0,3465,6.04,6.08,3.9
0.53,Ideal,I,IF,62.1,55.0,1654,5.18,5.22,3.23
0.33,Premium,E,SI1,59.1,58.0,743,4.56,4.51,2.68
0.71,Very Good,F,VS1,61.2,57.0,3045,5.73,5.77,3.52
0.93,Good,F,SI2,59.4,61.0,3418,6.24,6.25,3.71
0.34,Very Good,E,VS1,62.3,53.0,784,4.47,4.52,2.8
0.71,Very Good,J,SI1,59.2,58.0,1932,5.86,5.9,3.48
0.9,Good,F,VS1,62.8,57.0,4770,6.04,6.1,3.81
1.0,Premium,G,SI1,62.7,59.0,5292,6.36,6.31,3.97
1.01,Very Good,I,SI1,63.3,54.0,4749,6.34,6.36,4.02
0.41,Ideal,F,VVS2,61.8,55.0,1044,4.77,4.81,2.96
1.23,Premium,F,SI2,61.2,58.0,6038,6.91,6.84,4.21
1.01,Good,H,SI2,64.1,56.0,3111,6.37,6.3,4.06
1.05,Very Good,J,SI2,63.2,56.0,2789,6.49,6.45,4.09
0.5,Premium,F,SI1,61.2,59.0,1063,5.13,5.1,3.13
0.37,Premium,D,VS1,60.2,60.0,1030,4.68,4.63,2.8
1.5,Premium,F,SI1,62.1,60.0,8770,7.32,7.27,4.53
0.38,Premium,G,VS1,61.9,56.0,1069,4.68,4.63,2.88
0.27,Ideal,E,VVS2,62.0,55.0,799,4.14,4.12,2.56
0.38,Ideal,F,IF,62.2,54.0,1229,4.68,4.71,2.92
0.9,Very Good,E,SI1,62.5,60.0,3748,6.09,6.13,3.82
1.04,Very Good,D,IF,61.3,56.0,18542,6.53,6.55,4.01
0.65,Very Good,G,SI1,62.0,58.0,1828,5.5,5.58,3.43
0.32,Good,F,VVS2,62.5,61.0,619,4.32,4.38,2.72
0.55,Ideal,E,VS2,62.0,55.0,1596,5.24,5.28,3.26
0.41,Premium,F,VVS2,60.6,58.0,1192,4.84,4.79,2.92
0.39,Ideal,D,VS1,60.3,56.0,1170,4.77,4.71,2.86
0.33,Premium,I,VVS2,61.5,58.0,579,4.43,4.45,2.73
0.3,Ideal,I,VS2,62.4,55.0,407,4.32,4.34,2.7
1.51,Very Good,H,VS1,61.5,54.0,10045,7.34,7.42,4.54
1.47,Very Good,H,SI1,62.9,58.0,8663,7.18,7.23,4.53
0.37,Very Good,E,VS1,63.5,59.0,784,4.55,4.59,2.9
0.67,Fair,F,SI1,56.0,67.0,1642,5.81,5.78,3.25
0.43,Ideal,E,VVS1,61.3,57.0,1433,4.84,4.88,2.98
0.8,Ideal,E,SI1,62.0,57.0,3297,5.97,5.94,3.69
0.4,Ideal,G,VS1,62.2,56.0,877,4.72,4.74,2.94
0.3,Very Good,I,SI1,62.2,57.0,394,4.25,4.27,2.65
1.04,Ideal,E,SI1,62.6,53.0,6260,6.49,6.52,4.07
1.72,Very Good,D,SI2,63.4,62.0,12360,7.59,7.53,4.79
0.9,Premium,I,VVS2,58.3,60.0,3931,6.32,6.28,3.67
0.31,Very Good,I,SI1,63.5,56.0,523,4.32,4.28,2.73
0.4,Very Good,H,VVS1,62.3,55.0,1139,4.73,4.77,2.95
0.51,Ideal,H,VS1,61.1,56.0,1438,5.11,5.16,3.14
0.23,Very Good,D,VVS2,62.5,58.0,530,3.92,3.95,2.46
0.45,Fair,E,VS2,65.8,58.0,951,4.81,4.74,3.14
0.3,Ideal,F,VVS2,61.8,57.0,694,4.28,4.33,2.66
1.02,Premium,E,VS2,60.3,60.0,6032,6.58,6.48,3.94
2.06,Ideal,I,SI2,63.3,54.0,14505,8.09,8.14,5.13
0.9,Good,E,SI2,61.6,61.0,3595,6.12,6.16,3.78
0.41,Ideal,E,VS1,60.5,58.0,997,4.81,4.85,2.92
0.32,Ideal,F,VVS2,62.1,56.0,741,4.4,4.46,2.75
0.32,Very Good,D,SI1,63.2,54.0,756,4.38,4.36,2.76
0.31,Premium,E,VS2,61.0,58.0,872,4.39,4.37,2.67
0.3,Good,H,SI1,63.7,56.0,540,4.22,4.2,2.68
1.54,Ideal,F,SI1,61.9,56.0,12195,7.44,7.38,4.59
0.36,Very Good,D,SI1,63.4,57.0,851,4.57,4.55,2.89
0.71,Ideal,G,SI1,61.1,57.0,2307,5.79,5.73,3.52
0.7,Ideal,E,VS2,61.7,55.0,3612,5.7,5.74,3.53
1.65,Premium,D,SI2,61.6,58.0,11712,7.59,7.55,4.66
0.3,Ideal,G,IF,61.3,55.0,863,4.33,4.35,2.66
0.74,Ideal,I,SI1,61.3,56.0,2769,5.82,5.86,3.57
0.75,Ideal,E,SI2,62.1,57.0,2278,5.81,5.85,3.62
0.71,Premium,D,SI1,60.7,58.0,2861,5.95,5.78,3.56
1.15,Premium,F,SI2,62.2,59.0,4437,6.7,6.62,4.14
1.01,Ideal,F,SI1,63.0,57.0,4559,6.39,6.34,4.01
1.5,Very Good,H,SI2,63.0,58.0,7888,7.2,7.25,4.55
1.0,Premium,G,VVS2,61.6,61.0,7762,6.38,6.35,3.92
0.31,Ideal,H,IF,62.0,56.0,772,4.36,4.39,2.71
0.42,Ideal,G,VS1,62.5,54.0,984,4.84,4.79,3.01
0.51,Premium,E,VS2,61.7,58.0,1656,5.12,5.15,3.17
0.38,Ideal,F,VVS1,61.9,54.0,1200,4.67,4.7,2.9
1.03,Premium,F,SI2,61.6,58.0,4586,6.46,6.43,3.97
0.77,Premium,H,SI1,60.9,60.0,2457,5.89,5.87,3.58
0.38,Ideal,E,VS1,62.1,56.0,1069,4.65,4.62,2.88
0.35,Ideal,E,VS1,61.3,55.0,945,4.58,4.55,2.8
1.23,Very Good,G,VVS1,61.2,55.8,11081,6.9,6.94,4.23
0.31,Good,F,VS2,64.2,59.0,744,4.3,4.23,2.74
1.01,Very Good,I,SI2,62.2,59.0,5000,6.36,6.41,3.97
0.92,Fair,E,SI1,65.6,57.0,3407,6.1,6.07,3.99
1.03,Ideal,D,SI2,60.7,55.0,4752,6.53,6.61,3.99
0.3,Premium,G,VVS1,60.5,59.0,1013,4.36,4.33,2.63
0.31,Ideal,E,VS2,61.6,57.0,872,4.38,4.35,2.69
1.3,Very Good,H,VS2,62.5,59.0,7092,6.93,6.96,4.34
0.34,Premium,G,VS2,61.2,59.0,765,4.49,4.43,2.73
0.75,Ideal,H,SI1,60.4,57.0,2801,5.93,5.96,3.59
0.35,Premium,G,VS1,61.7,61.0,906,4.52,4.49,2.78
0.33,Premium,G,VS1,61.4,59.0,854,4.49,4.43,2.74
0.41,Ideal,F,VVS1,61.8,57.0,1356,4.79,4.75,2.95
0.51,Very Good,H,VS2,61.4,55.8,1436,5.14,5.19,3.17
1.08,Very Good,F,SI2,63.1,59.0,3590,6.51,6.46,4.09
1.16,Ideal,G,SI2,61.5,54.0,5206,6.75,6.78,4.16
0.31,Fair,E,VS2,54.2,63.0,814,4.61,4.51,2.47
0.51,Premium,F,SI2,62.9,59.0,956,5.11,5.07,3.2
0.34,Very Good,G,SI2,62.8,58.0,447,4.43,4.46,2.79
0.57,Premium,J,VS1,60.6,59.0,1606,5.37,5.36,3.25
0.7,Premium,G,SI1,63.0,59.0,2150,5.64,5.6,3.54
0.31,Very Good,E,VS2,61.7,58.0,680,4.31,4.34,2.67
1.01,Very Good,G,VVS2,63.3,57.0,7885,6.31,6.36,4.01
0.7,Very Good,G,VS2,61.3,57.0,2433,5.66,5.7,3.48
0.5,Ideal,D,SI2,61.6,57.0,1239,5.1,5.13,3.15
0.71,Premium,I,VVS1,63.0,58.0,2572,5.67,5.6,3.55
1.05,Ideal,G,IF,62.5,56.0,9012,6.52,6.48,4.06
2.01,Premium,J,SI2,60.8,58.0,12048,8.19,8.13,4.96
1.0,Very Good,F,SI2,62.9,59.0,4037,6.27,6.38,3.98
0.51,Ideal,E,VS2,61.9,56.0,1781,5.16,5.12,3.18
1.01,Premium,G,VS2,62.5,60.0,5620,6.37,6.31,3.96
0.2,Premium,D,VS2,61.7,60.0,367,3.77,3.72,2.31
0.52,Ideal,G,SI2,59.7,56.0,1042,5.28,5.31,3.16
0.4,Ideal,G,SI1,62.0,55.0,692,4.72,4.76,2.94
1.51,Very Good,G,VVS2,62.7,57.0,14938,7.33,7.38,4.61
0.6,Ideal,H,VVS1,61.0,56.0,2568,5.44,5.47,3.33
0.7,Ideal,I,SI1,61.6,53.0,2110,5.73,5.76,3.54
0.3,Very Good,E,SI2,61.7,61.0,421,4.29,4.33,2.66
0.34,Premium,G,VVS2,61.6,58.0,775,4.44,4.49,2.75
0.4,Very Good,E,SI1,62.2,56.0,694,4.71,4.74,2.94
1.22,Premium,I,VS1,62.6,57.4,6763,6.76,6.8,4.24
0.3,Ideal,F,IF,61.4,57.0,886,4.34,4.36,2.67
1.54,Ideal,I,SI2,60.3,59.0,8092,7.43,7.46,4.49
2.02,Good,I,VS2,57.9,62.0,16789,8.25,8.3,4.79
0.71,Very Good,F,SI1,63.7,56.0,2370,5.63,5.67,3.6
0.42,Ideal,F,VVS2,62.1,55.0,1221,4.81,4.79,2.98
1.1,Good,H,SI2,57.6,61.0,3696,6.82,6.73,3.9
0.43,Ideal,F,SI1,61.6,57.0,792,4.8,4.85,2.97
0.43,Ideal,G,SI1,62.6,56.0,789,4.79,4.82,3.01
0.52,Ideal,J,SI1,62.0,54.0,930,5.15,5.18,3.2
0.5,Very Good,G,SI1,62.6,56.0,1197,5.06,5.1,3.18
0.57,Premium,D,VS2,61.7,60.0,1944,5.28,5.32,3.27
0.38,Good,E,IF,59.1,58.0,1318,4.74,4.77,2.81
0.31,Ideal,F,VS2,61.6,56.0,749,4.38,4.35,2.69
0.73,Good,E,SI1,63.6,57.0,2871,5.7,5.72,3.63
0.3,Ideal,J,IF,61.5,56.0,489,4.32,4.33,2.66
1.23,Premium,G,VS1,62.8,56.0,8381,6.86,6.81,4.29
0.32,Ideal,F,VS2,61.9,57.0,688,4.36,4.37,2.71
0.53,Premium,E,VS2,61.4,55.0,1727,5.24,5.21,3.21
0.7,Premium,E,SI1,62.5,61.0,2592,5.72,5.57,3.55
0.91,Premium,D,SI1,60.2,60.0,4429,6.25,6.3,3.78
0.9,Very Good,G,VVS1,63.3,58.0,4697,6.05,6.14,3.86
1.02,Ideal,G,SI2,61.4,54.0,4398,6.55,6.52,4.01
2.02,Ideal,H,SI1,62.0,56.0,17392,8.06,8.13,5.02
1.42,Very Good,E,SI1,61.1,62.0,9278,7.17,7.2,4.39
1.5,Premium,F,VS2,62.0,53.0,13506,7.37,7.33,4.56
1.18,Ideal,I,VVS1,59.7,54.0,6494,6.99,6.92,4.15
0.4,Ideal,E,VS2,62.0,57.0,975,4.7,4.66,2.9
0.79,Ideal,I,SI1,60.5,58.0,2539,5.97,5.99,3.62
0.25,Ideal,G,SI1,62.3,53.0,363,4.06,4.09,2.54
0.3,Very Good,D,SI1,63.0,58.0,552,4.24,4.27,2.68
1.5,Premium,H,VS2,62.4,59.0,11092,7.29,7.32,4.56
1.07,Ideal,J,SI1,62.4,56.0,4422,6.52,6.56,4.08
0.58,Fair,G,VS1,64.7,60.0,1701,5.23,5.28,3.41
0.61,Ideal,E,VS1,61.6,57.0,2161,5.42,5.45,3.35
1.02,Ideal,G,SI1,60.5,59.0,4882,6.55,6.51,3.95
0.31,Ideal,F,IF,61.7,56.0,901,4.34,4.38,2.69
0.41,Very Good,F,VVS1,63.3,55.0,1143,4.7,4.74,2.99
2.12,Ideal,I,SI1,62.2,57.0,12284,8.21,8.14,5.08
0.7,Very Good,F,SI2,56.9,62.0,2177,5.87,5.9,3.35
0.31,Ideal,I,SI1,62.1,54.0,436,4.37,4.39,2.72
0.34,Ideal,G,VVS1,62.1,55.0,956,4.49,4.46,2.78
0.7,Good,E,VS2,63.8,56.0,2314,5.58,5.61,3.57
0.31,Ideal,E,VS2,61.4,54.0,680,4.33,4.4,2.68
2.01,Fair,J,VS2,64.9,60.0,13744,7.82,7.78,5.06
0.69,Very Good,G,VVS2,63.8,53.7,2553,5.6,5.72,3.61
0.7,Very Good,I,VS1,62.7,58.0,2288,5.61,5.65,3.53
0.51,Ideal,E,VS2,61.5,58.0,1605,5.12,5.15,3.16
1.01,Good,E,SI1,63.2,59.0,4619,6.25,6.28,3.96
1.11,Ideal,G,VS1,62.1,57.0,7917,6.61,6.63,4.11
1.09,Premium,E,SI1,62.7,58.0,5237,6.6,6.55,4.12
0.52,Ideal,G,VS1,61.3,56.0,1694,5.2,5.17,3.18
1.2,Very Good,D,SI1,62.4,58.0,7646,6.75,6.78,4.23
0.38,Ideal,E,SI1,61.1,55.0,844,4.69,4.73,2.88
0.5,Premium,G,VS2,61.5,57.0,1415,5.12,5.09,3.14
2.01,Premium,J,SI1,61.7,60.0,9793,8.12,8.09,5.0
1.21,Premium,E,SI1,62.6,58.0,7334,6.82,6.79,4.26
2.13,Premium,G,SI2,60.7,60.0,16778,8.27,8.37,5.05
0.41,Premium,D,VVS2,62.5,58.0,1356,4.75,4.72,2.96
0.59,Ideal,D,VS1,60.9,56.0,2175,5.39,5.44,3.3
0.51,Premium,F,VS2,61.0,58.0,1687,5.17,5.1,3.13
1.5,Fair,J,SI1,64.9,58.0,6006,7.09,7.03,4.58
0.72,Very Good,G,SI2,61.9,59.0,2218,5.67,5.71,3.52
0.32,Ideal,E,VS1,62.3,54.0,825,4.37,4.4,2.73
0.7,Good,F,SI1,63.7,58.0,2242,5.62,5.65,3.59
1.32,Premium,I,SI2,58.4,60.0,5921,7.24,7.15,4.2
0.9,Premium,E,SI1,59.0,59.0,3508,6.34,6.3,3.73
0.3,Very Good,D,VS1,61.2,55.0,610,4.32,4.34,2.65
0.31,Good,G,IF,63.9,58.0,924,4.27,4.3,2.74
0.7,Very Good,F,VS2,61.4,57.0,2400,5.73,5.76,3.53
2.0,Good,D,VS2,63.7,60.0,17760,7.88,7.81,5.0
1.04,Premium,G,SI2,62.9,58.0,4277,6.47,6.43,4.06
1.03,Ideal,F,VS2,61.2,54.0,6922,6.56,6.51,4.0
0.31,Ideal,E,VVS2,61.6,55.0,791,4.37,4.4,2.7
0.84,Very Good,D,SI1,59.9,54.0,4205,6.2,6.23,3.72
0.31,Premium,F,VS2,59.7,58.0,802,4.48,4.43,2.66
0.7,Ideal,D,VVS2,60.9,59.0,3737,5.69,5.73,3.48
0.71,Fair,G,VS1,65.5,55.0,2686,5.62,5.53,3.65
1.38,Premium,G,VS1,62.4,58.0,10850,7.14,7.09,4.44
0.79,Premium,D,SI2,60.0,60.0,2853,6.07,6.03,3.63
1.03,Ideal,F,VS1,59.0,55.0,7613,6.62,6.67,3.92
1.04,Very Good,I,I1,61.6,61.0,2745,6.45,6.47,3.98
0.73,Ideal,G,IF,62.3,56.0,4142,5.72,5.78,3.58
0.34,Ideal,H,SI1,62.6,56.0,628,4.48,4.46,2.8
1.61,Premium,H,SI2,61.4,62.0,7745,7.54,7.48,4.62
0.41,Ideal,F,SI1,61.1,56.0,870,4.79,4.83,2.94
0.23,Good,E,VVS2,63.4,61.0,485,3.85,3.91,2.46
0.31,Premium,H,VVS1,61.8,58.0,907,4.34,4.3,2.67
0.33,Ideal,D,VS2,61.1,56.0,822,4.5,4.54,2.76
0.5,Good,F,SI1,62.5,60.0,1223,5.07,5.11,3.18
0.7,Premium,F,SI1,61.9,59.0,2423,5.71,5.69,3.53
1.5,Good,H,VS2,63.9,59.0,8165,7.25,7.18,4.61
0.71,Very Good,H,VVS1,62.7,59.0,2938,5.65,5.67,3.55
0.36,Premium,E,SI1,60.9,60.0,810,4.61,4.56,2.79
0.5,Good,F,SI2,57.7,62.0,984,5.22,5.18,3.0
0.3,Good,E,SI1,63.7,59.0,526,4.21,4.27,2.7
0.91,Ideal,G,VS1,62.1,57.0,5795,6.17,6.2,3.84
0.31,Ideal,G,IF,60.2,59.0,891,4.37,4.4,2.64
0.9,Ideal,I,VS2,62.0,53.0,4157,6.17,6.23,3.85
0.4,Ideal,J,SI1,61.4,55.0,612,4.75,4.8,2.93
0.27,Premium,F,IF,61.7,57.0,820,4.21,4.12,2.57
0.62,Premium,E,VVS1,61.9,59.0,3073,5.62,5.5,3.44
0.41,Ideal,G,IF,62.4,54.0,1431,4.78,4.74,2.97
0.7,Premium,F,SI1,61.6,60.0,2470,5.68,5.72,3.51
0.42,Premium,F,VVS2,61.7,59.0,1221,4.82,4.78,2.96
0.92,Ideal,H,SI2,58.5,57.0,2947,6.37,6.34,3.72
0.38,Ideal,E,VVS2,61.6,55.0,1176,4.66,4.63,2.86
0.33,Premium,I,SI1,61.4,58.0,572,4.5,4.46,2.75
0.53,Ideal,H,SI1,62.3,57.0,1197,5.2,5.24,3.25
0.46,Ideal,F,IF,62.0,55.0,1950,4.96,4.98,3.08
1.01,Fair,H,SI2,64.5,54.0,3167,6.26,6.15,4.0
0.77,Ideal,I,VS1,61.4,56.0,2635,5.86,5.9,3.61
0.56,Very Good,G,SI1,61.1,56.0,1408,5.32,5.34,3.26
0.9,Fair,E,VS2,65.2,61.0,3875,6.01,5.98,3.91
0.4,Very Good,F,VVS1,61.9,59.0,1111,4.71,4.75,2.93
1.71,Premium,D,SI2,60.6,60.0,13325,7.76,7.69,4.68
1.09,Ideal,E,SI1,61.1,55.0,6043,6.7,6.66,4.08
0.57,Ideal,I,SI1,62.5,55.0,1173,5.28,5.32,3.31
0.75,Good,E,SI1,63.4,57.0,2674,5.75,5.77,3.65
0.33,Ideal,I,SI1,63.0,57.0,557,4.39,4.37,2.76
0.3,Ideal,H,VVS2,60.4,56.0,776,4.36,4.32,2.62
0.91,Fair,E,SI2,64.5,60.0,3119,6.04,5.96,3.87
1.08,Premium,F,SI2,59.9,58.0,3931,6.75,6.66,4.01
0.84,Very Good,J,VS1,61.9,58.0,2544,6.03,6.05,3.74
1.08,Ideal,G,VS2,62.1,57.0,5559,6.54,6.57,4.07
0.44,Ideal,G,SI1,62.7,57.0,990,4.85,4.82,3.03
0.59,Very Good,E,VVS2,61.7,59.0,2494,5.37,5.36,3.31
0.9,Very Good,J,VS2,61.9,59.0,3119,6.14,6.2,3.82
0.36,Ideal,D,VVS2,61.9,53.0,957,4.57,4.6,2.84
0.31,Ideal,J,VVS2,62.2,54.0,453,4.36,4.39,2.72
0.33,Ideal,J,VS1,62.1,55.0,557,4.44,4.41,2.75
1.2,Ideal,E,VVS1,61.8,56.0,16256,6.78,6.87,4.22
1.28,Very Good,G,VVS1,60.3,59.0,11214,6.99,7.03,4.23
2.12,Premium,H,SI2,62.3,58.0,12693,8.25,8.16,5.12
1.52,Premium,H,SI1,61.2,58.0,8566,7.53,7.43,4.57
